battery_id,cycle_idx,cycle_type,ambient_temp,capacity,voltage_mean,current_mean,temp_mean,risk_score,proxy_label,isoforest_score,isoforest_pred
B0029,0,impedance,43,,,,,0.27915632115821,0,-0.09927063593196006,0
B0029,1,discharge,43,1.697507332205763,3.365186047785184,-3.975396217019724,51.631545591665024,0.2294969523461152,0,0.14370879537471848,1
B0029,2,charge,43,,4.102901683889376,0.7372652061239171,45.36087852627897,1.2984156984818342,1,0.02272440051495339,1
B0029,3,discharge,43,1.844701206961174,3.390592899446488,-3.934248552605796,52.84944288631656,0.3060981279824126,0,0.1427524727053272,1
B0029,4,charge,43,,4.1038270308012,0.7425280721104582,45.53920281169334,1.3076431690712662,1,0.017506483768722436,1
B0029,5,discharge,43,1.8254376674722927,3.3944582472061784,-3.9332952670181975,52.905865867266,0.3112556219308888,0,0.1427524727053272,1
B0029,6,charge,43,,4.104961501167066,0.7369743908354791,45.55779558885163,1.3081922883500514,1,0.01708490755471148,1
B0029,7,discharge,43,1.815750429913437,3.394696317253661,-3.932113456162452,52.90438507577814,0.3115627720587038,0,0.1427524727053272,1
B0029,8,charge,43,,4.105825838467956,0.7380346740161271,45.57807046295798,1.3098275194921385,1,0.01687719995366943,1
B0029,9,discharge,43,1.8132993337127028,3.398579443319999,-3.931581069158435,52.87534956891003,0.3129825938461584,0,0.1427524727053272,1
B0029,10,impedance,43,,,,,0.27915632115821,0,-0.09927063593196006,0
B0029,11,charge,43,,4.113212101208626,0.7238414211094146,44.916270179735584,1.2837118437619344,1,0.01833146081966197,1
B0029,12,impedance,43,,,,,0.27915632115821,0,-0.09927063593196006,0
B0029,13,discharge,43,1.8151647619660576,3.3970260675114696,-3.976472905870513,52.762650424805656,0.2990136780994781,0,0.1427524727053272,1
B0029,14,charge,43,,4.102886129769589,0.7511176374019539,45.57782694078912,1.310229275647107,1,0.017899225442484124,1
B0029,15,discharge,43,1.8143317955190057,3.40174477993498,-3.953172457226365,52.78843384352056,0.3074492650869136,0,0.14227528560360714,1
B0029,16,charge,43,,4.105986540290899,0.7404270824035933,45.56785383200995,1.3099262163576808,1,0.01687719995366943,1
B0029,17,discharge,43,1.801343601809866,3.400790257856999,-3.952037378872224,52.7841972696045,0.3068396272815488,0,0.1425138387971847,1
B0029,18,charge,43,,4.106800406779678,0.7404221177248558,45.57875486757729,1.3109329713621969,1,0.01767954541572192,1
B0029,19,discharge,43,1.7881558802945825,3.4030834056443755,-3.951642628329456,52.751738383515125,0.3070343664127221,0,0.14227528560360714,1
B0029,20,charge,43,,4.108391633344772,0.7348969059532695,45.57013170637963,1.310619839087616,1,0.013518589717645635,1
B0029,21,discharge,43,1.7760714604539518,3.4052467951556413,-3.951481216048893,52.7506031720156,0.3084475719443391,0,0.14227528560360714,1
B0029,22,impedance,43,,,,,0.27915632115821,0,-0.09927063593196006,0
B0029,23,charge,43,,4.116560234869227,0.7130992137288545,44.93999659273173,1.2850121643918468,1,0.009494577314376973,1
B0029,24,impedance,43,,,,,0.27915632115821,0,-0.09927063593196006,0
B0029,25,discharge,43,1.7852807447597443,3.3969592538295337,-3.974136073511708,52.76187024768883,0.2993572987746905,0,0.14299118735534444,1
B0029,26,charge,43,,4.105306603360449,0.7513943842433486,45.63707979173866,1.3144294165357069,1,0.022223445625496385,1
B0029,27,discharge,43,1.7698116401111978,3.3978270130572263,-3.94933484428352,52.810328108304326,0.3064875843178979,0,0.1427524727053272,1
B0029,28,charge,43,,4.107824267334824,0.7428525447951905,45.61684679814302,1.3136868342304324,1,0.018920771340770304,1
B0029,29,discharge,43,1.7565231680521758,3.397654722992532,-3.948773942479504,52.803620504971605,0.306186284680214,0,0.1427524727053272,1
B0029,30,charge,43,,4.1099300320874,0.7337213185783189,45.61720052406039,1.3134500957387982,1,0.015348880359331019,1
B0029,31,discharge,43,1.7543413277348154,3.400358560849027,-3.9481894541359295,52.77428656847636,0.3068215858813289,0,0.1427524727053272,1
B0029,32,charge,43,,4.110918559659409,0.7282980995531347,45.622926450398,1.3133729798832254,1,0.013333552207076771,1
B0029,33,discharge,43,1.7392875506998715,3.3951054015762527,-3.946655613412357,52.80429201579515,0.3049086442643227,0,0.1427524727053272,1
B0029,34,impedance,43,,,,,0.27915632115821,0,-0.09927063593196006,0
B0029,35,charge,43,,4.118021412532278,0.7158858288716959,44.97714307463395,1.2880792707238935,1,0.009012875782521634,1
B0029,36,impedance,43,,,,,0.27915632115821,0,-0.09927063593196006,0
B0029,37,discharge,43,1.7797845109331345,3.3952154633066987,-3.97371791832226,52.721179096315566,0.2965285646453198,0,0.1427524727053272,1
B0029,38,charge,43,,4.104991302254689,0.7516554343022979,45.58325856738573,1.3119540809736818,1,0.018263073629456894,1
B0029,39,discharge,43,1.7657088508465202,3.400939370892573,-3.924297634283963,52.76566676387698,0.3111442581471695,0,0.1427524727053272,1
B0029,40,charge,43,,4.109604563345088,0.7344343743620396,45.5548467767553,1.3106827561965606,1,0.01348966997080736,1
B0029,41,discharge,43,1.7523941408724169,3.399096693075885,-3.922569043688066,52.80160858510679,0.3117805121986866,0,0.1425138387971847,1
B0029,42,charge,43,,4.1113560744275,0.7277073445502535,45.58635894664188,1.3119843273305436,1,0.009347868369144585,1
B0029,43,discharge,43,1.7380191225603105,3.4005060708668395,-3.9219324486852223,52.76338281760698,0.3111856124216405,0,0.14203681309729388,1
B0029,44,charge,43,,4.113411238471684,0.7187625697144366,45.56935719808159,1.3110016498200716,1,0.003277232179093148,1
B0029,45,discharge,43,1.7312214443143976,3.397536794846482,-3.920549166756126,52.793663259837146,0.3107700444703971,0,0.14179842125095377,1
B0029,46,impedance,43,,,,,0.27915632115821,0,-0.09927063593196006,0
B0029,47,charge,43,,4.120503428536064,0.7092877492254519,44.96374570172178,1.2879574419419024,1,0.0053647543499074635,1
B0029,48,impedance,43,,,,,0.27915632115821,0,-0.09927063593196006,0
B0029,49,discharge,43,1.7379128985265808,3.391570729569499,-3.9453058787745454,52.75741582344694,0.3007958641605996,0,0.1425138387971847,1
B0029,50,charge,43,,4.111406551798423,0.7336113125268922,45.62984563611478,1.3149517802668658,1,0.013918527214232368,1
B0029,51,discharge,43,1.7224270683625882,3.400600899974316,-3.895864092268878,52.86655414742575,0.3203843931980455,0,0.1415601100373044,1
B0029,52,charge,43,,4.114347368116183,0.7215015377577544,45.60412656598012,1.3136102209321376,1,0.004571506319697494,1
B0029,53,discharge,43,1.7184213765608034,3.3937647508109445,-3.917907927315892,52.88238533970063,0.3125618155637216,0,0.14179842125095377,1
B0029,54,charge,43,,4.115355140541574,0.7159315383094762,45.65438556637992,1.3154336946432268,1,0.005607812885652597,1
B0029,55,discharge,43,1.7010220930648232,3.399091640529144,-3.89292863950299,52.89174684629843,0.3209970565046551,0,0.14179842125095377,1
B0029,56,charge,43,,4.116957135781844,0.710902399406207,45.60709764874769,1.3135550986169229,1,-0.004408397339481063,0
B0029,57,discharge,43,1.693698739563104,3.396460061958035,-3.891007378210508,52.86276331800625,0.3183546352664026,0,0.14179842125095377,1
B0029,58,impedance,43,,,,,0.27915632115821,0,-0.09927063593196006,0
B0029,59,charge,43,,4.123245740059473,0.7028093239203775,44.997450409079455,1.2900543392415496,1,0.005668998968244576,1
B0029,60,impedance,43,,,,,0.27915632115821,0,-0.09927063593196006,0
B0029,61,discharge,43,1.713072721286705,3.395334905512553,-3.8931180785218142,52.85514927949408,0.3169014700173297,0,0.1415601100373044,1
B0029,62,charge,43,,4.114821295528548,0.7188690173900365,45.57881644103388,1.3123613988435008,1,0.002455053793788964,1
B0029,63,discharge,43,1.6976972688567131,3.397203474478597,-3.890666120253868,52.84555100149494,0.3181686724486884,0,0.1415601100373044,1
B0029,64,charge,43,,4.116639164837817,0.7157982707013967,45.58701120901211,1.313363945548696,1,-0.001793040822437586,0
B0029,65,discharge,43,1.6899314034061208,3.389787970407681,-3.8880091290817527,52.82153486606997,0.3127038808724552,0,0.14108372939899638,1
B0029,66,charge,43,,4.119221779624918,0.7057357708063958,45.58109475087991,1.3130055705430943,1,-0.008463326561623519,0
B0029,67,discharge,43,1.685023551367069,3.3967598380460484,-3.888014166745048,52.81580315824478,0.3170743230250427,0,0.1415601100373044,1
B0029,68,charge,43,,4.119817225652078,0.7026777233334727,45.56457489362503,1.3121383589589333,1,-0.009242133350527926,0
B0029,69,discharge,43,1.678389965463405,3.3957223246260377,-3.886820317431477,52.80521928839473,0.3161474684575126,0,0.14179842125095377,1
B0029,70,impedance,43,,,,,0.27915632115821,0,-0.09927063593196006,0
B0029,71,charge,43,,4.126122167724018,0.6895224388113059,44.95180581230516,1.2876013346853026,1,0.0025016835288891315,1
B0029,72,impedance,43,,,,,0.27915632115821,0,-0.09927063593196006,0
B0029,73,discharge,43,1.6737947494868326,3.389225842853488,-3.88571106427998,52.80312343851032,0.311954542652293,0,0.14060767096429738,1
B0029,74,charge,43,,4.119612697919649,0.7053492668177826,45.57349969867257,1.3128683075719645,1,-0.009864785818755828,0
B0029,75,discharge,43,1.6687898927884715,3.394032115379612,-3.85843433412322,52.85759471288148,0.3223983687802583,0,0.13981645620165328,1
B0029,76,charge,43,,4.12183967184058,0.6954687331215178,45.55248315349404,1.3116580956906296,1,-0.01105406518501073,0
B0029,77,discharge,43,1.6492566306631427,3.3906922693966584,-3.856564366610415,52.85638451770691,0.3204714579091721,0,0.1395788153598212,1
B0029,78,charge,43,,4.122647700413263,0.6930237878219292,45.55562803371029,1.3118875634865894,1,-0.010482821012806065,0
B0029,79,discharge,43,1.6409676757039668,3.3912179554575785,-3.85547414018331,52.882092513244274,0.3221213369653669,0,0.1395788153598212,1
B0029,80,charge,43,,4.122733771813255,0.6968612534474586,45.57176892732997,1.3133304357541773,1,-0.010493853233765282,0
B0029,81,discharge,43,1.6456360229757092,3.3923453388185667,-3.8555734475773074,52.87120880021078,0.3223822870666654,0,0.13981645620165328,1
B0029,82,impedance,43,,,,,0.27915632115821,0,-0.09927063593196006,0
B0029,83,charge,43,,4.130509500878761,0.6693444267930596,44.95076749241375,1.2868238139517587,1,0.0077197321230687566,1
B0029,84,impedance,43,,,,,0.27915632115821,0,-0.09927063593196006,0
B0029,85,discharge,43,1.654547743574037,3.3840832974347714,-3.854823111014098,52.8949932373189,0.3180677364260873,0,0.13962809364701478,1
B0029,86,charge,43,,4.122370987150038,0.696502503221093,45.56737739092279,1.3128366786545542,1,-0.011026377166768131,0
B0029,87,discharge,43,1.6461201520877546,3.3935243600466607,-3.8279463752523526,52.90577737967025,0.3296312806998197,0,0.13834262473343317,1
B0029,88,charge,43,,4.124259245181822,0.6887541328616761,45.51987216979544,1.3106479738638386,1,-0.009971354643911634,0
B0029,89,discharge,43,1.6275119188151763,3.388551594762018,-3.851886221713202,52.85049305569667,0.3196439843943945,0,0.1369209733075767,1
B0029,90,charge,43,,4.124760433087007,0.6864896264500506,45.57622523164018,1.312993971969345,1,-0.010422338902952633,0
B0029,91,discharge,43,1.6200530533464497,3.3876827466759964,-3.8509488961783584,52.93318563948955,0.3227921938220525,0,0.13668431182213137,1
B0029,92,charge,43,,4.124840137857815,0.6892080560940375,45.594916885086285,1.314340474626872,1,-0.011552107332895356,0
B0029,93,discharge,43,1.612079811711934,3.3850191492367943,-3.849366331322892,52.91920185424772,0.320712270289859,0,0.13744366156316645,1
B0029,94,impedance,43,,,,,0.27915632115821,0,-0.09927063593196006,0
B0029,95,charge,43,,4.132537826716276,0.6663758920954278,44.972012695570896,1.288545176459538,1,0.009453762636734364,1
B0029,96,impedance,43,,,,,0.27915632115821,0,-0.09927063593196006,0
B0038,0,discharge,24,0.8980573709676724,2.883239659655731,-3.952127452371893,38.8265055747093,-0.6359598982552427,0,0.12237635580471884,1
B0038,1,impedance,24,,,,,0.27915632115821,0,-0.09927063593196006,0
B0038,2,charge,24,,4.181407105037922,0.4886214895042722,26.36053868420448,0.4888193924248722,0,-0.13300381441123277,0
B0038,3,impedance,24,,,,,0.27915632115821,0,-0.09927063593196006,0
B0038,4,discharge,24,1.1026236331914077,3.1713316750997853,-2.99722690705762,40.49651673815248,-0.2011566206881911,0,0.07356924407760757,1
B0038,5,charge,24,,4.183661719170653,0.4219873251068237,26.808856282085628,0.4975678077717584,1,-0.10921137880525983,0
B0038,6,discharge,24,1.0885801879473431,3.180373261287265,-2.957884019744667,40.3082686076966,-0.1961652539228156,0,0.07393611581084769,1
B0038,7,charge,24,,4.184387593046026,0.4119706004568911,26.790278260831307,0.49544362295644,1,-0.10666701710898313,0
B0038,8,discharge,24,1.0613249847591086,3.2014600077361552,-2.890891500138237,39.93347404849829,-0.1862286823045046,0,0.0683036974855391,1
B0038,9,charge,24,,4.185042066808101,0.3992369670044032,26.72939269281625,0.4909635501418378,1,-0.10197067516812947,0
B0038,10,discharge,24,1.0347062057983545,3.2011146598082543,-2.875691989787786,39.949996492029705,-0.1830061885496701,0,0.0683036974855391,1
B0038,11,charge,24,,4.1858482047904415,0.3949472059054836,26.67822520058874,0.4885243938386623,0,-0.10096280966936733,0
B0038,12,discharge,24,1.0269978594353013,3.192805696957516,-2.899456239004,40.03056196708513,-0.1893318288994058,0,0.07072594096614371,1
B0038,13,impedance,24,,,,,0.27915632115821,0,-0.09927063593196006,0
B0038,14,charge,24,,4.187587965583744,0.3901449432656328,26.214741270217427,0.4688872282408405,0,-0.10515914411099608,0
B0038,15,impedance,24,,,,,0.27915632115821,0,-0.09927063593196006,0
B0038,16,discharge,24,1.0785019710989419,3.056138016052641,-3.65723892716497,39.44913263410249,-0.4414997433103582,0,0.10947305878662184,1
B0038,17,impedance,24,,,,,0.27915632115821,0,-0.09927063593196006,0
B0038,18,charge,24,,4.186148041413778,0.4046655289494165,26.236576850111263,0.4714907008931957,0,-0.11084573285811516,0
B0038,19,impedance,24,,,,,0.27915632115821,0,-0.09927063593196006,0
B0038,20,discharge,24,1.0638897478802845,3.181450544509047,-2.9674515029911404,40.0585677462874,-0.2079107911317042,0,0.0735054731670084,1
B0038,21,charge,24,,4.18528143035567,0.395560563857304,26.728562493822636,0.4904234212672739,1,-0.10080481227619631,0
B0038,22,discharge,24,1.0366551223324423,3.192741049083457,-2.9319888511060146,39.9160708614622,-0.2001629414766428,0,0.07111022797759226,1
B0038,23,charge,24,,4.185772495442705,0.3902309815544663,26.72369833872685,0.4895784743011686,1,-0.0979703079364197,0
B0038,24,discharge,24,1.030941327482094,3.167665290347624,-2.994495446145827,40.27645391572808,-0.2125521206998988,0,0.07372075806806344,1
B0038,25,charge,24,,4.185592604725375,0.3926438609389582,26.76988663666733,0.4918799149944728,1,-0.0979703079364197,0
B0038,26,discharge,24,1.0140084541034655,3.1781927267469925,-2.9580193436340854,40.1754669430076,-0.2033425626251385,0,0.0735054731670084,1
B0038,27,charge,24,,4.1863234607559,0.3870599356401212,26.75711161780999,0.4908078651892401,1,-0.0981275207478845,0
B0038,28,discharge,24,1.008516095994519,3.1613474600189155,-3.001260117107958,40.41336717515726,-0.2120711683078083,0,0.07643404887246019,1
B0038,29,impedance,24,,,,,0.27915632115821,0,-0.09927063593196006,0
B0038,30,charge,24,,4.188288351578324,0.3871321757809862,26.26207841342003,0.4708426647319642,0,-0.10443611858368523,0
B0038,31,impedance,24,,,,,0.27915632115821,0,-0.09927063593196006,0
B0038,32,discharge,44,1.7419245088095903,3.608926624109929,-1.0022813853258807,44.29688064198706,0.6117999064935574,1,0.04731971834170734,1
B0038,33,impedance,24,,,,,0.27915632115821,0,-0.09927063593196006,0
B0038,34,charge,44,,4.139908776500431,0.7201549948933561,45.79316771305216,1.33842387643233,1,0.02021279941907239,1
B0038,35,impedance,24,,,,,0.27915632115821,0,-0.09927063593196006,0
B0038,36,discharge,44,1.779741859708433,3.6118191487524745,-0.985523491989515,47.195451017988766,0.741336601270234,1,0.06639510381934088,1
B0038,37,charge,44,,4.135365382635839,0.7279489650418104,45.95148358880298,1.3436255471116985,1,0.02057843719897967,1
B0038,38,discharge,44,1.7815666306452766,3.614149636005495,-0.9870171236405828,47.146072926598166,0.7404882376113581,1,0.0657443432858652,1
B0038,39,charge,44,,4.137791313962853,0.7026162263418451,45.90485020683101,1.3386593775141604,1,0.011077577916437154,1
B0038,40,discharge,44,1.7834859577156017,3.6144683724527336,-0.9884125593394552,47.127641701987,0.7396554138442943,1,0.06591289245784415,1
B0038,41,charge,44,,4.136195134365545,0.7245979813058766,45.90459492897931,1.3415552560110913,1,0.018896927061429425,1
B0038,42,discharge,44,1.7864411650415675,3.616588343572285,-0.9883512949484964,47.09918641441624,0.7398474123744043,1,0.06544359955982926,1
B0038,43,charge,44,,4.1364711955036135,0.7208357048125326,45.89186321816499,1.3405123453867138,1,0.017712828594946495,1
B0038,44,discharge,44,1.7859997608067948,3.6160610851845383,-0.9884509077751612,47.133209565495285,0.7409427549967469,1,0.06591289245784415,1
B0038,45,impedance,24,,,,,0.27915632115821,0,-0.09927063593196006,0
B0038,46,charge,44,,4.139772350699862,0.720141370521044,45.82571018234271,1.3397299400977,1,0.02021279941907239,1
B0038,47,impedance,24,,,,,0.27915632115821,0,-0.09927063593196006,0
B0038,48,discharge,44,1.7769523773001608,3.6257089708628913,-1.003966417823918,47.15436113022586,0.7454441701196798,1,0.06804445622004851,1
B0038,49,impedance,24,,,,,0.27915632115821,0,-0.09927063593196006,0
B0038,50,charge,44,,4.139663866377971,0.718476216928202,45.89670540261019,1.3424096250658113,1,0.018854965934857026,1
B0038,51,impedance,24,,,,,0.27915632115821,0,-0.09927063593196006,0
B0038,52,discharge,44,1.781428917321899,3.613285312724596,-0.9879674131883376,47.16342394557887,0.7404902496518031,1,0.06591289245784415,1
B0038,53,charge,44,,4.136292778494459,0.7266954423379303,45.98616942679065,1.345504760093491,1,0.020839234120755945,1
B0038,54,discharge,44,1.7859452772697197,3.615119723068454,-0.9878892583593684,47.14213994735863,0.7408044235042277,1,0.06591289245784415,1
B0038,55,charge,44,,4.1368600023662045,0.7208355494485561,45.90325806173722,1.3412596613508536,1,0.017712828594946495,1
B0038,56,discharge,44,1.785208429691551,3.615836568872989,-0.9878187430421664,47.07812277465954,0.7385400723377501,1,0.06565615672284453,1
B0038,57,charge,44,,4.136756235148596,0.7192973687862264,45.90528085075567,1.3410004979399748,1,0.016620861746924676,1
B0038,58,discharge,44,1.783596609584544,3.615503145763946,-0.9877368963424068,47.07326100880018,0.7381250038037064,1,0.06565615672284453,1
B0038,59,charge,44,,4.136239268239935,0.7214356094819906,45.86029364675825,1.3391098550445737,1,0.01751648758872426,1
B0038,60,discharge,44,1.7796783152744713,3.6139392243174577,-0.989295381650384,47.08146790123274,0.7371608943524047,1,0.06523111429128636,1
B0038,61,impedance,24,,,,,0.27915632115821,0,-0.09927063593196006,0
B0038,62,charge,44,,4.140696504991192,0.7153374695631527,45.78199878768661,1.337596743624755,1,0.019063382234651982,1
B0038,63,impedance,24,,,,,0.27915632115821,0,-0.09927063593196006,0
B0038,64,discharge,44,1.7841102592788645,3.61791112455575,-0.9906537351245918,47.087615537529175,0.7398109429186378,1,0.06497465697346905,1
B0038,65,charge,44,,4.137389315215477,0.7146997928411762,45.87499890482748,1.3392890017345782,1,0.0167237020257196,1
B0038,66,discharge,44,1.7833032331592193,3.615792342161085,-0.989093271752985,47.09422579980021,0.738973147747905,1,0.06565615672284453,1
B0038,67,charge,44,,4.137034916133498,0.7163176966586062,45.883884759455896,1.3397280031609409,1,0.015940073922328435,1
B0038,68,discharge,44,1.7796186141356956,3.615154082059872,-0.9890153352338132,47.08318511534191,0.7380898599258842,1,0.06544359955982926,1
B0038,69,charge,44,,4.137513616568915,0.7155094657502072,45.90431980331498,1.3407777402497931,1,0.016919774792641173,1
B0038,70,discharge,44,1.7816592334352586,3.616195897791123,-0.988880336257258,47.06402084308688,0.7379804380812237,1,0.06544359955982926,1
B0038,71,charge,44,,4.137324750109035,0.710427758005724,45.896390103058216,1.3393953723145429,1,0.013394681374258921,1
B0038,72,discharge,44,1.7775911304124035,3.613550650827938,-0.9888372175373163,47.07142767555465,0.736554557641572,1,0.06523111429128636,1
B0038,73,impedance,24,,,,,0.27915632115821,0,-0.09927063593196006,0
B0038,74,charge,44,,4.140732205634498,0.708668973398405,45.83138970126793,1.338540964463622,1,0.01602895012303518,1
B0038,75,impedance,24,,,,,0.27915632115821,0,-0.09927063593196006,0
B0038,76,discharge,44,1.777701881971679,3.615401963428833,-0.990311695204241,47.094941474493815,0.738525625679556,1,0.0651870554695797,1
B0038,77,charge,44,,4.140142086651389,0.6757378345559762,45.87445302229694,1.3340626275030525,1,0.008176423115637821,1
B0038,78,discharge,44,1.7789547618270618,3.612528735484352,-0.9886847879265132,47.0995133510692,0.7371124916915888,1,0.06562462058086127,1
B0038,79,charge,44,,4.138990863189779,0.7030562908662259,45.890271865870346,1.3389065746424071,1,0.012698111263742096,1
B0038,80,discharge,44,1.7807753731135043,3.6160020417093457,-0.9902725483840612,47.07452189489319,0.7380523777081438,1,0.0651870554695797,1
B0038,81,charge,44,,4.138816437400737,0.7026996543336911,45.871546915499096,1.3379218154611126,1,0.011160131825024733,1
B0038,82,discharge,44,1.778415319026661,3.614593015604058,-0.99028074692211,47.12153419194554,0.7391385322933204,1,0.06544359955982915,1
B0038,83,charge,44,,4.1388720562314605,0.7055923260254973,45.97653718098806,1.3429934457139427,1,0.012428337822277702,1
B0038,84,discharge,44,1.7789773899108463,3.616664144234103,-0.9919115001416684,47.15829653400459,0.7417965170663411,1,0.06586878580465771,1
B0038,85,impedance,24,,,,,0.27915632115821,0,-0.09927063593196006,0
B0038,86,charge,44,,4.14226115121011,0.6961885517644726,45.92010781756564,1.3411166609111187,1,0.012304180190627068,1
B0038,87,impedance,24,,,,,0.27915632115821,0,-0.09927063593196006,0
B0038,88,discharge,44,1.7792479347236045,3.616763225911199,-0.9933993302020114,47.161612217353984,0.7417363649585738,1,0.06582468224585991,1
B0038,89,charge,44,,4.138964022162454,0.7022639165215807,45.96938264340977,1.342146584932316,1,0.011257364784589274,1
B0038,90,discharge,44,1.7779204573685081,3.6149940792944446,-0.9915864068538186,47.155567707969865,0.7406316922338131,1,0.06586878580465771,1
B0038,91,charge,44,,4.139165106585668,0.7024986236389499,45.95456830366548,1.341685282803125,1,0.01272699128616639,1
B0038,92,discharge,44,1.779227040224144,3.6159145027179576,-0.99155669196471,47.13225621283967,0.7402446074728288,1,0.06608148682960269,1
B0038,93,charge,44,,4.139473440330248,0.697133972116137,45.93472968600179,1.3400692847931126,1,0.01038619635210547,1
B0038,94,discharge,44,1.7760634320079352,3.614661054786224,-0.9916693008676862,47.13346886842004,0.7394462211362549,1,0.06586878580465771,1
B0038,95,charge,44,,4.140586484488591,0.6782011716617194,45.95776665518423,1.3383825388583594,1,0.007853381610132604,1
B0038,96,discharge,44,1.775103937963957,3.615082794707676,-0.9899169847459928,47.17638554289952,0.7418863877087578,1,0.06612560840629222,1
B0038,97,impedance,24,,,,,0.27915632115821,0,-0.09927063593196006,0
B0038,98,charge,44,,4.1439466967227965,0.6824464579477937,45.95119923890631,1.3410913978855477,1,0.009874140547628918,1
B0038,99,impedance,24,,,,,0.27915632115821,0,-0.09927063593196006,0
B0038,100,discharge,44,1.733064100138742,3.438902336521698,-1.998396970742944,50.154407994251926,0.57134603396179,1,0.046064602176514424,1
B0038,101,impedance,24,,,,,0.27915632115821,0,-0.09927063593196006,0
B0038,102,charge,44,,4.144537845055533,0.7059889554149966,45.87279666049269,1.3423582189113086,1,0.018628324243922467,1
B0038,103,impedance,24,,,,,0.27915632115821,0,-0.09927063593196006,0
B0038,104,discharge,44,1.7394892806215223,3.437169559941295,-1.9984033983725649,50.1979427615177,0.5720685893631006,1,0.047547751281192374,1
B0038,105,charge,44,,4.140271593842142,0.7076020676077182,46.20680314886696,1.3541811225343796,1,0.020853113494686548,1
B0038,106,discharge,44,1.7378064360392924,3.4370308930893247,-1.99868797664225,50.18895736512512,0.5715391767503322,1,0.047547751281192374,1
B0038,107,charge,44,,4.140936969797693,0.7037540327665953,46.20530835738669,1.3538636385833869,1,0.01931776599904833,1
B0038,108,discharge,44,1.730028145799833,3.437230626486004,-1.9982781324264292,50.178407502665095,0.5712918771387838,1,0.047547751281192374,1
B0038,109,charge,44,,4.141813136323024,0.703064106275626,46.18098281793005,1.3532738747786657,1,0.019382165420400055,1
B0038,110,discharge,44,1.7290404566542985,3.4363115548278413,-1.998355971599052,50.182509844874,0.5708454481806357,1,0.047547751281192374,1
B0038,111,charge,44,,4.142443263429517,0.6974698321009108,46.17207464076251,1.3522994633365153,1,0.017970810012595817,1
B0038,112,discharge,44,1.7286072907068815,3.439407570423965,-1.998333813768599,50.173666427799,0.572519908117031,1,0.04627547819698852,1
B0038,113,impedance,24,,,,,0.27915632115821,0,-0.09927063593196006,0
B0038,114,charge,44,,4.147945983925126,0.6891114809423028,45.74447603528703,1.336055943578882,1,0.012422007959254078,1
B0038,115,impedance,24,,,,,0.27915632115821,0,-0.09927063593196006,0
B0038,116,discharge,44,1.52573884649634,3.0455602167949416,-3.967012008013358,58.41948951650429,0.3110971114575873,0,0.16944429411986373,1
B0038,117,impedance,24,,,,,0.27915632115821,0,-0.09927063593196006,0
B0038,118,charge,44,,4.158771792152472,0.697933988098897,45.88732648378392,1.3509579056101482,1,0.019345146790915924,1
B0038,119,impedance,24,,,,,0.27915632115821,0,-0.09927063593196006,0
B0038,120,discharge,44,1.5301475534434217,3.0241360171924403,-3.9673854309358174,58.954810986890266,0.3198511949802691,0,0.17068386184289253,1
B0038,121,charge,44,,4.083814304891153,1.4283212343578575,49.73373947873152,1.5983676085920262,1,0.09845710397910279,1
B0042,0,charge,22,,4.197385198958044,0.2017070849236265,23.134196847306885,0.3089732794654368,0,-0.03411378443166202,0
B0042,1,impedance,24,,,,,0.27915632115821,0,-0.09927063593196006,0
B0042,2,discharge,22,1.7287126633755356,3.4614155612128847,-1.8939211913974323,30.57466734048236,-0.2365628215287743,0,-0.0989195503888135,0
B0042,3,charge,22,,4.134005385937547,0.6281513845781019,24.88380082102146,0.4191059205078251,0,-0.10905019744191591,0
B0042,4,discharge,22,1.7314706281853145,3.4852386922159138,-1.919584179064593,29.95773352180402,-0.2519314705350881,0,-0.0863089801919168,0
B0042,5,charge,22,,4.13130331467746,0.6239983212624673,24.465672215840407,0.398593489924573,0,-0.08780936200560457,0
B0042,6,discharge,22,1.7282350363146088,3.488650146996854,-1.9414451091961449,29.6573718499772,-0.2665256469244233,0,-0.08127625406210992,0
B0042,7,charge,22,,4.131772725971715,0.6216363645674824,24.32790671317934,0.392556426878854,0,-0.08785021240084295,0
B0042,8,discharge,22,1.720344742291621,3.4946031502677606,-1.952411218384564,29.58111945436258,-0.2678381183069683,0,-0.08076200699036479,0
B0042,9,charge,22,,4.1322193836189545,0.6203752515681892,24.57768126410447,0.4033617296446464,0,-0.09295185608528511,0
B0042,10,discharge,22,1.7221734367707637,3.5041466859903747,-1.9696086717857544,29.852452033753185,-0.2529547716505392,0,-0.07668492085627504,0
B0042,11,impedance,24,,,,,0.27915632115821,0,-0.09927063593196006,0
B0042,12,charge,22,,4.139834109924816,0.6124041704933931,24.261768767406625,0.3933878840870168,0,-0.10619368264654894,0
B0042,13,impedance,24,,,,,0.27915632115821,0,-0.09927063593196006,0
B0042,14,discharge,22,0,3.5813916541827884,-1.997608186227112,29.44940696187815,-0.2241671550029143,0,-0.03715630094182698,0
B0042,15,charge,22,,4.15203934232543,0.5353831181838506,25.19894056280682,0.4278679021691457,0,-0.13531590477484523,0
B0042,16,discharge,22,1.708669577331945,3.511927235956774,-1.9934476128094072,30.133153080135425,-0.2400340899120004,0,-0.07169917176343404,0
B0042,17,charge,22,,4.132347461929199,0.6102070082871731,25.043682710446248,0.4216445607678607,0,-0.10927781789743712,0
B0042,18,discharge,22,1.7036476485918646,3.509889497883845,-1.9997503053848376,29.740453708978052,-0.2594010499513784,0,-0.0671215667108443,0
B0042,19,charge,22,,4.133115454048533,0.6060369191121124,24.717555225031106,0.4073822046209138,0,-0.09802338010653938,0
B0042,20,discharge,22,1.6958375743577971,3.508503301766948,-1.9995857055614812,29.503354124651093,-0.2704815339440049,0,-0.06649525379048443,0
B0042,21,charge,22,,4.134332284297217,0.6044603711897307,24.48751372344515,0.398015217298897,0,-0.09299340629400793,0
B0042,22,discharge,22,1.6949064846676911,3.5093738486555157,-1.999480712152978,29.324509292718897,-0.2775738826807089,0,-0.06606826488827278,0
B0042,23,impedance,24,,,,,0.27915632115821,0,-0.09927063593196006,0
B0042,24,charge,22,,4.143868109401065,0.5998492448411259,23.406282739742476,0.3570214868763346,0,-0.10356317338824578,0
B0042,25,impedance,24,,,,,0.27915632115821,0,-0.09927063593196006,0
B0042,26,discharge,22,1.6874768094352455,3.5046118772654107,-1.9994501505976243,29.22569193760115,-0.2849702012396908,0,-0.06732046003789938,0
B0042,27,charge,22,,4.13541533872486,0.5997922532508206,24.321482865801453,0.3907536905407139,0,-0.09333174710771641,0
B0042,28,discharge,22,1.685989172917945,3.5095049490219243,-1.9994421818851504,29.23821053272865,-0.2811897667401266,0,-0.06606826488827278,0
B0042,29,charge,22,,4.136605556288046,0.5950430933058434,24.317471318215024,0.3905131395716765,0,-0.09678502448301612,0
B0042,30,discharge,22,1.6782864747774933,3.505007993364287,-1.999407899212143,29.20609205353922,-0.2855427456485564,0,-0.06604705396692245,0
B0042,31,charge,22,,4.136279886016268,0.5951700342055463,24.304534342538293,0.3897642146003689,0,-0.0949487453766647,0
B0042,32,discharge,22,1.6739647640901527,3.508074728787427,-1.9990854937416904,29.18392032247409,-0.2844064691941588,0,-0.06551764937765786,0
B0042,33,charge,22,,4.13772239573834,0.5912066440198688,24.26578006775423,0.388339005984039,0,-0.1001765593718747,0
B0042,34,discharge,22,1.6722378801237066,3.505745200469688,-1.9991858462433612,29.15371412789473,-0.2872659550430919,0,-0.06604705396692245,0
B0042,35,impedance,24,,,,,0.27915632115821,0,-0.09927063593196006,0
B0042,36,charge,22,,4.148120898223424,0.5908475456411432,23.26480068089889,0.3521331660870869,0,-0.103069540907202,0
B0042,37,impedance,24,,,,,0.27915632115821,0,-0.09927063593196006,0
B0042,38,discharge,22,1.6759897900491967,3.5048985290607786,-1.9989914019015809,29.10632507144163,-0.289828753687873,0,-0.0665857281106918,0
B0042,39,charge,22,,4.137876734952727,0.5890286706173642,24.20222177902673,0.3853163313431282,0,-0.10135159689981188,0
B0042,40,discharge,22,1.6618247672847988,3.5020910209596536,-1.9988805936646044,29.12674242401516,-0.2907906249292148,0,-0.06775090164617015,0
B0042,41,charge,22,,4.13871712651249,0.5877272564270969,24.23768846211698,0.3871628472123,0,-0.10273222657039155,0
B0042,42,discharge,22,1.6606710352566112,3.5056874475759354,-1.998923841150207,29.11535255703125,-0.288905980864916,0,-0.06604705396692245,0
B0042,43,charge,22,,4.140185447152985,0.5826118646173156,24.198575851154413,0.3855315852762917,0,-0.10429449173898137,0
B0042,44,discharge,22,1.6530644874507203,3.501789524982507,-1.9987415414363177,29.12272547212756,-0.2911379153481904,0,-0.06775090164617015,0
B0042,45,charge,22,,4.139462787504013,0.5825840412188033,24.236562566373014,0.3866808312277917,0,-0.10382895561681432,0
B0042,46,discharge,22,1.649953986270456,3.5025833976800564,-1.9984049924032647,29.13774561916092,-0.2899057509854529,0,-0.06775090164617015,0
B0042,47,impedance,24,,,,,0.27915632115821,0,-0.09927063593196006,0
B0042,48,charge,22,,4.151015422669243,0.581615265609438,23.258098250268677,0.3520973118297097,0,-0.10948448186464155,0
B0042,49,impedance,24,,,,,0.27915632115821,0,-0.09927063593196006,0
B0042,50,discharge,22,1.681297805444492,3.503798387367924,-1.9987909313311891,29.35747712988229,-0.2797251679858154,0,-0.06745798629102756,0
B0042,51,impedance,24,,,,,0.27915632115821,0,-0.09927063593196006,0
B0042,52,charge,22,,4.146855811886285,0.5899987176665256,24.0817036538795,0.3862578219817606,0,-0.10881864522597107,0
B0042,53,impedance,24,,,,,0.27915632115821,0,-0.09927063593196006,0
B0042,54,discharge,22,1.6700520424481298,3.512523395065813,-1.9987942581899856,30.058298726634376,-0.2438211264483094,0,-0.06860338620852702,0
B0042,55,charge,22,,4.138476370995397,0.5873262726699501,25.534942462849692,0.4426952362404259,0,-0.13055405265030479,0
B0042,56,discharge,22,1.667181860354792,3.509324438333478,-1.9986644728662533,30.335552136245838,-0.2339984127333951,0,-0.0740108179011334,0
B0042,57,charge,22,,4.138717501218966,0.5839555039714405,25.54167181309616,0.4425363509797723,0,-0.13059320070222308,0
B0042,58,discharge,22,1.6568865613275168,3.507216525411572,-1.9984721935924132,30.22790176989086,-0.2399873817939306,0,-0.073449364880383,0
B0042,59,charge,22,,4.139714106406752,0.5774596224455926,25.358896639198115,0.434168180864527,0,-0.13062103377072576,0
B0042,60,discharge,22,1.6449819446579936,3.5055185795629877,-1.9985308662699577,30.04068826163031,-0.2491701949805916,0,-0.07017492645015672,0
B0042,61,charge,22,,4.140744160629822,0.5746939820717242,25.154824472067563,0.4255793763764389,0,-0.1294187996157855,0
B0042,62,discharge,22,1.639214585000014,3.5041328171645443,-1.9984054053915887,29.995148407588697,-0.2520230039762711,0,-0.07077300225984223,0
B0042,63,impedance,24,,,,,0.27915632115821,0,-0.09927063593196006,0
B0042,64,charge,22,,4.150375532433205,0.5780485896383278,24.3827244623461,0.3993738244050289,0,-0.11257695631014852,0
B0042,65,impedance,24,,,,,0.27915632115821,0,-0.09927063593196006,0
B0042,66,discharge,22,1.6410599890208055,3.500597395262485,-1.9983882415644911,30.299545316589416,-0.2412766547104586,0,-0.07681268937545516,0
B0042,67,charge,22,,4.141113796748301,0.5762792681759642,25.793202171855576,0.4535515831944938,0,-0.13409222446226937,0
B0042,68,discharge,22,1.6432696512198481,3.504252997343204,-1.998374293478694,30.68092451180232,-0.2224588097438041,0,-0.08040768896818262,0
B0042,69,charge,22,,4.1413534970744506,0.573190588311189,25.96102578316287,0.4603674688684793,0,-0.13291081763987994,0
B0042,70,discharge,22,1.6298673102402295,3.501278659398817,-1.9981525515062304,30.66343528779561,-0.2251406374707724,0,-0.08266335158542082,0
B0042,71,charge,22,,4.141663789332732,0.5707229083496694,25.73663758473645,0.4504823596576095,0,-0.13308568699695972,0
B0042,72,discharge,22,1.6238536344658807,3.501431066556208,-1.9980383822206629,30.40848004603748,-0.2359786886151061,0,-0.07765749821432272,0
B0042,73,charge,22,,4.143432834103815,0.5686144527475725,25.47349784080474,0.4399624327645611,0,-0.1338827265749185,0
B0042,74,discharge,22,1.6186308887044174,3.4934993616796306,-1.9979232246026064,30.239404481904074,-0.2484793288847923,0,-0.08338497168802905,0
B0042,75,impedance,24,,,,,0.27915632115821,0,-0.09927063593196006,0
B0042,76,charge,22,,4.154039151751994,0.566789260292354,24.253230288110814,0.3942034609456812,0,-0.11470437057351951,0
B0042,77,impedance,24,,,,,0.27915632115821,0,-0.09927063593196006,0
B0042,78,discharge,22,1.6193418112441196,3.491928488990642,-1.997803306177237,30.138707501965232,-0.2538267443014613,0,-0.0818552223973617,0
B0042,79,charge,22,,4.144597018775529,0.5666542908767446,25.454190224642467,0.43955006951194,0,-0.1348379686520051,0
B0042,80,discharge,22,1.614593271326993,3.4957274527798257,-1.9980185647316373,30.49092272629849,-0.236208930649327,0,-0.08594533821270084,0
B0042,81,charge,22,,4.144639002344003,0.5637170031860865,25.73528032860277,0.4511312094684391,0,-0.1355456910435892,0
B0042,82,discharge,22,1.6072040891927848,3.4919326250007057,-1.9977650982407589,30.52916769412123,-0.2370326720650478,0,-0.08772630390466518,0
B0042,83,charge,22,,4.144892940292636,0.5598317337599313,25.3995498275442,0.4361669400608393,0,-0.13297296801233677,0
B0042,84,discharge,22,1.6012663590062357,3.4900059195673445,-1.9975731627964837,30.17961904981464,-0.2532999966549929,0,-0.08441412016179262,0
B0042,85,charge,22,,4.146826696169157,0.5575780382249791,25.061633325596564,0.4225155390734139,0,-0.12914618535645422,0
B0042,86,discharge,22,1.5940407410631041,3.487760577211602,-1.9975539729276184,29.93310245467766,-0.2653805511160917,0,-0.07824693178978598,0
B0042,87,impedance,24,,,,,0.27915632115821,0,-0.09927063593196006,0
B0042,88,charge,22,,4.158854049162747,0.5400084377798464,23.78087942340077,0.3722584328107506,0,-0.10858115967757359,0
B0042,89,impedance,24,,,,,0.27915632115821,0,-0.09927063593196006,0
B0042,90,discharge,22,1.5946888289374477,3.4820338003810947,-1.9973829316274176,29.85511285240877,-0.2724952558224808,0,-0.08005304480472591,0
B0042,91,charge,22,,4.14677416040804,0.5574284710657554,25.1150789766601,0.4247512018314288,0,-0.13165518777344937,0
B0042,92,discharge,22,1.5882100957302596,3.4857768989088598,-1.9975492343534864,30.25738766927605,-0.2527537383363821,0,-0.08627404389093057,0
B0042,93,charge,22,,4.1473029905400365,0.555449993552204,25.52542499660112,0.4423839400431738,0,-0.1354318617611075,0
B0042,94,discharge,22,1.587985558077698,3.484962036012865,-1.9975022770940796,30.562785800580222,-0.240157046773308,0,-0.09154097398688765,0
B0042,95,charge,22,,4.147469149675915,0.5519685344612403,25.680301485446304,0.4485237360112153,0,-0.1358193148308623,0
B0042,96,discharge,22,1.5799165406650344,3.4839596946536755,-1.997334294795813,30.59004134732037,-0.2396190276122711,0,-0.09154097398688765,0
B0042,97,charge,22,,4.147606997736704,0.5492586476014187,25.446405342788758,0.4380720207607863,0,-0.13404030007866252,0
B0042,98,discharge,22,1.5655946193652834,3.479594890613384,-1.9971237584867627,30.190272809188617,-0.2596566120237468,0,-0.08907147418672062,0
B0042,99,impedance,24,,,,,0.27915632115821,0,-0.09927063593196006,0
B0042,100,charge,22,,4.159307620192712,0.5469555398994663,23.92399598245707,0.3799637033418681,0,-0.11037598412669697,0
B0042,101,impedance,24,,,,,0.27915632115821,0,-0.09927063593196006,0
B0042,102,discharge,4,0.07070127737340176,2.7052764231784736,-3.938418442736194,24.183402923813027,-1.3808125179004316,0,0.1194106913173194,1
B0042,103,impedance,24,,,,,0.27915632115821,0,-0.09927063593196006,0
B0042,104,charge,4,,4.196004490470621,0.3698275057770226,5.943695474697144,-0.4005795586864223,0,-0.09521165433763057,0
B0042,105,impedance,24,,,,,0.27915632115821,0,-0.09927063593196006,0
B0042,106,discharge,4,0.08416878530139071,2.679525148874618,-3.9351759952435854,23.826987359225917,-1.4126048408609786,0,0.12264759786494706,1
B0042,107,charge,4,,4.183962132207521,0.3669221421313078,7.261663752820549,-0.3524250193078666,0,-0.08563756524394073,0
B0042,108,discharge,4,0.08443785621465827,2.6791157950874176,-3.9330339281400906,23.77974968565753,-1.4145202568036472,0,0.12195233193137744,1
B0042,109,charge,4,,4.184598919849195,0.3591624829040266,7.321099819072225,-0.3508476454913461,0,-0.08273141237493142,0
B0042,110,discharge,4,0.08478919060590338,2.671214412999543,-3.931680950777038,23.729074463498662,-1.4216879981247827,0,0.12195233193137744,1
B0042,111,charge,4,,4.181565851591408,0.4392094824605008,7.787814168135404,-0.3183590212035653,0,-0.08047454543842875,0
B0042,112,discharge,4,0.09334258183442584,2.691575483192303,-3.942868822909943,24.093822128089528,-1.3945404801215222,0,0.12072661860527156,1
B0042,113,charge,4,,4.190739033255181,0.3952394673489036,6.167182304415417,-0.3898775524858386,0,-0.11808664967650062,0
B0042,114,impedance,24,,,,,0.27915632115821,0,-0.09927063593196006,0
B0042,115,discharge,4,0.10603180131397782,2.6739113004169983,-3.943133668889635,23.99346261249294,-1.4106019924657565,0,0.12264759786494706,1
B0042,116,charge,4,,4.182711857847204,0.3855902072236549,7.082133536186223,-0.3576039741953831,0,-0.08831615408605437,0
B0042,117,discharge,4,0.106505866207118,2.674532494466212,-3.941238449762143,24.134267829139272,-1.4037960823103064,0,0.12295536697344178,1
B0042,118,charge,4,,4.183051972523357,0.3796198084053525,7.214797001819842,-0.3527526577243723,0,-0.08562085484634951,0
B0042,119,discharge,4,0.09439111585512952,2.672674327169749,-3.940098411106424,24.39919865958069,-1.3934328312179447,0,0.12252595980502701,1
B0042,120,charge,4,,4.183206100647775,0.3773145622243772,7.272485538706172,-0.3505864702669343,0,-0.08481806111314993,0
B0042,121,discharge,4,0.09450595927387112,2.795919785016863,-3.895915337791737,19.290333517015608,-1.5234461697690391,0,0.11745415079423771,1
B0042,122,charge,4,,4.190431396910226,0.2868929621701004,6.926975256117324,-0.3769592011658181,0,-0.07740071762882378,0
B0042,123,discharge,4,0.08211456108215626,2.647432949750048,-3.939911966880655,24.880141621063864,-1.389443579292243,0,0.11933244241124741,1
B0042,124,impedance,24,,,,,0.27915632115821,0,-0.09927063593196006,0
B0042,125,charge,4,,4.195677724820427,0.3731413136415522,5.920166332032702,-0.4012098261182153,0,-0.09598095230603804,0
B0042,126,impedance,24,,,,,0.27915632115821,0,-0.09927063593196006,0
B0042,127,discharge,4,0.09518470631946747,2.650103128820241,-3.9391677500177606,24.484790248053308,-1.4045355058214677,0,0.12275783080661484,1
B0042,128,charge,4,,4.183962682874366,0.3753565342172463,7.209928601578606,-0.3531275481469268,0,-0.08838108984951609,0
B0042,129,discharge,4,0.09539129998659052,2.6386351740397065,-3.938160748076452,24.32438028187785,-1.4188450080179456,0,0.12341947805958065,1
B0042,130,charge,4,,4.184499446166445,0.3718936918136013,7.068732580652726,-0.3594659940806483,0,-0.08946921500745825,0
B0042,131,discharge,4,0.08289664565854568,2.641516205964566,-3.936445305146453,24.31173812149945,-1.4171708767011184,0,0.12341947805958065,1
B0042,132,charge,4,,4.184687681291155,0.3664862448296478,7.136067450067132,-0.3574219890233627,0,-0.08789843962638039,0
B0042,133,discharge,4,0.08343199036452603,2.636149095213129,-3.9374486872527408,24.798155128694976,-1.3999973924034512,0,0.12229416723054609,1
B0042,134,charge,4,,4.18472115029326,0.3709464760202458,7.203747780137148,-0.3536861612335873,0,-0.08789843962638039,0
B0042,135,discharge,4,0.09624772156495698,2.6207075351068374,-3.9362749816753353,24.477937441374635,-1.4237782477116203,0,0.12275783080661484,1
B0042,136,impedance,24,,,,,0.27915632115821,0,-0.09927063593196006,0
B0042,137,charge,4,,4.196623887001246,0.3651525416525157,5.899988490826723,-0.4028911665950344,0,-0.09226499028212348,0
B0042,138,impedance,24,,,,,0.27915632115821,0,-0.09927063593196006,0
B0042,139,discharge,4,0.0871279249656989,2.609437196185719,-3.932875200184285,24.426888204419104,-1.4328243471333746,0,0.12164805907437914,1
B0042,140,charge,4,,4.184814425535837,0.370885360869882,7.102278875563002,-0.3579971763324807,0,-0.08854639113500462,0
B0042,141,discharge,4,0.09681912182757578,2.613327939295293,-3.934871100299521,24.529804368213707,-1.4261833016790824,0,0.12252595980502701,1
B0042,142,charge,4,,4.18496879520163,0.3669522763824913,7.196714961068667,-0.3545447423772793,0,-0.08875723169452071,0
B0042,143,discharge,4,0.08440054891345107,2.6084761921076955,-3.934008926590528,24.521420210496924,-1.4296017246565982,0,0.12141656343747964,1
B0042,144,charge,4,,4.185330407292112,0.3626725288521059,7.100343914312286,-0.3592196534319721,0,-0.08850062063976982,0
B0042,145,discharge,4,0.09770121716674529,2.602763654326182,-3.9338909734981855,24.626500323697712,-1.4288470804983426,0,0.12141656343747964,1
B0042,146,charge,4,,4.18521034030239,0.3624251126043651,7.1362328960005295,-0.3578010611601738,0,-0.08737037546917209,0
B0042,147,discharge,4,0.08517426476572666,2.5909779927483028,-3.933060350490302,24.561944088587065,-1.4392784211297824,0,0.12118514610072506,1
B0042,148,impedance,24,,,,,0.27915632115821,0,-0.09927063593196006,0
B0042,149,charge,4,,4.1965865125484605,0.3567989367644941,5.803119242766472,-0.4085864135409524,0,-0.0821598889635477,0
B0042,150,impedance,24,,,,,0.27915632115821,0,-0.09927063593196006,0
B0042,151,discharge,4,0.08471993544879124,2.5818616349209504,-3.9328133118112514,24.349376846518037,-1.4544094665771587,0,0.12207691615128946,1
B0042,152,charge,4,,4.185666631521534,0.3624058229969448,7.087635105835575,-0.3595913601862341,0,-0.08901494500314061,0
B0042,153,discharge,4,0.08548836969893649,2.5894657078700765,-3.931442483824809,24.83962802826491,-1.4280517009864115,0,0.11888549131831272,1
B0042,154,charge,4,,4.186378682208122,0.3588353213166872,7.056609138601379,-0.3610973171964003,0,-0.08941581841270846,0
B0042,155,discharge,4,0.08577749933433501,2.74324665969125,-3.8726297778107583,18.66421642737719,-1.581048881986287,0,0.11590055173365266,1
B0042,156,charge,4,,4.1937276867869215,0.2285487516850144,6.555237226196823,-0.4012770463652628,0,-0.07336333145633456,0
B0042,157,discharge,4,0.08595553255245832,2.725383467696956,-3.866632309551034,18.036688378070966,-1.618773925782717,0,0.11314563977000325,1
B0042,158,charge,4,,4.194108239148251,0.2174786754084294,6.590272224969528,-0.4015152803733535,0,-0.06978247857508169,0
B0042,159,discharge,4,0.08614796979658328,2.719690012340044,-3.863052351120637,18.05907472602224,-1.6209370242889647,0,0.1126884774712622,1
B0042,160,impedance,24,,,,,0.27915632115821,0,-0.09927063593196006,0
B0042,161,charge,4,,4.197930900574769,0.2164229407096466,5.580163810910925,-0.4425946028099297,0,-0.052781997587459495,0
B0042,162,impedance,24,,,,,0.27915632115821,0,-0.09927063593196006,0
B0042,163,discharge,4,0.08652450808993331,2.615760645023181,-3.936202619996637,24.765477730551947,-1.4146814178191516,0,0.12229416723054609,1
B0042,164,impedance,24,,,,,0.27915632115821,0,-0.09927063593196006,0
B0042,165,charge,4,,4.196503055741694,0.3718435785264947,5.924545275318911,-0.4007089692243059,0,-0.09550438500355957,0
B0042,166,impedance,24,,,,,0.27915632115821,0,-0.09927063593196006,0
B0042,167,discharge,4,0.08676036428685732,2.5894472814365503,-3.935267346074326,25.24765084852269,-1.4112142639664715,0,0.11640743615584359,1
B0042,168,charge,4,,4.1849325616362805,0.3765050471813516,7.138232574002386,-0.3553599916216534,0,-0.08888934235406609,0
B0042,169,discharge,4,0.08662025389371077,2.5730668910828003,-3.932587440104149,24.85031739846841,-1.438660245123087,0,0.11988547427239682,1
B0042,170,charge,4,,4.185429007367938,0.3676522237514074,7.185085362690994,-0.3546136152319931,0,-0.08976579971595727,0
B0042,171,discharge,4,0.0869802394927499,2.7401588017218352,-3.8727999832071216,18.864531156596232,-1.5745139918072315,0,0.11531892421132883,1
B0042,172,charge,4,,4.1934906144814885,0.2321044620577593,6.63717142275604,-0.3972708034253904,0,-0.07193665491192341,0
B0042,173,discharge,4,0.07387787113473963,2.570306500661592,-3.933637026469155,25.750153086607327,-1.4019972187906664,0,0.11934277579178088,1
B0042,174,charge,4,,4.185692758517994,0.3643256499534911,7.1964390108901926,-0.3545507664288232,0,-0.08891674169891256,0
B0042,175,discharge,4,0.08775865702231889,2.554774172450461,-3.930090758462791,25.210180888220314,-1.434856774456052,0,0.11740378383694239,1
B0042,176,impedance,24,,,,,0.27915632115821,0,-0.09927063593196006,0
B0042,177,charge,4,,4.196908251025847,0.3605860112728319,5.863287238742853,-0.4051039745239301,0,-0.08921486546592655,0
B0042,178,impedance,24,,,,,0.27915632115821,0,-0.09927063593196006,0
B0042,179,discharge,4,0.08790576300272998,2.569770688194377,-3.930747740189577,25.400612986280134,-1.416856509599388,0,0.11740378383694239,1
B0042,180,charge,4,,4.1856978055103,0.366141657018225,7.216919935170547,-0.3533395360202898,0,-0.08928010656247487,0
B0042,181,discharge,4,0.08808784882200178,2.5650203867450827,-3.929501181608493,25.47246500800018,-1.4166893661896816,0,0.11837258985713162,1
B0042,182,charge,4,,4.185916978894618,0.3605405849599313,7.297562152152464,-0.3507379228368621,0,-0.0861900643872382,0
B0042,183,discharge,4,0.08834250268158712,2.5498903733729468,-3.92912394117899,25.7066698253335,-1.4165749247873702,0,0.11888142201372343,1
B0042,184,charge,4,,4.185907225876277,0.3615008114698529,7.318515940899813,-0.3496704948772684,0,-0.08594828742826954,0
B0042,185,discharge,4,0.07463055332745072,2.541309292458781,-3.9284467564220784,25.73079046383608,-1.4210995272744986,0,0.11888142201372343,1
B0042,186,charge,4,,4.186311478714237,0.3583501108420641,7.287058507362182,-0.351323160860882,0,-0.08551733410202861,0
B0042,187,discharge,4,0.07485698665122698,2.532211294556467,-3.926768267443592,25.61015187432273,-1.4320085992489169,0,0.11888142201372343,1
B0042,188,impedance,24,,,,,0.27915632115821,0,-0.09927063593196006,0
B0042,189,charge,4,,4.19730465155453,0.3513795179405045,5.973110917900852,-0.4017807545280705,0,-0.09413182679449061,0
B0042,190,impedance,24,,,,,0.27915632115821,0,-0.09927063593196006,0
B0042,191,discharge,4,0.07527573643141765,2.5336398931006547,-3.9278468443801535,25.871001272619925,-1.4200439350149954,0,0.11802976907172014,1
B0042,192,charge,4,,4.185991791988697,0.3616040497663129,7.33814328970953,-0.3487521588081709,0,-0.08624687779666379,0
B0042,193,discharge,4,0.07532351860488727,2.5300104336765603,-3.9256584663973166,25.60097060283845,-1.4336608477519135,0,0.11888142201372343,1
B0042,194,charge,4,,4.18679998491547,0.3506764027377191,7.243299821313384,-0.354264461147856,0,-0.0850558337360714,0
B0042,195,discharge,4,0.07553765302367196,2.5687661609629626,-3.9058724989108495,22.972831047751573,-1.5173973743162428,0,0.11750472855023686,1
B0042,196,charge,4,,4.190154370638667,0.2966988860132636,6.968334997998006,-0.3735964398640909,0,-0.08092418776778315,0
B0042,197,discharge,4,0.07584285606128259,2.666767540584892,-3.863354268170434,19.739623944709617,-1.5838034464132522,0,0.11935152180582098,1
B0042,198,charge,4,,4.194344880180285,0.2229989885907316,6.619646855235022,-0.3991003355338809,0,-0.06878041123455625,0
B0042,199,discharge,4,0.0759921803489148,3.1051211862160657,-3.22393930405399,6.0573358126113375,-1.766307660167685,0,0.08390510090372039,1
B0042,200,impedance,24,,,,,0.27915632115821,0,-0.09927063593196006,0
B0042,201,charge,4,,4.198759081874663,0.0988422993578743,5.223334970972177,-0.4785886364810505,0,-0.03438906025934141,0
B0042,202,impedance,24,,,,,0.27915632115821,0,-0.09927063593196006,0
B0042,203,discharge,4,0.07621652609591999,3.133556616526209,-3.224483832257962,6.452306826213871,-1.7305936339721,0,0.08588159931707451,1
B0042,204,charge,4,,4.198485464704497,0.114791414545348,6.008815522565931,-0.4421287821853648,0,-0.05302070342548304,0
B0042,205,discharge,4,0.06216923141552526,3.175407439924743,-3.1336357808131234,5.882941113071444,-1.7109661437901944,0,0.07352335886729011,1
B0042,206,charge,4,,4.195801673840774,0.1130557637837918,6.103030548192398,-0.4401694009212389,0,-0.05530047758716239,0
B0042,207,discharge,4,0.0759822277461493,3.102016459243783,-3.224095150373821,7.141415346306763,-1.7217915662878591,0,0.08475371063136161,1
B0042,208,charge,4,,4.198974733767477,0.1297057819216618,6.2344069637578725,-0.4294178059936733,0,-0.06615087103031742,0
B0042,209,discharge,4,0.06227013548943564,3.1454428736631384,-3.134890688113641,4.976092805264432,-1.7700211909596617,0,0.07608746502034158,1
B0042,210,charge,4,,4.198615023052029,0.1211952112334335,6.075003512889934,-0.4380429695134288,0,-0.05796675560509734,0
B0042,211,discharge,4,0.06259446608798445,3.1652602154514007,-3.133774776537717,6.411857494253951,-1.694975942621752,0,0.07775686415260419,1
B0042,212,impedance,24,,,,,0.27915632115821,0,-0.09927063593196006,0
B0042,213,charge,4,,4.198811286723736,0.0974506210911241,5.202247702549832,-0.4797114902847128,0,-0.03404130105607617,0
B0042,214,impedance,24,,,,,0.27915632115821,0,-0.09927063593196006,0
B0042,215,discharge,4,1.4377344766079456,3.375833171038118,-0.9606132638664066,8.336150156814936,-1.0808917311170432,0,-0.05962091182502205,0
B0042,216,impedance,24,,,,,0.27915632115821,0,-0.09927063593196006,0
B0042,217,charge,4,,4.184686963012791,0.5310881583930079,6.199121749026284,-0.3680149422737317,0,-0.08593914189828661,0
B0042,218,impedance,24,,,,,0.27915632115821,0,-0.09927063593196006,0
B0042,219,discharge,4,1.5246019289244055,3.4250125349211604,-0.9944195894158236,8.088311260303593,-1.0650684677970963,0,-0.04748508227003201,0
B0042,220,charge,4,,4.178506090480909,0.5306990984638102,6.382972786404532,-0.3642758546926714,0,-0.07666641328265467,0
B0042,221,discharge,4,1.5215273965539478,3.427812476893316,-0.9986292541736456,8.108636077883194,-1.0630994165211247,0,-0.04594823086044386,0
B0042,222,charge,4,,4.178786936844188,0.5295273210340852,6.366982697079196,-0.3649885058774648,0,-0.07971480562228195,0
B0042,223,discharge,4,1.5155323631175952,3.426023627609226,-1.0007710730973127,8.179473273978417,-1.0616254537292351,0,-0.04648237334914551,0
B0042,224,charge,4,,4.178937299459519,0.527560962686635,6.416374118747356,-0.3631203617441978,0,-0.07948339157983253,0
B0042,225,discharge,4,1.5044249661534554,3.427137964017458,-1.0029400958959638,8.133323147997125,-1.0632623586062506,0,-0.04576922428359742,0
B0042,226,charge,4,,4.179567106035347,0.5237734900058767,6.479320247388409,-0.3606804059044503,0,-0.0788058486543512,0
B0042,227,discharge,4,1.5001507149498807,3.4224753028837007,-1.002976218809888,8.221548017024785,-1.062564670758818,0,-0.04851009388602656,0
B0042,228,impedance,24,,,,,0.27915632115821,0,-0.09927063593196006,0
B0042,229,charge,4,,4.187207051264054,0.5202909655402833,6.216488032033752,-0.3675463821845396,0,-0.0934610867432989,0
B0042,230,impedance,24,,,,,0.27915632115821,0,-0.09927063593196006,0
B0042,231,discharge,4,1.489011227320312,3.4137666152192327,-1.0029036577307848,8.196033184015114,-1.0694164721759245,0,-0.05262756080384723,0
B0042,232,charge,4,,4.180451387690134,0.518526784449576,6.422582427120998,-0.3634798223446461,0,-0.08340732302020765,0
B0042,233,discharge,4,1.4810149357562845,3.415284661394718,-1.0028526103336208,8.16363192494008,-1.069794616869118,0,-0.050579461612372034,0
B0042,234,charge,4,,4.1808724078681765,0.5146154498783075,6.424040988176936,-0.3638436138904703,0,-0.08340732302020765,0
B0042,235,discharge,4,1.476262027748574,3.411339830211172,-1.002761137143926,8.182297960881899,-1.0715885502582885,0,-0.052282286921082166,0
B0042,236,charge,4,,4.1814789987074,0.5129636996548137,6.3679675835955445,-0.3661501013189007,0,-0.08503102843249405,0
B0042,237,discharge,4,1.4662551025438961,3.406171736681637,-1.0028500275234071,8.239851195999249,-1.07255360581305,0,-0.0535997069780928,0
B0042,238,charge,4,,4.1818727166849925,0.5108021727880557,6.428233807576391,-0.3636885015366213,0,-0.08385328352685728,0
B0042,239,discharge,4,1.4593282593817019,3.404061107280645,-1.0027529355519171,8.314381068196377,-1.070730283544028,0,-0.055930947008410836,0
B0042,240,impedance,24,,,,,0.27915632115821,0,-0.09927063593196006,0
B0042,241,charge,4,,4.189915405581015,0.5060589210887191,6.1557141677129605,-0.3709315041330158,0,-0.09137011100721171,0
B0042,242,impedance,24,,,,,0.27915632115821,0,-0.09927063593196006,0
B0042,243,discharge,4,1.445704157754381,3.3920891926927386,-1.0027471224260915,8.203300249486228,-1.083433648295328,0,-0.05552652556415649,0
B0042,244,charge,4,,4.182846570093023,0.5065472407321561,6.41214867279023,-0.3645022315372328,0,-0.08659281406604225,0
B0042,245,discharge,4,1.4400686089389023,3.396207267678132,-1.0026619793717584,8.252382764570392,-1.078580858759456,0,-0.055357429177973705,0
B0042,246,charge,4,,4.183136091805187,0.5025089675715791,6.394052870532499,-0.3658165808486243,0,-0.09094794607728984,0
B0042,247,discharge,4,1.4290313659547842,3.395827065629725,-1.002740647957347,8.247452041994245,-1.079058821376849,0,-0.05633156457362731,0
B0042,248,charge,4,,4.183749355163005,0.4987771550619468,6.373665231746378,-0.3669597558866978,0,-0.09560947839823952,0
B0042,249,discharge,4,1.414172188151386,3.39249312765024,-1.0027179745166035,8.179356055314594,-1.08419012283747,0,-0.05520375507757602,0
B0042,250,charge,4,,4.183843238145212,0.4955141124923257,6.336261946714505,-0.3690938410503362,0,-0.0970639602003836,0
B0042,251,discharge,4,1.415603079129078,3.389283502389414,-1.0026894950538925,8.33800631225338,-1.0794910560212356,0,-0.058849621311618305,0
B0042,252,impedance,24,,,,,0.27915632115821,0,-0.09927063593196006,0
B0042,253,charge,4,,4.192423635829464,0.4906191328196706,6.195417855865735,-0.370347814341629,0,-0.10053131767180035,0
B0042,254,impedance,24,,,,,0.27915632115821,0,-0.09927063593196006,0
B0042,255,discharge,4,1.3994410223300702,3.377876069069322,-1.0025103497063337,8.293330795902381,-1.0889347665571756,0,-0.05941933900180252,0
B0042,256,charge,4,,4.184155037835348,0.4915121936935604,6.387149514313762,-0.367421538390683,0,-0.09745473257840198,0
B0042,257,discharge,4,1.3959635285794907,3.386987302997725,-1.0024134076376698,8.373136255476883,-1.0794520224085264,0,-0.06005454107942232,0
B0042,258,charge,4,,4.1849141930198135,0.4876436462564528,6.3935753780131215,-0.3673401281479588,0,-0.09938130278503415,0
B0042,259,discharge,4,1.3929784652630588,3.3829130588839496,-1.0024655689800792,8.329037453715973,-1.0840556019011929,0,-0.06016636032639555,0
B0042,260,charge,4,,4.185489552783077,0.4852305855957103,6.466741797059271,-0.3642490484169182,0,-0.09840752312414863,0
B0042,261,discharge,4,1.3740772023800918,3.3774651407729346,-1.002446169377572,8.396128944133206,-1.084776453234669,0,-0.060752790535290924,0
B0042,262,charge,4,,4.1855186292493,0.4821500055127574,6.482405997269859,-0.3641119778552115,0,-0.09968112127675333,0
B0042,263,discharge,4,1.3752493030002435,3.3780934843236405,-1.002355515867145,8.43692173445999,-1.082590397744727,0,-0.06172101346972014,0
B0042,264,impedance,24,,,,,0.27915632115821,0,-0.09927063593196006,0
B0042,265,charge,4,,4.194074399968302,0.4766385489576597,6.189509602735411,-0.3720296017780304,0,-0.10331552605511901,0
B0042,266,impedance,24,,,,,0.27915632115821,0,-0.09927063593196006,0
B0042,267,discharge,4,1.3671966130854505,3.364163079749717,-1.0023378437056385,8.419794670115083,-1.0925500818610896,0,-0.06114360365157834,0
B0042,268,charge,4,,4.186296441967449,0.4800872425461626,6.419169967799757,-0.3666870729379492,0,-0.10217080949250867,0
B0042,269,discharge,4,1.356887600783644,3.3705853863809336,-1.0021679698004895,8.409805733876953,-1.0886950950542214,0,-0.06078332504264938,0
B0042,270,charge,4,,4.186298200813255,0.4758276636646705,6.451665219363198,-0.3660572049520325,0,-0.10424453247178356,0
B0042,271,discharge,4,1.3449320225969348,3.366371835007897,-1.0021759719497003,8.370055044633526,-1.0931960703685943,0,-0.0611078435180209,0
B0042,272,charge,4,,4.186649339348359,0.4713844874400036,6.421390822473037,-0.3679272737966366,0,-0.10854806000350237,0
B0042,273,discharge,4,1.3374691704584258,3.3609438971566736,-1.0021900129076768,8.33428157906845,-1.0983315033034584,0,-0.05891655997462186,0
B0042,274,charge,4,,4.185873496554861,0.512399960931475,6.432873332608832,-0.3605510594808344,0,-0.08949445264955846,0
B0044,0,charge,22,,4.188019117058268,0.0583003484282571,23.14273156239866,0.2772754956006134,0,-0.02399012582434623,0
B0044,1,impedance,24,,,,,0.27915632115821,0,-0.09927063593196006,0
B0044,2,discharge,22,1.686525555152074,3.439679725636751,-1.809834345606809,32.08333169533252,-0.170943650188515,0,-0.11327960219700822,0
B0044,3,charge,22,,4.140892122059697,0.59970313817229,24.889369351115302,0.4187764480123906,0,-0.12378878935737869,0
B0044,4,discharge,22,1.6624606531639186,3.452824239327816,-1.8219328456366493,31.44294016626267,-0.1919473762730974,0,-0.10933023742654241,0
B0044,5,charge,22,,4.1422501169939405,0.5942872294896603,24.58546074781323,0.4056353172105875,0,-0.11014359316263461,0
B0044,6,discharge,22,1.6534010755700512,3.4521568195939896,-1.8359320421754788,31.14990089807352,-0.2075106450145729,0,-0.10575894712413991,0
B0044,7,charge,22,,4.142997854599113,0.5900650751717723,24.41644071753624,0.3981036262574872,0,-0.10812303775796162,0
B0044,8,discharge,22,1.6452145903490936,3.4552256770525456,-1.8454888344252125,31.12954746264574,-0.2080763588026347,0,-0.10561266544954312,0
B0044,9,charge,22,,4.142862374533981,0.5879461454839723,24.715535275583587,0.4104887482340622,0,-0.11439877611950544,0
B0044,10,discharge,22,1.635664062367341,3.463672030116032,-1.854699294407156,31.51399426167105,-0.1876170271560548,0,-0.11401933820899773,0
B0044,11,impedance,24,,,,,0.27915632115821,0,-0.09927063593196006,0
B0044,12,charge,22,,4.150229384743334,0.5820179255382874,24.531924106136277,0.4064063743730422,0,-0.11593290363716718,0
B0044,13,impedance,24,,,,,0.27915632115821,0,-0.09927063593196006,0
B0044,14,discharge,22,0,3.526841343827769,-1.978883934795127,30.9572734254796,-0.1921036819038402,0,-0.09095196808732542,0
B0044,15,charge,22,,4.152671256230537,0.5291084774811331,25.49533459429321,0.4398957959935684,0,-0.13940167621451105,0
B0044,16,discharge,22,1.6267769765146463,3.4680330762776053,-1.8756028913091127,31.634787338016164,-0.1833057244853594,0,-0.11836169009916331,0
B0044,17,charge,22,,4.144327103447738,0.5770833545741857,25.109046403989463,0.4264155524195108,0,-0.13103219620657397,0
B0044,18,discharge,22,1.6159715504743064,3.4679406316174908,-1.8740941775158024,31.273656122735403,-0.1986185795113716,0,-0.11061023865934616,0
B0044,19,charge,22,,4.145827472621024,0.5708019043579622,24.75612606590057,0.4111058011791312,0,-0.11815126264170367,0
B0044,20,discharge,22,1.6076028386649623,3.465103331199183,-1.87297275010726,31.0513882525287,-0.2098500761676228,0,-0.1105278518127411,0
B0044,21,charge,22,,4.146691360737454,0.5681833471571078,24.51992591946956,0.401052399374969,0,-0.11205778311572151,0
B0044,22,discharge,22,1.6003360401431612,3.463878052026492,-1.871931466677304,30.82531560391141,-0.2201918753534701,0,-0.10300595722854183,0
B0044,23,impedance,24,,,,,0.27915632115821,0,-0.09927063593196006,0
B0044,24,charge,22,,4.154572585740725,0.5655921754409687,23.601763259846912,0.3663367361811372,0,-0.11048897131892865,0
B0044,25,impedance,24,,,,,0.27915632115821,0,-0.09927063593196006,0
B0044,26,discharge,22,1.5978700914991917,3.4618790737027214,-1.8711336666924587,30.772306222074597,-0.2236506824710178,0,-0.10088429822870792,0
B0044,27,charge,22,,4.148130776817249,0.5621627373308986,24.341723285189744,0.3932597842736213,0,-0.10919390845452848,0
B0044,28,discharge,22,1.5900310265163515,3.4619567664351507,-1.869887873532527,30.77793162980491,-0.223132748918099,0,-0.10022482874785438,0
B0044,29,charge,22,,4.148840540135704,0.5584822771152018,24.36067740003091,0.3938809422315081,0,-0.10990868859101505,0
B0044,30,discharge,22,1.5816311155652092,3.4608461967292694,-1.862461079658612,30.734077377574607,-0.2244141491254589,0,-0.10117021175481528,0
B0044,31,charge,22,,4.149364172347926,0.5570591067579678,24.306078745509627,0.3916241229573584,0,-0.10990868859101505,0
B0044,32,discharge,22,1.5714556311034702,3.462773986667914,-1.8611231730261664,30.711931701692414,-0.2238479903469508,0,-0.10096261438206583,0
B0044,33,charge,22,,4.150309171181462,0.5516474398042985,24.28334797997582,0.3902970114220901,0,-0.10940635247822533,0
B0044,34,discharge,22,1.563220798569978,3.46142516586872,-1.8534672146493336,30.69222352635548,-0.2242079164639515,0,-0.09799465857939826,0
B0044,35,impedance,24,,,,,0.27915632115821,0,-0.09927063593196006,0
B0044,36,charge,22,,4.158047485140414,0.5494623311461821,23.464310671217877,0.3598209528226663,0,-0.10828431794493582,0
B0044,37,impedance,24,,,,,0.27915632115821,0,-0.09927063593196006,0
B0044,38,discharge,22,1.5606775388245586,3.459888006806987,-1.84644850552798,30.656716513936477,-0.2254866377973838,0,-0.09652538812890105,0
B0044,39,charge,22,,4.151588675380345,0.5473390011801739,24.181522122815508,0.3859903993941474,0,-0.11109984004590745,0
B0044,40,discharge,22,1.5523886011314287,3.459225464203645,-1.8450475324556967,30.677651249958306,-0.224772914752052,0,-0.09647380498774766,0
B0044,41,charge,22,,4.152198594813205,0.5437440859358704,24.20768024755387,0.3868705273985044,0,-0.11093274932035024,0
B0044,42,discharge,22,1.5444592876561967,3.459378780567444,-1.8438251021984409,30.67040122297292,-0.2247625733155204,0,-0.0968409150612804,0
B0044,43,charge,22,,4.153045805602092,0.5391376458489339,24.182294899181468,0.3855097463395235,0,-0.11005535488621587,0
B0044,44,discharge,22,1.536558134180655,3.4594746923592585,-1.8359182150531628,30.695903900430444,-0.2221768988247157,0,-0.0968903604792885,0
B0044,45,charge,22,,4.153565151228375,0.5380823921072778,24.189999447446425,0.3859946206034028,0,-0.10911980900936302,0
B0044,46,discharge,22,1.5307255867941072,3.457758884701852,-1.837930189329905,30.693601629277207,-0.2237751380873648,0,-0.09773329473317921,0
B0044,47,impedance,24,,,,,0.27915632115821,0,-0.09927063593196006,0
B0044,48,charge,22,,4.16100751709183,0.5354313718324065,23.425114109741035,0.3575663177822062,0,-0.10934099751009568,0
B0044,49,impedance,24,,,,,0.27915632115821,0,-0.09927063593196006,0
B0044,50,discharge,22,1.545242808242328,3.4604365465272604,-1.8224062753285977,31.3317805416781,-0.1917691705728994,0,-0.10714832937997032,0
B0044,51,impedance,24,,,,,0.27915632115821,0,-0.09927063593196006,0
B0044,52,charge,22,,4.158987700614521,0.5408947758675312,24.336885966656418,0.3964074616545068,0,-0.11256096203568627,0
B0044,53,impedance,24,,,,,0.27915632115821,0,-0.09927063593196006,0
B0044,54,discharge,22,1.5397144491816253,3.46737063205958,-1.8277755287188369,32.003093392777586,-0.1592874578640944,0,-0.11930878206546941,0
B0044,55,charge,22,,4.1524530307834056,0.5383250949956642,25.61596246140793,0.4465986753834043,0,-0.14012358105669215,0
B0044,56,discharge,22,1.5305357077773765,3.468244375578301,-1.819929471677548,32.229129548420126,-0.1475773711872118,0,-0.12033672491292835,0
B0044,57,charge,22,,4.153424846881784,0.5342067223193182,25.57362855538286,0.4446798845258106,0,-0.13964630110646592,0
B0044,58,discharge,22,1.5199735224097084,3.4662944691430644,-1.8182280699458224,32.11597218782517,-0.1534262653992516,0,-0.1190764502995309,0
B0044,59,charge,22,,4.154568278370746,0.5277603446782929,25.387459042267437,0.4362719802360416,0,-0.13591656594550222,0
B0044,60,discharge,22,1.5136629526844203,3.4597034229251418,-1.82344115362652,31.969087731359647,-0.1650458864743686,0,-0.11763623672330681,0
B0044,61,charge,22,,4.155020780490612,0.5262632890508482,25.230996305594537,0.4295759637829022,0,-0.1341830591309352,0
B0044,62,discharge,22,1.5012870006992953,3.4622130413589143,-1.814801427898659,31.87470050843518,-0.1658829898716953,0,-0.1173588660308914,0
B0044,63,impedance,24,,,,,0.27915632115821,0,-0.09927063593196006,0
B0044,64,charge,22,,4.161990287828581,0.526853782888461,24.628455409591417,0.4083976129646784,0,-0.12058270024761847,0
B0044,65,impedance,24,,,,,0.27915632115821,0,-0.09927063593196006,0
B0044,66,discharge,22,1.5023814734911674,3.4628505734955555,-1.8075840969590575,32.24329057966032,-0.1483148691911789,0,-0.11798967910571384,0
B0044,67,charge,22,,4.155733444461496,0.5219663308534277,25.81145521646865,0.4542248861119278,0,-0.1375467497396024,0
B0044,68,discharge,22,1.4980955154277502,3.462862471197368,-1.8065211847034743,32.62193857776337,-0.1318386294458829,0,-0.1209684417743,0
B0044,69,charge,22,,4.155805964487536,0.5204901888007448,25.955845888848412,0.4602135420674065,0,-0.1363873555105048,0
B0044,70,discharge,22,1.4906542391377111,3.4614145860859864,-1.8052430334885248,32.534721843990155,-0.1363162504125941,0,-0.12006379178212345,0
B0044,71,charge,22,,4.156560147877064,0.5178895932489054,25.72058222116792,0.4501309734766279,0,-0.13840723938381932,0
B0044,72,discharge,22,1.4843971639436213,3.4567536825256298,-1.8105860657133828,32.315090431633784,-0.1498080212287112,0,-0.12147562374997706,0
B0044,73,charge,22,,4.157187503893495,0.516200252359054,25.477771186041423,0.4398042991888963,0,-0.13688005327076935,0
B0044,74,discharge,22,1.4725321936230114,3.457596686753219,-1.7950692987909964,32.11227103017126,-0.1551699203969551,0,-0.11615317509264761,0
B0044,75,impedance,24,,,,,0.27915632115821,0,-0.09927063593196006,0
B0044,76,charge,22,,4.164666263720591,0.5103517934609136,24.46883091867299,0.4003324731389496,0,-0.11410274222778105,0
B0044,77,impedance,24,,,,,0.27915632115821,0,-0.09927063593196006,0
B0044,78,discharge,22,1.4663149382113208,3.456382425532515,-1.786985657468036,31.7443365044674,-0.1703325622744556,0,-0.11435232681459812,0
B0044,79,charge,22,,4.159298617647943,0.5085541578796214,25.308230662044124,0.4325357968634129,0,-0.13504583438580575,0
B0044,80,discharge,22,1.4671298468877776,3.4558985436662764,-1.7928445896165708,32.11351047936838,-0.1558401951793691,0,-0.11686679129184957,0
B0044,81,charge,22,,4.159068116627728,0.5068206291779331,25.627862498685133,0.4458103056161133,0,-0.14039260073252408,0
B0044,82,discharge,22,1.4593858997633138,3.4536993651226653,-1.7913668174036652,32.04801967333395,-0.1598455106776166,0,-0.11579046071650723,0
B0044,83,charge,22,,4.159516177615749,0.5047397015115676,25.261181515983694,0.4299695489636174,0,-0.13346704392371855,0
B0044,84,discharge,22,1.4467901368505207,3.4526946539372747,-1.7891101484216256,31.7080219105398,-0.1747192637917681,0,-0.11318076252355713,0
B0044,85,charge,22,,4.160639791730738,0.5004047770412104,24.90550858278098,0.4146429597117544,0,-0.12597501222612528,0
B0044,86,discharge,22,1.4390669859638228,3.44942355838508,-1.78765949762317,31.467203186429355,-0.1869761421141124,0,-0.10810735767358476,0
B0044,87,impedance,24,,,,,0.27915632115821,0,-0.09927063593196006,0
B0044,88,charge,22,,4.168538800460414,0.4844154554138221,23.90416078937097,0.3739471083511085,0,-0.10260454729201696,0
B0044,89,impedance,24,,,,,0.27915632115821,0,-0.09927063593196006,0
B0044,90,discharge,22,1.4389892550462602,3.4464363236508917,-1.7797845626759965,31.560453436032944,-0.1835260979099107,0,-0.10822035827845233,0
B0044,91,charge,22,,4.161340893251403,0.4985379709323068,25.011653225897057,0.4193334435736195,0,-0.12758894105948693,0
B0044,92,discharge,22,1.4386198779578576,3.447035324752623,-1.786101275708508,31.887709097598357,-0.1702009630032286,0,-0.11551043331153976,0
B0044,93,charge,22,,4.161048303198228,0.4975334798391952,25.40073263764613,0.4356835937613973,0,-0.1355360610002846,0
B0044,94,discharge,22,1.4313412096653504,3.451080883804227,-1.7774334664210216,32.164811812502585,-0.1540467081599185,0,-0.11616271719467852,0
B0044,95,charge,22,,4.161477163380127,0.4923213159419587,25.493403917057734,0.4390113090149073,0,-0.13735372980412097,0
B0044,96,discharge,22,1.422973037663468,3.450413161794029,-1.7758066384425826,32.13295425226488,-0.1555650322397753,0,-0.11505104383969628,0
B0044,97,charge,22,,4.162133665087247,0.4907339940957714,25.23461711096837,0.4280355971309116,0,-0.1326169986053033,0
B0044,98,discharge,22,1.4150153099745097,3.44468943990224,-1.78107743904082,31.75133688827036,-0.176710900825827,0,-0.11189179643621544,0
B0044,99,impedance,24,,,,,0.27915632115821,0,-0.09927063593196006,0
B0044,100,charge,22,,4.169456212550315,0.4882187742225609,24.04148488155374,0.3811436700904677,0,-0.10713160862497578,0
B0044,101,impedance,24,,,,,0.27915632115821,0,-0.09927063593196006,0
B0044,102,discharge,4,0.0572172710622218,4.054818943483505,-0.2188327492326632,7.057089335323658,-0.5523870705270338,0,0.01453054957788491,1
B0044,103,impedance,24,,,,,0.27915632115821,0,-0.09927063593196006,0
B0044,104,charge,4,,4.181156195002319,0.0176137326291032,5.493162341438832,-0.493297112875196,0,-0.019306015147927402,0
B0044,105,impedance,24,,,,,0.27915632115821,0,-0.09927063593196006,0
B0044,106,discharge,4,0.0573587470253984,4.048971725415953,-0.2291787146876666,6.945113627374995,-0.5629390617111826,0,0.019734500362131646,1
B0044,107,charge,4,,4.18118298735827,0.0197687918628758,5.590068378859721,-0.4887251034102219,0,-0.021486054156370393,0
B0044,108,discharge,4,0.05749687545445231,4.048139868634576,-0.2345793669890724,6.969210950143102,-0.5634280999245217,0,0.019775370147269822,1
B0044,109,charge,4,,4.1815936073309246,0.0199846007826429,5.669601558731559,-0.4849953784308551,0,-0.021486054156370393,0
B0044,110,discharge,4,0.05763088809888528,4.04489102283376,-0.2376141943825294,7.1320933104899575,-0.5591255069709066,0,0.022444141799983552,1
B0044,111,charge,4,,4.183190241733942,0.025881720312895,5.692811483586721,-0.4818767046217648,0,-0.025152118620953012,0
B0044,112,discharge,4,0.055116913339787174,4.058712789171854,-0.2099858295389897,6.9052479876970985,-0.5547397236853389,0,0.013256805270076222,1
B0044,113,charge,4,,4.181577191397314,0.0196264225356135,5.334831814427886,-0.499461358915502,0,-0.021379951157206145,0
B0044,114,impedance,24,,,,,0.27915632115821,0,-0.09927063593196006,0
B0044,115,discharge,4,0.06740755265748018,4.04058000450648,-0.2518669105532582,6.719645217752847,-0.5822807338727748,0,0.020927994064823152,1
B0044,116,charge,4,,4.182176325030357,0.0227092841707053,5.334289091062056,-0.4985319138889226,0,-0.023182541725969674,0
B0044,117,discharge,4,0.0675676530317139,4.038574138704129,-0.2571724854575856,6.752194119869617,-0.5831669154160987,0,0.020666016989292935,1
B0044,118,charge,4,,4.181288411600866,0.0221420138698922,5.405176163229906,-0.4961751376841291,0,-0.02322628966874085,0
B0044,119,discharge,4,0.055637310449156464,4.060984637180495,-0.2168958065340876,6.682861474834709,-0.5640406723840958,0,0.013064079052416133,1
B0044,120,charge,4,,4.182298970155943,0.0197860816106664,5.429455945884124,-0.4948869629535423,0,-0.02162338186535806,0
B0044,121,discharge,4,0.06822433276106823,3.9901324953919,-0.3924814177291054,7.805372903557112,-0.594380239283772,0,0.035643143682691725,1
B0044,122,charge,4,,4.183304882367805,0.026508822979468,5.418807908591919,-0.4934660880800498,0,-0.02414230177409915,0
B0044,123,discharge,4,0.056052453431514465,4.060072156375749,-0.2168072550339313,6.452537181339348,-0.5745298659086941,0,0.010410384006990014,1
B0044,124,impedance,24,,,,,0.27915632115821,0,-0.09927063593196006,0
B0044,125,charge,4,,4.1817766506461815,0.0184310092754462,5.393219383668363,-0.4970349572219776,0,-0.019306015147927402,0
B0044,126,impedance,24,,,,,0.27915632115821,0,-0.09927063593196006,0
B0044,127,discharge,4,0.06868220130105056,4.036259706472422,-0.2627044986257248,6.89796196003197,-0.5794314426300703,0,0.024404398498309776,1
B0044,128,charge,4,,4.182144316759242,0.0230684176268466,5.415576449486085,-0.4949941066050173,0,-0.02322628966874085,0
B0044,129,discharge,4,0.06874755353346529,4.034899045788163,-0.2660568669142741,6.643140512754006,-0.5918910407631979,0,0.023866633518955793,1
B0044,130,charge,4,,4.1813507503553256,0.022581910146715,5.309178103625137,-0.5001811222599852,0,-0.023365050448052926,0
B0044,131,discharge,4,0.05651439891347486,4.05627259287341,-0.2264584634855415,6.823596011664432,-0.5628364563165849,0,0.014480368061652427,1
B0044,132,charge,4,,4.182442434302221,0.020188817606247,5.369045856555965,-0.4973161208403987,0,-0.02162338186535806,0
B0044,133,discharge,4,0.05673307185387369,4.056631496996698,-0.2243099150823807,6.621700828774675,-0.5708900122872544,0,0.012634236048824077,1
B0044,134,charge,4,,4.18237475145872,0.0194848630720013,5.375009247500128,-0.4972315527208373,0,-0.02162338186535806,0
B0044,135,discharge,4,0.0694133756360175,4.033722240018022,-0.2721929801870256,6.654177389025503,-0.5933026011190299,0,0.02446230376038694,1
B0044,136,impedance,24,,,,,0.27915632115821,0,-0.09927063593196006,0
B0044,137,charge,4,,4.182253703429246,0.0226777288041351,5.417355473493177,-0.4949156365080432,0,-0.023043733996894522,0
B0044,138,impedance,24,,,,,0.27915632115821,0,-0.09927063593196006,0
B0044,139,discharge,4,0.05931766444664955,4.052548629680626,-0.2353909668777727,6.691030736897561,-0.572612308174967,0,0.018111844636422236,1
B0044,140,charge,4,,4.182250752447638,0.02076094954148,5.401752696051491,-0.4959339577965428,0,-0.022640543315124773,0
B0044,141,discharge,4,0.06981707253622738,4.031869983878109,-0.2757939587127618,6.789742456285512,-0.5893513592611306,0,0.026575288454512846,1
B0044,142,charge,4,,4.181083356931904,0.0227292619119777,5.403362401957379,-0.496283019239742,0,-0.02322628966874085,0
B0044,143,discharge,4,0.05746435089694075,4.0546007592526,-0.2319283633373105,6.652607169727167,-0.5722803653618344,0,0.017678233642471786,1
B0044,144,charge,4,,4.181776921090538,0.0202253602071654,5.363359046077405,-0.4979947809013234,0,-0.02124067971768895,0
B0044,145,discharge,4,0.07053774383993697,4.029900462300052,-0.2784044039379529,6.727197790202005,-0.5938151660171225,0,0.02483026436405955,1
B0044,146,charge,4,,4.1811731545894775,0.0232170254136142,5.372539359856143,-0.4974605511678791,0,-0.023408783593697358,0
B0044,147,discharge,4,0.05805466052344494,4.0528579449382525,-0.2346864574044636,6.704744929431838,-0.5716908671058918,0,0.018111844636422236,1
B0044,148,impedance,24,,,,,0.27915632115821,0,-0.09927063593196006,0
B0044,149,charge,4,,4.18056984736847,0.0193538901808187,5.322571677084112,-0.5007047265069687,0,-0.021379951157206145,0
B0044,150,impedance,24,,,,,0.27915632115821,0,-0.09927063593196006,0
B0044,151,discharge,4,0.07083992015291063,4.027030974078611,-0.2817775496820993,6.688129486124422,-0.5980034340858909,0,0.025426913071083024,1
B0044,152,charge,4,,4.180697857357131,0.0238952414252198,5.401090813093875,-0.4964257316047301,0,-0.023408783593697358,0
B0044,153,discharge,4,0.058171836130525824,4.048647775995237,-0.2378117880782571,7.135311524033081,-0.5565345589185178,0,0.022444141799983552,1
B0044,154,charge,4,,4.181629723372002,0.0208238346629129,5.385700080151614,-0.4970239915664041,0,-0.02282323536055142,0
B0044,155,discharge,4,0.05830515712798288,4.006197810720952,-0.3839746086117853,7.514206392471801,-0.5947216690000418,0,0.03467676029216593,1
B0044,156,charge,4,,4.180980698527825,0.0197515597093897,5.4353553591134975,-0.4955127363389872,0,-0.02124067971768895,0
B0044,157,discharge,4,0.05845592669367763,4.001898132433219,-0.3991042469889139,7.105939545905624,-0.6178477877126634,0,0.03395787576063369,1
B0044,158,charge,4,,4.181872792380664,0.0210975881987948,5.469630182341387,-0.4932057851617599,0,-0.022861116557266303,0
B0044,159,discharge,4,0.05862986110638707,3.9995228828543774,-0.4072004054361969,7.121133621766568,-0.6202278839906031,0,0.03495623341937093,1
B0044,160,impedance,24,,,,,0.27915632115821,0,-0.09927063593196006,0
B0044,161,charge,4,,4.181059567793909,0.0203721704102492,5.453177239699646,-0.4945824839685142,0,-0.02124067971768895,0
B0044,162,impedance,24,,,,,0.27915632115821,0,-0.09927063593196006,0
B0044,163,discharge,4,0.05890033218383382,4.053493486866572,-0.2265541392450526,6.525840333846862,-0.5774938361974643,0,0.014045495243914408,1
B0044,164,impedance,24,,,,,0.27915632115821,0,-0.09927063593196006,0
B0044,165,charge,4,,4.1811499934493215,0.0209252544742925,5.44169443916752,-0.4949164548093883,0,-0.02282323536055142,0
B0044,166,impedance,24,,,,,0.27915632115821,0,-0.09927063593196006,0
B0044,167,discharge,4,0.05906467702011044,4.052074849774992,-0.2291913700387425,7.0347000891113804,-0.55703503415926,0,0.01860695457187178,1
B0044,168,charge,4,,4.181456598185984,0.0206408538832272,5.386992568685968,-0.4971160974102911,0,-0.02282323536055142,0
B0044,169,discharge,4,0.07240579982844073,4.028366353886938,-0.2819333043565596,6.897376838601351,-0.5881522772557655,0,0.027417594522206157,1
B0044,170,charge,4,,4.181928634540183,0.0244156222837649,5.496654482592375,-0.4914087686863297,0,-0.02322628966874085,0
B0044,171,discharge,4,0.07255632846891659,3.9662515216379135,-0.4609315945816927,8.12797412482593,-0.6086739993882139,0,0.036700719680745286,1
B0044,172,charge,4,,4.18229398502756,0.0246651963811154,5.526656937187599,-0.4898320814852785,0,-0.024192286220929504,0
B0044,173,discharge,4,0.05959222988909599,4.052244387669817,-0.2319988986885328,6.951583874586089,-0.5610018955428795,0,0.019843957576856752,1
B0044,174,charge,4,,4.181089267354161,0.0200825462563738,5.466521116038281,-0.4940414379640551,0,-0.02124067971768895,0
B0044,175,discharge,4,0.07321709022768585,4.024847285360175,-0.2883589666758985,6.953046195579622,-0.5892488381371938,0,0.028420994013089174,1
B0044,176,impedance,24,,,,,0.27915632115821,0,-0.09927063593196006,0
B0044,177,charge,4,,4.18107513946828,0.0240991004804463,5.405047070917176,-0.4959690154895551,0,-0.023408783593697358,0
B0044,178,impedance,24,,,,,0.27915632115821,0,-0.09927063593196006,0
B0044,179,discharge,4,0.05984100849986973,4.051149690799867,-0.2402036412336423,6.413311987885646,-0.586344873100171,0,0.014400356308231888,1
B0044,180,charge,4,,4.1811255875847095,0.0213539977327035,5.36313026033987,-0.4982324867557364,0,-0.02322628966874085,0
B0044,181,discharge,4,0.07344347056971572,4.023626364549916,-0.2918314525277322,6.779577103952525,-0.598140504971861,0,0.028266800695518346,1
B0044,182,charge,4,,4.181850233107886,0.0251048947034973,5.435655141964368,-0.4939585340748149,0,-0.02322628966874085,0
B0044,183,discharge,4,0.07373739605923264,4.0230998765187564,-0.2917484860639784,6.978468873690951,-0.5899246333763543,0,0.028345076046875528,1
B0044,184,charge,4,,4.18220704484353,0.0254236697938125,5.483092127524799,-0.4916255769676718,0,-0.023043733996894522,0
B0044,185,discharge,4,0.06032312489727431,4.047078241937264,-0.2460711384456987,6.809785593582902,-0.5730567235508977,0,0.01985443058979597,1
B0044,186,charge,4,,4.181430065452164,0.0208768726368375,5.459965510880567,-0.4939542713314703,0,-0.02282323536055142,0
B0044,187,discharge,4,0.07409611978234346,4.02025965935536,-0.298818492738235,6.971049837313714,-0.5933996994774147,0,0.025987101922777534,1
B0044,188,impedance,24,,,,,0.27915632115821,0,-0.09927063593196006,0
B0044,189,charge,4,,4.180900628647821,0.0242043721859551,5.46329633207285,-0.4935616958547612,0,-0.023408783593697358,0
B0044,190,impedance,24,,,,,0.27915632115821,0,-0.09927063593196006,0
B0044,191,discharge,4,0.060717150532954955,4.048987988645058,-0.2461964132087831,6.579881562367587,-0.5816971421222071,0,0.018355017368043347,1
B0044,192,charge,4,,4.181055373045361,0.0218061044761063,5.454963228185108,-0.4942499018547226,0,-0.02322628966874085,0
B0044,193,discharge,4,0.06082844229397962,4.048190135327761,-0.2522239281993396,6.690126647286674,-0.5785735289881455,0,0.018748333342286094,1
B0044,194,charge,4,,4.180420868485246,0.0207873508653399,5.44649323932613,-0.4952179682974804,0,-0.02282323536055142,0
B0044,195,discharge,4,0.060928844447982224,4.031325666700656,-0.3018936240718055,6.925009518097775,-0.5886039128583739,0,0.026645873124772623,1
B0044,196,charge,4,,4.180841471112113,0.0213737228374685,5.44589780141289,-0.4948592397682111,0,-0.02322628966874085,0
B0044,197,discharge,4,0.061220387365620216,3.99633832641595,-0.4070041672359561,7.831469751479567,-0.5917670209099007,0,0.03725296550959667,1
B0044,198,charge,4,,4.181703108282438,0.0217501017995136,5.436319416794836,-0.4946324097844534,0,-0.02322628966874085,0
B0044,199,discharge,4,0.06133677582691605,3.5339557623459625,-1.9943360872313465,6.357821828788143,-1.2476177170600022,0,0.025496449190190673,1
B0044,200,impedance,24,,,,,0.27915632115821,0,-0.09927063593196006,0
B0044,201,charge,4,,4.187012214471307,0.0480147661579422,5.303671777013737,-0.4920815992544616,0,-0.023847849233515683,0
B0044,202,impedance,24,,,,,0.27915632115821,0,-0.09927063593196006,0
B0044,203,discharge,4,0.0615021959933087,3.5662543456123466,-1.996129232362493,6.5954208155010985,-1.2163349873639615,0,0.03086032623164514,1
B0044,204,charge,4,,4.18689777809975,0.0588489374339569,5.683959663091402,-0.4738564501602806,0,-0.02654597453580443,0
B0044,205,discharge,4,0.0615436456229027,3.480657456568583,-2.217653041798755,6.324536214740793,-1.324621748998403,0,0.01929914456853532,1
B0044,206,charge,4,,4.190509082720928,0.0808564297285189,5.761658378819928,-0.4641558591513283,0,-0.030825718416186976,0
B0044,207,discharge,4,0.061368282981907545,3.559655619146663,-1.9957140019130044,7.644851838660085,-1.1755195303795003,0,0.02995509029946264,1
B0044,208,charge,4,,4.190262224631372,0.0750366892154625,5.7827630160196986,-0.464461650733188,0,-0.03191160930243109,0
B0044,209,discharge,4,0.061633508888739995,3.4710657400965403,-2.21720783656349,5.10818141008298,-1.383181029172551,0,0.01631077265521297,1
B0044,210,charge,4,,4.190289843202979,0.0791260308665147,5.730161805416016,-0.4659670415031368,0,-0.029543463182862273,0
B0044,211,discharge,4,0.061981030875948785,3.4889263102095547,-2.217892317465651,6.978200107513246,-1.2910895211024,0,0.022776666851650584,1
B0044,212,impedance,24,,,,,0.27915632115821,0,-0.09927063593196006,0
B0044,213,charge,4,,4.190446157519696,0.0656438566215603,5.34665741006942,-0.484780244679554,0,-0.026440358033305467,0
B0044,214,impedance,24,,,,,0.27915632115821,0,-0.09927063593196006,0
B0044,215,discharge,4,1.4779954511171076,3.438530012225991,-0.948665522461736,7.831586108538486,-1.058899965760259,0,-0.03902115536438178,0
B0044,216,impedance,24,,,,,0.27915632115821,0,-0.09927063593196006,0
B0044,217,charge,4,,4.182470905836691,0.5062811673110905,6.1628708808558414,-0.3755145628145564,0,-0.0856788004319789,0
B0044,218,impedance,24,,,,,0.27915632115821,0,-0.09927063593196006,0
B0044,219,discharge,4,1.494119871447679,3.4576572257357188,-0.9429836446189775,7.730546352316417,-1.049549967093428,0,-0.026359353826760357,0
B0044,220,charge,4,,4.180079979392521,0.504458526595841,6.222517583569959,-0.3748628580908735,0,-0.08692473014106677,0
B0044,221,discharge,4,1.488007820113173,3.4553887210557868,-0.9448444362873196,7.787963683864436,-1.0489198900971175,0,-0.02909544319557822,0
B0044,222,charge,4,,4.1807600967060585,0.5019314893970415,6.195388404685395,-0.376034284881163,0,-0.09084866914551065,0
B0044,223,discharge,4,1.4748338592717107,3.453365325098602,-0.9421563938919908,7.849823078169805,-1.0471162097878928,0,-0.029817112015976588,0
B0044,224,charge,4,,4.18148813238487,0.497788898221752,6.239599023616455,-0.3743986785734987,0,-0.09359241530256251,0
B0044,225,discharge,4,1.4604378044785566,3.4533767517944844,-0.9414963206117184,7.863220580243154,-1.04641369846997,0,-0.029854502543606,0
B0044,226,charge,4,,4.181248255316473,0.4927063708858528,6.306215377786661,-0.3726105208388526,0,-0.09406953740357177,0
B0044,227,discharge,4,1.452380841576719,3.4460660596643384,-0.93892211405729,7.930106785779635,-1.0479164418279678,0,-0.03260591873121266,0
B0044,228,impedance,24,,,,,0.27915632115821,0,-0.09927063593196006,0
B0044,229,charge,4,,4.184193835261351,0.4880108349761189,6.185956843768388,-0.3766757865830258,0,-0.09978044820622933,0
B0044,230,impedance,24,,,,,0.27915632115821,0,-0.09927063593196006,0
B0044,231,discharge,4,1.4411028883649861,3.4382387035909514,-0.9382244730141404,7.888437545923743,-1.0547661985110004,0,-0.03932987911369068,0
B0044,232,charge,4,,4.181976051987668,0.485857079210384,6.229703526301077,-0.3766525970559373,0,-0.09712572429657068,0
B0044,233,discharge,4,1.4300355978410688,3.4385248959075603,-0.9336418704048168,7.818043363205418,-1.0567762283285942,0,-0.03893885458319968,0
B0044,234,charge,4,,4.182666093383474,0.4803150516656508,6.229028515374869,-0.3772239896773726,0,-0.10016330155329717,0
B0044,235,discharge,4,1.413943296719903,3.4365202293034374,-0.9277519140513346,7.830974235734798,-1.0564859847164318,0,-0.03911603395394758,0
B0044,236,charge,4,,4.183715406919684,0.4755498457222031,6.149618502992722,-0.3808018621658803,0,-0.10158250107771577,0
B0044,237,discharge,4,1.3972667497450317,3.4352027430527405,-0.9210832456029232,7.878562179371438,-1.0541103871467823,0,-0.0403089797479661,0
B0044,238,charge,4,,4.1842825336873375,0.4702729011363603,6.189221794157435,-0.3796754467786692,0,-0.1072400063337598,0
B0044,239,discharge,4,1.3865375876825874,3.43345469224157,-0.9181073344708772,7.960251571512366,-1.051220004167683,0,-0.042901861896884275,0
B0044,240,impedance,24,,,,,0.27915632115821,0,-0.09927063593196006,0
B0044,241,charge,4,,4.1859021393875775,0.4641659071773783,6.0903838587137455,-0.383952697899927,0,-0.10082368540819553,0
B0044,242,impedance,24,,,,,0.27915632115821,0,-0.09927063593196006,0
B0044,243,discharge,4,1.3724753685724698,3.425091148228222,-0.9147769465297864,7.825815360855775,-1.0619378340104713,0,-0.04178950168448281,0
B0044,244,charge,4,,4.184455161620934,0.4630267571231258,6.149702463834278,-0.3825666266686183,0,-0.10628001764340222,0
B0044,245,discharge,4,1.3598593948812812,3.43285332747351,-0.9097059602545032,7.871717073752719,-1.0539090270509628,0,-0.04136837924796355,0
B0044,246,charge,4,,4.184477376628619,0.4570352980283697,6.139138266560409,-0.384086493862451,0,-0.10821174458389188,0
B0044,247,discharge,4,1.3486733410392264,3.4316708520467616,-0.9089147628345589,7.872850841533409,-1.0545008094461226,0,-0.04136837924796355,0
B0044,248,charge,4,,4.184508206956703,0.4526449427578562,6.099006755965713,-0.3865829106413178,0,-0.10746101905677591,0
B0044,249,discharge,4,1.3334258933205057,3.4305423593747584,-0.9053632291923376,7.787673589037049,-1.0582692460843164,0,-0.039860641946750874,0
B0044,250,charge,4,,4.18514562012166,0.4487611135961863,6.062456798660048,-0.3884322625650286,0,-0.10397111691853694,0
B0044,251,discharge,4,1.3387793081075827,3.4188541266416608,-0.9122769052973728,7.997910807563725,-1.0582202617118817,0,-0.04569592612057516,0
B0044,252,impedance,24,,,,,0.27915632115821,0,-0.09927063593196006,0
B0044,253,charge,4,,4.1867087126576745,0.4459835728963259,6.112608632620739,-0.3857420098029537,0,-0.10888193365729493,0
B0044,254,impedance,24,,,,,0.27915632115821,0,-0.09927063593196006,0
B0044,255,discharge,4,1.3153320403016995,3.42241373548389,-0.8993675928683105,7.881896352735887,-1.0585216383808451,0,-0.04312476247677044,0
B0044,256,charge,4,,4.185414532391283,0.4426139221237203,6.103288890011372,-0.3876074798100178,0,-0.10885107393699028,0
B0044,257,discharge,4,1.322963328110081,3.416097700308048,-0.9110321130421604,8.022448822976777,-1.0587666713093462,0,-0.04741858094296614,0
B0044,258,charge,4,,4.185329376828669,0.4426621179038132,6.132864117686446,-0.3863838603738392,0,-0.11065244825646159,0
B0044,259,discharge,4,1.3086991524155074,3.415875051664848,-0.9054157927585382,7.977920186292173,-1.0598154469795908,0,-0.047826544316787234,0
B0044,260,charge,4,,4.185711505492433,0.4386054879706012,6.192706577814643,-0.3842899046454524,0,-0.11746629123648189,0
B0044,261,discharge,4,1.2897499583900436,3.420770509924939,-0.8971488250209094,8.016774436428086,-1.0534119789207057,0,-0.04554482598475906,0
B0044,262,charge,4,,4.185773450409738,0.4329502597966028,6.2071253146121865,-0.3846488991171077,0,-0.12080169915576011,0
B0044,263,discharge,4,1.2906172590904164,3.412152763562302,-0.9036459257898942,8.104364904391632,-1.05652630191435,0,-0.04942299982726206,0
B0044,264,impedance,24,,,,,0.27915632115821,0,-0.09927063593196006,0
B0044,265,charge,4,,4.186987966667885,0.4292508543585839,6.109124204077515,-0.3887243138775789,0,-0.11106419358664638,0
B0044,266,impedance,24,,,,,0.27915632115821,0,-0.09927063593196006,0
B0044,267,discharge,4,1.2752011253442166,3.411365387592042,-0.893479421104461,8.021367388918382,-1.0587821992709552,0,-0.04853659344527261,0
B0044,268,charge,4,,4.185738539558719,0.428760428157891,6.139410390428101,-0.3883384066756314,0,-0.11323448260432512,0
B0044,269,discharge,4,1.2686072657374579,3.4151055404827564,-0.8950327018530826,8.012944452376887,-1.0569471330816518,0,-0.04804162766274367,0
B0044,270,charge,4,,4.185638882208892,0.4253089725555918,6.16224670005526,-0.3880451805015777,0,-0.1164423992149472,0
B0044,271,discharge,4,1.2565759973225976,3.413972633337996,-0.8916525424860515,7.944197776199544,-1.060043108407456,0,-0.04924654673061868,0
B0044,272,charge,4,,4.185961398222499,0.4203310678445981,6.126052693685653,-0.3902850991578306,0,-0.11290642309848792,0
B0044,273,discharge,4,1.2486254509320867,3.410670178184504,-0.8905662435522527,7.904886527570053,-1.0637243998401709,0,-0.04755751501500405,0
B0044,274,charge,4,,4.185845838451035,0.4567253887705724,6.105635722762531,-0.3846761470232213,0,-0.10611216118023237,0
B0047,0,discharge,4,1.6743047446975208,3.4752664759657903,-0.9527668403077524,8.272422519178683,-1.0163576732502186,0,-0.028259763678095573,0
B0047,1,impedance,24,,,,,0.27915632115821,0,-0.09927063593196006,0
B0047,2,charge,4,,4.193520837869665,0.5207924895446029,6.279191330194547,-0.3605786936161851,0,-0.09280817586279067,0
B0047,3,impedance,24,,,,,0.27915632115821,0,-0.09927063593196006,0
B0047,4,discharge,4,1.5243662105099023,3.4765588189090355,-0.9838885014038208,8.210715424489035,-1.0237665661232052,0,-0.028459951769283065,0
B0047,5,charge,4,,4.187504197003788,0.5186862418251199,6.4143510033004505,-0.3591335588911854,0,-0.09061102833279122,0
B0047,6,discharge,4,1.5080762969973425,3.4707669643372343,-0.9838892612061608,7.954455063989402,-1.0386185578933227,0,-0.030507996927602532,0
B0047,7,charge,4,,4.189655069774906,0.5135277214530581,6.263927129839187,-0.3651053782658928,0,-0.09354011518281469,0
B0047,8,discharge,4,1.4835577960067696,3.4675514337042928,-0.9789465319710104,7.985864710265716,-1.0385067992053902,0,-0.031851618893803946,0
B0047,9,charge,4,,4.191917514720392,0.5073739203979963,6.251469678656883,-0.3652521149827103,0,-0.09250184076126228,0
B0047,10,discharge,4,1.4671391666146525,3.4628386272032645,-0.9762620303137102,8.009426990342208,-1.0401313088584472,0,-0.030451357201953466,0
B0047,11,charge,4,,4.193113417930489,0.5012755481230531,6.21497944169411,-0.3671283482913794,0,-0.09616162310012882,0
B0047,12,discharge,4,1.448858156982267,3.4591836330966035,-0.971168129982195,8.033626730077737,-1.0405932896485066,0,-0.031068169507423193,0
B0047,13,impedance,24,,,,,0.27915632115821,0,-0.09927063593196006,0
B0047,14,charge,4,,4.199479900529841,0.4945772130097396,6.092666461165559,-0.3693773052179032,0,-0.08250181957334812,0
B0047,15,impedance,24,,,,,0.27915632115821,0,-0.09927063593196006,0
B0047,16,discharge,4,1.4458534180949325,3.440865649757287,-0.970933467028425,8.150799939416203,-1.0476468316412066,0,-0.040407412455600866,0
B0047,17,impedance,24,,,,,0.27915632115821,0,-0.09927063593196006,0
B0047,18,charge,4,,4.196299797709012,0.494706079124223,6.187810206471489,-0.3673704919594396,0,-0.0933767091688108,0
B0047,19,impedance,24,,,,,0.27915632115821,0,-0.09927063593196006,0
B0047,20,discharge,4,1.431118266178283,3.44810227661685,-0.9610547420763002,8.230899786348077,-1.0376290667563044,0,-0.03830257136616544,0
B0047,21,charge,4,,4.194434606990871,0.4918073887438026,6.425894472599308,-0.3588942485792764,0,-0.09855716947021881,0
B0047,22,discharge,4,1.4192745516578533,3.4496654644975946,-0.9582923588349712,8.146945225413083,-1.0397044518694134,0,-0.03540281195673367,0
B0047,23,charge,4,,4.195194011746863,0.4844742944222572,6.331701988672408,-0.3637626608638153,0,-0.0967790042082784,0
B0047,24,discharge,4,1.3999974221808271,3.4449123724079618,-0.9553719838321842,8.251894856354932,-1.037814566335488,0,-0.038590306513790584,0
B0047,25,charge,4,,4.196636862370744,0.4792323425448146,6.3539127187662245,-0.362797551575128,0,-0.09856454743778292,0
B0047,26,discharge,4,1.3885156686114437,3.441830864370845,-0.9527836491780216,8.23497518866995,-1.0401161161231944,0,-0.0401177036720195,0
B0047,27,charge,4,,4.198462571285532,0.4733439927815017,6.299383558313136,-0.3649941928838526,0,-0.0999462484126642,0
B0047,28,discharge,4,1.3652234669528964,3.434468178084287,-0.949814677088373,8.269239827690175,-1.0429843882150007,0,-0.045238848080447314,0
B0047,29,impedance,24,,,,,0.27915632115821,0,-0.09927063593196006,0
B0047,30,charge,4,,4.201236264948579,0.4666393276247713,6.119106088844921,-0.3721156128221397,0,-0.08904156454955026,0
B0047,31,impedance,24,,,,,0.27915632115821,0,-0.09927063593196006,0
B0047,32,discharge,4,1.4060442272970963,3.430115214310407,-0.962374774611937,8.236583239584068,-1.049536325009819,0,-0.047428225507214705,0
B0047,33,impedance,24,,,,,0.27915632115821,0,-0.09927063593196006,0
B0047,34,charge,4,,4.200947231159852,0.4879871428002954,6.2442139643198535,-0.3630793832360547,0,-0.0916577731662212,0
B0047,35,impedance,24,,,,,0.27915632115821,0,-0.09927063593196006,0
B0047,36,discharge,4,1.4057541613525781,3.442078085056046,-0.9528782892582864,8.16126508624072,-1.0431379644826988,0,-0.038155893872190094,0
B0047,37,charge,4,,4.197851110146361,0.4803492490133361,6.326651991576012,-0.3629637302368149,0,-0.0968178110427042,0
B0047,38,discharge,4,1.3867662881727878,3.442467881226828,-0.949763883381583,8.25301239256121,-1.0383742754232612,0,-0.04029448431363447,0
B0047,39,charge,4,,4.198680988504506,0.4725750834617735,6.34182636437102,-0.3631637278592573,0,-0.09928047777048593,0
B0047,40,discharge,4,1.3705053061420223,3.433855142547628,-0.9517106306260904,8.291638340695691,-1.0427695011078673,0,-0.045238848080447314,0
B0047,41,charge,4,,4.199128153383965,0.4680286080585239,6.363038788567033,-0.3627755947306255,0,-0.09865974651402148,0
B0047,42,discharge,4,1.3497431114823601,3.432751730603936,-0.9434304652541514,8.318107121376224,-1.040869340712602,0,-0.045837594274503846,0
B0047,43,charge,4,,4.199490357046566,0.4605810915035159,6.27526016076628,-0.3676520147901204,0,-0.10516879373603899,0
B0047,44,discharge,4,1.3251533367939783,3.4273855541261478,-0.9400482502771172,8.303021352537922,-1.0444621177710738,0,-0.04545038961857151,0
B0047,45,impedance,24,,,,,0.27915632115821,0,-0.09927063593196006,0
B0047,46,charge,4,,4.204909593983731,0.4535761631204663,6.07211429174397,-0.3740583656940042,0,-0.084909547704968,0
B0047,47,impedance,24,,,,,0.27915632115821,0,-0.09927063593196006,0
B0047,48,discharge,4,1.3111943869635805,3.4184685184601045,-0.9371553622323054,8.32601397527908,-1.0488581580636729,0,-0.04923478443198104,0
B0047,49,charge,4,,4.200687492197155,0.4526769344869139,6.207997563153254,-0.3711758671614683,0,-0.10469641043034966,0
B0047,50,discharge,4,0,3.650724657383404,-0.9839651386620408,7.192903163731922,-0.9521756582123776,0,0.00764296356032812,1
B0047,51,charge,4,,4.20790150879879,0.2360567145674879,5.637368513245537,-0.4299910255945388,0,-0.04898671805469201,0
B0047,52,discharge,4,1.3394234405932892,3.4156755122328164,-0.9234823229846594,8.388106987601862,-1.0455732067970682,0,-0.05099069650498689,0
B0047,53,charge,4,,4.201675684962224,0.4448613754713748,6.134010914344963,-0.3751111749876996,0,-0.09708465643834274,0
B0047,54,discharge,4,1.2849157142560723,3.4189443106786306,-0.9304720950574632,8.304841644444155,-1.0482479210988858,0,-0.04806098696363981,0
B0047,55,charge,4,,4.201116653934024,0.4412040962296821,6.2541368729785685,-0.3709772037381206,0,-0.10486321867633136,0
B0047,56,discharge,4,1.281719159327807,3.414783557486352,-0.9322821459755778,8.319029412369582,-1.0507202820336776,0,-0.051595525429415035,0
B0047,57,impedance,24,,,,,0.27915632115821,0,-0.09927063593196006,0
B0047,58,charge,4,,4.205978517025572,0.434990885455992,6.056088458175721,-0.3773908302035496,0,-0.0845938460956146,0
B0047,59,impedance,24,,,,,0.27915632115821,0,-0.09927063593196006,0
B0047,60,discharge,4,1.2600051642942829,3.409591730169167,-0.9267897523084676,8.40175592495139,-1.0496124545045218,0,-0.05362992635836128,0
B0047,61,charge,4,,4.202742782656665,0.4349089878885845,6.210243729854372,-0.3729221840360354,0,-0.10550000220330619,0
B0047,62,discharge,4,1.266070385993126,3.4076452403509663,-0.9316504925123938,8.395347720509115,-1.0520537123615534,0,-0.05273221746773815,0
B0047,63,charge,4,,4.201912739780461,0.4329879804698602,6.182640696176797,-0.3750049292455464,0,-0.10571183477615237,0
B0047,64,discharge,4,1.2413590294280803,3.407201115194828,-0.9255669375549472,8.419292173692186,-1.0502215165994937,0,-0.05447561356299502,0
B0047,65,charge,4,,4.202580692565229,0.4269148375399343,6.136272149551929,-0.377650926748605,0,-0.10253022781556981,0
B0047,66,discharge,4,1.2298873703485311,3.402851724115477,-0.9273633082574368,8.293327119939335,-1.058841005182776,0,-0.05150471841105442,0
B0047,67,charge,4,,4.203217812606892,0.4228666013470354,6.141501528808663,-0.3777341815505191,0,-0.1028996202660501,0
B0047,68,discharge,4,1.228088614506696,3.398740761774466,-0.9267828902753352,8.49190236531868,-1.052923167202595,0,-0.05535215251534786,0
B0047,69,impedance,24,,,,,0.27915632115821,0,-0.09927063593196006,0
B0047,70,charge,4,,4.206994473886876,0.4184424376066384,5.997352917884704,-0.3822269987649253,0,-0.08387028396891755,0
B0047,71,impedance,24,,,,,0.27915632115821,0,-0.09927063593196006,0
B0047,72,discharge,4,1.2139857189070042,3.3945066004903923,-0.9236824517720292,8.437149776270967,-1.05752211128951,0,-0.055827369387480674,0
B0047,73,charge,4,,4.204168206769557,0.4202240581724371,6.143440569877446,-0.3774978877952991,0,-0.10087216299480706,0
B0047,74,discharge,4,1.2173435064564189,3.39192930556013,-0.9289085100178416,8.429621946088576,-1.0604951835164953,0,-0.05551381675271683,0
B0047,75,charge,4,,4.204667229142807,0.4175325417433043,6.137450498889958,-0.3779102297219417,0,-0.10042206925541486,0
B0047,76,discharge,4,1.2073445944515917,3.39128980672992,-0.9282275865985666,8.46306110156025,-1.0593585284567697,0,-0.05617433875000777,0
B0047,77,charge,4,,4.204367360369479,0.4144175704363852,6.169863059975235,-0.3772772839141612,0,-0.10523861751807201,0
B0047,78,discharge,4,1.18804049227045,3.3932667889977317,-0.9244391789678552,8.459204966688853,-1.0575316786191618,0,-0.05635171279463347,0
B0047,79,charge,4,,4.204504370872263,0.409594488647335,6.186961067003751,-0.3773213231459076,0,-0.10586992237740561,0
B0047,80,discharge,4,1.186304749886542,3.3838600818009588,-0.9270544586298616,8.493224799915222,-1.0627713392953086,0,-0.057752209192291626,0
B0047,81,impedance,24,,,,,0.27915632115821,0,-0.09927063593196006,0
B0047,82,charge,4,,4.207446252928076,0.4053218282497912,6.077535332475139,-0.3808471171421111,0,-0.0874177420798497,0
B0047,83,impedance,24,,,,,0.27915632115821,0,-0.09927063593196006,0
B0047,84,discharge,4,1.2613935471028506,3.3866520851320576,-0.9460868598841972,8.466232868159803,-1.0655145653610574,0,-0.05980221905400063,0
B0047,85,impedance,24,,,,,0.27915632115821,0,-0.09927063593196006,0
B0047,86,charge,4,,4.206037628675572,0.4392978619049421,6.214979525051872,-0.3697448424342002,0,-0.09304954361568729,0
B0047,87,impedance,24,,,,,0.27915632115821,0,-0.09927063593196006,0
B0047,88,discharge,4,1.2648246158850653,3.402095154295076,-0.935687160235108,8.553128334903379,-1.0496752905109663,0,-0.0548194958549012,0
B0047,89,charge,4,,4.203138999754099,0.4356585917615765,6.25424790528249,-0.3706329979041517,0,-0.10465332232036656,0
B0047,90,discharge,4,1.2466494548982199,3.404625504614091,-0.9401469539731848,8.342818484380935,-1.0578440401387976,0,-0.05293139116030954,0
B0047,91,charge,4,,4.203170749305455,0.4218901947759101,6.153767266905195,-0.3774141741022545,0,-0.10565853239668627,0
B0047,92,discharge,4,1.2333924152795082,3.3977378433240317,-0.9395699773936356,8.481468325698998,-1.0563419090259183,0,-0.05497309701746933,0
B0047,93,charge,4,,4.203630851563333,0.4234660835614204,6.281815961969939,-0.3713209032000525,0,-0.10795526019550722,0
B0047,94,discharge,4,1.2129250072037692,3.39454078926717,-0.9358360923749524,8.425193812256257,-1.060205127002371,0,-0.05565584430351245,0
B0047,95,charge,4,,4.203986330280333,0.4170090691373015,6.263763451563647,-0.3730258875544451,0,-0.10899194232343473,0
B0047,96,discharge,4,1.1999106597943647,3.397135252361952,-0.9347239037948782,8.471726206300676,-1.056285892934168,0,-0.054654910536989454,0
B0047,97,impedance,24,,,,,0.27915632115821,0,-0.09927063593196006,0
B0047,98,charge,4,,4.207435158926691,0.4095500330776799,6.161638305944064,-0.3764766986079028,0,-0.09491449286973297,0
B0047,99,impedance,24,,,,,0.27915632115821,0,-0.09927063593196006,0
B0047,100,discharge,4,1.1902559038393383,3.384557786350807,-0.9317054169779714,8.510483818712029,-1.0624060482843072,0,-0.05758133537861265,0
B0047,101,charge,4,,4.204698328773422,0.4117439928891505,6.232245784277484,-0.3748586053138345,0,-0.10693469123567662,0
B0047,102,discharge,4,1.1892563795455853,3.38207924956575,-0.9431234654151266,8.530222967717657,-1.065258230215158,0,-0.0589971995443872,0
B0047,103,charge,4,,4.204367303680974,0.4087170072204892,6.173880396365787,-0.3781326377049601,0,-0.1060643445433554,0
B0047,104,discharge,4,1.167069685125939,3.3808097620789024,-0.936452141533906,8.420605358837513,-1.0696080488642437,0,-0.05834092612490005,0
B0047,105,charge,4,,4.204275467629636,0.4036908682874204,6.197936764800582,-0.3780657546737282,0,-0.10783905618798117,0
B0047,106,discharge,4,1.1615348403090369,3.382026759648077,-0.9330135422416264,8.51215713252602,-1.0642464146175543,0,-0.05799895072611605,0
B0047,107,charge,4,,4.204794193389337,0.4003799802682961,6.177861019167903,-0.3791822313605534,0,-0.10254280646862945,0
B0047,108,discharge,4,1.1555563844349988,3.376424700878435,-0.9354455085688508,8.54602737861718,-1.0669394831118293,0,-0.058496309987738915,0
B0047,109,impedance,24,,,,,0.27915632115821,0,-0.09927063593196006,0
B0047,110,charge,4,,4.207763160123213,0.3957217678777699,6.052272625093543,-0.3834543874413072,0,-0.08723609177496938,0
B0047,111,impedance,24,,,,,0.27915632115821,0,-0.09927063593196006,0
B0047,112,discharge,4,1.1488524666097713,3.3729563491800936,-0.9350017140200774,8.4485741292899,-1.0733458297585887,0,-0.0575224246401389,0
B0047,113,charge,4,,4.204663022683801,0.3944938251009059,6.1797729359692415,-0.3802483997985744,0,-0.10550085790294511,0
B0047,114,discharge,4,1.143572986788779,3.37864248825242,-0.9345624675488318,8.334392904335672,-1.0744086998431657,0,-0.05612929944777367,0
B0047,115,charge,4,,4.204118743898251,0.3938139126759178,6.103318574823602,-0.3840179988373906,0,-0.09998338983284916,0
B0047,116,discharge,4,1.1418015379428537,3.370172138170829,-0.940582322918386,8.548983420432004,-1.0718800695839303,0,-0.05906374923489144,0
B0047,117,charge,4,,4.20472704038015,0.3939139927877681,6.162003682485233,-0.3810743966642521,0,-0.10398900821666762,0
B0047,118,discharge,4,1.136058647502255,3.367920943746027,-0.940166082376245,8.545644001542279,-1.0734396089464926,0,-0.058608064174755836,0
B0047,119,charge,4,,4.204572560055919,0.3911627063711972,6.139935537789659,-0.3826214941396278,0,-0.10091005631799,0
B0047,120,discharge,4,1.1236364680969286,3.3731133787458685,-0.9385550163357156,8.530684068571668,-1.0703530018563443,0,-0.057813475341835674,0
B0047,121,impedance,24,,,,,0.27915632115821,0,-0.09927063593196006,0
B0047,122,charge,4,,4.20767761396186,0.3844244564720974,5.958012668187539,-0.3896002276263473,0,-0.0815893634290602,0
B0047,123,impedance,24,,,,,0.27915632115821,0,-0.09927063593196006,0
B0047,124,discharge,4,1.1320498900328944,3.357068473489348,-0.9458548848985764,8.5880890540764,-1.0798289463104331,0,-0.057833825539384986,0
B0047,125,charge,4,,4.204815660377147,0.3926419117293033,6.1876868228180575,-0.3801410765883786,0,-0.1047721989373212,0
B0047,126,discharge,4,1.1170101762158153,3.3691516897861757,-0.9389122330771016,8.520717953543993,-1.0734698054516605,0,-0.058266837987882236,0
B0047,127,charge,4,,4.205053049520213,0.3862489147687039,6.165450652648644,-0.3820925717533072,0,-0.10207245561704276,0
B0047,128,discharge,4,1.120043039721982,3.3578225461504885,-0.948386177478966,8.509426489984776,-1.0831673870629843,0,-0.057143472088168834,0
B0047,129,charge,4,,4.205041577039904,0.3863055296713045,6.181352215855617,-0.3814064112974975,0,-0.1028911842274714,0
B0047,130,discharge,4,1.1059773445917063,3.3676285575809373,-0.9414049088928778,8.454153696786289,-1.077789500901193,0,-0.058146788904994584,0
B0047,131,charge,4,,4.205614733105979,0.3815626368082575,6.131611601924141,-0.3840202594061955,0,-0.09550792991128582,0
B0047,132,discharge,4,0,3.449492446913663,-0.9867055393374604,8.047459499367323,-1.0492194414301246,0,-0.034566554037730235,0
B0047,133,impedance,24,,,,,0.27915632115821,0,-0.09927063593196006,0
B0047,134,charge,4,,4.209217970592571,0.3360390276148052,5.951243456342401,-0.3975965230458491,0,-0.07576376671358093,0
B0047,135,impedance,24,,,,,0.27915632115821,0,-0.09927063593196006,0
B0047,136,discharge,4,1.1907902374762016,3.372493003925355,-0.9331169601303768,8.476574571858773,-1.0721091997712355,0,-0.05718046367587093,0
B0047,137,impedance,24,,,,,0.27915632115821,0,-0.09927063593196006,0
B0047,138,charge,4,,4.207338855887127,0.4108151593496313,6.161768674885032,-0.3763067341495117,0,-0.09487134766117472,0
B0047,139,impedance,24,,,,,0.27915632115821,0,-0.09927063593196006,0
B0047,140,discharge,4,1.2012387088454022,3.382136756328252,-0.9478477265636572,8.567006275916873,-1.0644909086362513,0,-0.059844571788063905,0
B0047,141,charge,4,,4.203981854664121,0.4120912013715052,6.300888286646537,-0.3723198522054324,0,-0.11130066456383403,0
B0047,142,discharge,4,1.1906909549024802,3.383822718764627,-0.9564435237852028,8.607327084258758,-1.0631911047714029,0,-0.06125379064909109,0
B0047,143,charge,4,,4.203712316563817,0.4076340489564569,6.34246249083163,-0.371515033208152,0,-0.11001257708917317,0
B0047,144,discharge,4,1.1764375730308343,3.3860339727551585,-0.9528668500629852,8.707959029152644,-1.0567557137332413,0,-0.06069479039254344,0
B0047,145,charge,4,,4.203623701422696,0.4032484609460148,6.519920784198943,-0.3647363209873867,0,-0.09831896864659312,0
B0047,146,discharge,4,1.1628110372792353,3.384139592385293,-0.9523529313575728,9.003534328496398,-1.0452120661927171,0,-0.06792881540104123,0
B0047,147,charge,4,,4.203644585648087,0.4013851192816491,6.685385595686235,-0.357945791288397,0,-0.08921284699848364,0
B0047,148,discharge,4,1.1516152840582585,3.382777180161617,-0.9518066439769568,9.02852617906244,-1.0449416223742662,0,-0.06817058487450489,0
B0047,149,impedance,24,,,,,0.27915632115821,0,-0.09927063593196006,0
B0047,150,charge,4,,4.207715020355373,0.3942386493471108,6.471483297343151,-0.3657334096740364,0,-0.09294209117663216,0
B0047,151,impedance,24,,,,,0.27915632115821,0,-0.09927063593196006,0
B0047,152,discharge,4,1.1583673498348623,3.364536091766799,-0.9517057744990748,9.027729535660669,-1.057039450018389,0,-0.06927875142287498,0
B0047,153,impedance,24,,,,,0.27915632115821,0,-0.09927063593196006,0
B0047,154,charge,4,,4.207768529758282,0.4014493829496118,6.459661963696386,-0.3649057817165994,0,-0.09223385522072036,0
B0047,155,impedance,24,,,,,0.27915632115821,0,-0.09927063593196006,0
B0047,156,discharge,4,1.1692285288386206,3.378760315037,-0.9457722537487264,9.071608131387514,-1.0446620050739657,0,-0.06787111129031287,0
B0047,157,charge,4,,4.204115626382852,0.4025764996873849,6.611256213114639,-0.3606055048217162,0,-0.0936237993640251,0
B0047,158,discharge,4,1.1588148476218465,3.38042492580436,-0.9517682668620396,9.050284055951,-1.0455573992023677,0,-0.06845605830824658,0
B0047,159,charge,4,,4.203607285270917,0.3977050242777862,6.617375950755113,-0.3615576275127465,0,-0.09431100178071161,0
B0047,160,discharge,4,1.1439588147705457,3.3757552328187086,-0.9577750037054298,8.986064263951343,-1.0524941082717831,0,-0.06987584466822166,0
B0047,161,charge,4,,4.203686496982892,0.3947859467039345,6.638917985005954,-0.3611055596294252,0,-0.09363166664314032,0
B0047,162,discharge,4,1.1383941068159398,3.374465176072899,-0.9541869981546398,9.036875447987502,-1.050517336867205,0,-0.06899212000618288,0
B0047,163,charge,4,,4.204300191671364,0.3911574810921054,6.620432456425521,-0.3621480472991861,0,-0.09260963826686996,0
B0047,164,discharge,4,0,3.628707731152901,-0.979203566480338,7.698431744424151,-0.9441688312461748,0,0.002990312625300806,1
B0047,165,impedance,24,,,,,0.27915632115821,0,-0.09927063593196006,0
B0047,166,charge,4,,4.210137152702504,0.1974650504200389,5.94521986066383,-0.4222362778109775,0,-0.05538992014209487,0
B0047,167,impedance,24,,,,,0.27915632115821,0,-0.09927063593196006,0
B0047,168,discharge,4,1.2213102850395667,3.385080798978957,-0.9269695970852068,9.095394308322597,-1.036062463249653,0,-0.06635388112449786,0
B0047,169,impedance,24,,,,,0.27915632115821,0,-0.09927063593196006,0
B0047,170,charge,4,,4.207273394827042,0.4111298417467497,6.477533347727088,-0.362719785612411,0,-0.09336615269703363,0
B0047,171,impedance,24,,,,,0.27915632115821,0,-0.09927063593196006,0
B0047,172,discharge,4,1.2031062978889062,3.390089045063424,-0.9526683776410486,9.009063913586548,-1.0410907045984883,0,-0.06615383709197165,0
B0047,173,charge,4,,4.2030107758477655,0.4122473683405306,6.701880562969103,-0.3556976947065108,0,-0.09447474215918478,0
B0047,174,discharge,4,1.1897147112197684,3.3919885847746998,-0.9591403423116251,8.958051495293551,-1.0431925189181213,0,-0.0653814757406403,0
B0047,175,charge,4,,4.203057607303927,0.4069659179853777,6.672631498720137,-0.3578764120698577,0,-0.09364164770218142,0
B0047,176,discharge,4,1.177422568842014,3.386239960829826,-0.9554277687381624,8.972563208541265,-1.0457067441308234,0,-0.06727689491095745,0
B0047,177,charge,4,,4.203420431681314,0.4036938719445325,6.67664074597477,-0.3580538187343183,0,-0.09129234667737302,0
B0047,178,discharge,4,1.158443027293818,3.383817098626054,-0.9577201485364992,9.037146843138396,-1.0449486812440332,0,-0.06915339866861059,0
B0047,179,charge,4,,4.203391763081669,0.3993841793905051,6.677614025426833,-0.3588081544681435,0,-0.09190681023524178,0
B0047,180,discharge,4,1.1567087516841796,3.3818846696550438,-0.957312378021018,9.009035929017504,-1.0473634526016338,0,-0.0692276352218274,0
B0047,181,impedance,24,,,,,0.27915632115821,0,-0.09927063593196006,0
B0047,182,charge,4,,4.208013207373918,0.3927737393118241,6.457979061768442,-0.3663805796431701,0,-0.09378024462120721,0
B0047,183,impedance,24,,,,,0.27915632115821,0,-0.09927063593196006,0
B0049,0,discharge,4,0.8583727215167135,3.053366988981642,-1.991100813305088,13.052857746525287,-1.2775517955233195,0,0.027261744044726477,1
B0049,1,impedance,24,,,,,0.27915632115821,0,-0.09927063593196006,0
B0049,2,charge,4,,4.185882626065747,0.6069042827374549,6.633028367412107,-0.3348987218066046,0,-0.06979998592246955,0
B0049,3,impedance,24,,,,,0.27915632115821,0,-0.09927063593196006,0
B0049,4,discharge,4,1.4209057149417375,3.2129415422375103,-1.83826156002667,12.628005551626734,-1.162560120959971,0,-0.010603534964177319,0
B0049,5,charge,4,,4.182883613936776,0.5836769038672602,6.8063809228397005,-0.3336219877069971,0,-0.06713414077352148,0
B0049,6,discharge,4,1.372852133389263,3.184979657873478,-1.9024015568068968,12.625179528928726,-1.1927684679687511,0,0.00506607124689884,1
B0049,7,charge,4,,4.179230651338003,0.5809858134419952,6.887514347327035,-0.3330391543229251,0,-0.059708386390745716,0
B0049,8,discharge,4,1.3643742487429145,3.3418301077163908,-1.7343383193976387,11.462796138822773,-1.1085394102289108,0,-0.07665500361092564,0
B0049,9,charge,4,,4.1084930789600165,1.506956905975434,8.10258454119928,-0.1606756919384073,0,0.045195376922113284,1
B0049,10,discharge,4,2.378643730568756,3.2625681004485227,-2.0045868396237765,14.669814873687034,-1.0719148413468482,0,0.010925067762356466,1
B0049,11,impedance,24,,,,,0.27915632115821,0,-0.09927063593196006,0
B0049,12,charge,4,,4.202240618573202,0.4459928026999296,6.501715930302891,-0.3587266811493287,0,-0.09711128689687831,0
B0049,13,impedance,24,,,,,0.27915632115821,0,-0.09927063593196006,0
B0049,14,discharge,4,1.0605357965671216,3.444775461340988,-0.8640775471976618,10.159724053383584,-0.93943119936637,0,-0.03654031625982457,0
B0049,15,charge,4,,4.201716520939931,0.4223279308948985,6.3986373903472415,-0.3677723636963387,0,-0.10760752419307779,0
B0049,16,discharge,4,1.0069932376659496,3.226430104098529,-1.6316825774505053,12.747809437833528,-1.1112229388523596,0,-0.007399375267853725,0
B0049,17,charge,4,,4.198839639951087,0.405731047272794,6.493040241070202,-0.3686127885911461,0,-0.10905845798089547,0
B0049,18,discharge,4,0.9298775334359536,3.226587700876868,-1.5413805979962576,12.859387226194556,-1.0900377007167472,0,0.0011871666136917813,1
B0049,19,charge,4,,4.200851819134398,0.3894575461444083,6.406022896371404,-0.3739552689503429,0,-0.11162284347479723,0
B0049,20,discharge,4,0.9232377029483808,3.2214892828227866,-1.5480032557315486,12.77865014417398,-1.0980794598185202,0,0.0018606465550211615,1
B0049,21,charge,4,,4.200378981723827,0.3820131662203919,6.427516227739803,-0.3746870048897961,0,-0.1109903389411262,0
B0049,22,discharge,4,0.9053279121173716,3.3410764354812947,-1.2679865452905723,11.60077882051404,-1.0190080394610952,0,-0.050530455940253405,0
B0049,23,impedance,24,,,,,0.27915632115821,0,-0.09927063593196006,0
B0049,24,charge,4,,4.203432106918181,0.3536609187474114,6.274644447112395,-0.3843490773840337,0,-0.10902727801238482,0
B0049,25,impedance,24,,,,,0.27915632115821,0,-0.09927063593196006,0
B0049,26,discharge,4,0.8595848360639872,3.064645703434,-1.9918699549524488,12.46216600618278,-1.2956118303977513,0,0.01762925069844401,1
B0049,27,charge,4,,4.194456609106591,0.3611093058316725,6.845690244336657,-0.3644035436791087,0,-0.09405468194484456,0
B0049,28,discharge,4,0.8369614294820705,3.2359600944959555,-1.4315359583206415,12.68524460660397,-1.0715070040339516,0,-0.0010802256846378366,0
B0049,29,charge,4,,4.202355360285156,0.3551071200761232,6.392352944065615,-0.3797415945435299,0,-0.107407561067142,0
B0049,30,discharge,4,0.8456824187653132,3.306834813693079,-1.282717511127997,12.070917134385256,-1.0241345665542687,0,-0.03306025437688942,0
B0049,31,charge,4,,4.203144818470912,0.3401176151184201,6.281596305470814,-0.3866828461216298,0,-0.10740464940288352,0
B0049,32,discharge,4,0.8071214007577537,3.027048731210282,-1.99132682330145,12.931744232686029,-1.3002303682912528,0,0.03287556931130897,1
B0049,33,charge,4,,4.195225079766948,0.353099907888225,6.809160893810756,-0.3669091866746394,0,-0.0936472432244746,0
B0049,34,discharge,4,0.7820744360746734,3.0458944536011447,-1.9900791687971109,12.53100572898693,-1.3047493973371425,0,0.027604859099972345,1
B0049,35,impedance,24,,,,,0.27915632115821,0,-0.09927063593196006,0
B0049,36,charge,4,,4.204055643031066,0.3319254714241648,6.253536114234008,-0.3887631000787834,0,-0.10229205898750054,0
B0049,37,impedance,24,,,,,0.27915632115821,0,-0.09927063593196006,0
B0049,38,discharge,4,0.7953019444133349,3.0556096413337333,-1.9889148395636456,12.335513729341908,-1.306508166688928,0,0.021353007135251123,1
B0049,39,charge,4,,4.196378218382364,0.3300499399645851,6.713402217923067,-0.3744184291040899,0,-0.08870922669261894,0
B0049,40,discharge,4,0,3.633321533272128,-1.8455690193556893,7.437341180783139,-1.108571604186451,0,0.024056954489241833,1
B0049,41,charge,4,,4.191444684412012,0.0537263993377412,5.94557240836069,-0.4605228621566622,0,-0.04109902699799384,0
B0049,42,discharge,4,0.7752051154719997,2.9848405470772863,-1.990973959623023,13.18736744544518,-1.3171345370847911,0,0.03233108760894132,1
B0049,43,charge,4,,4.195839769644171,0.33228702348111,6.758430527045934,-0.3724360408043115,0,-0.08774269178415234,0
B0049,44,discharge,4,0.7711865903845158,3.216101228170252,-1.4760043090484107,12.73854385905339,-1.0903883214403152,0,0.0023090530046337987,1
B0049,45,charge,4,,4.202422239139362,0.3162415586592637,6.342222767864982,-0.3888610006710035,0,-0.09978289096476123,0
B0049,46,discharge,4,0.7585098914517947,3.0487042882213067,-1.9881249898325228,12.43174282130699,-1.3068028766856528,0,0.0235864054988556,1
B0049,47,impedance,24,,,,,0.27915632115821,0,-0.09927063593196006,0
B0049,48,charge,4,,4.204002162553279,0.3119493207429108,6.225045351312692,-0.3936256188583753,0,-0.09800449124872418,0
B0049,49,impedance,24,,,,,0.27915632115821,0,-0.09927063593196006,0
B0049,50,discharge,4,0.7349386490499009,2.97408172255637,-1.9893873144726053,13.382353818734751,-1.3155926485912397,0,0.03378994726214346,1
B0049,51,charge,4,,4.196345841657057,0.3335450389627689,6.75332768057633,-0.3720933391593238,0,-0.08929475245732715,0
B0049,52,discharge,4,0.7366758033690756,3.044469563288436,-1.9869251503871836,12.300881528020009,-1.3150165694793834,0,0.022862249140106705,1
B0049,53,charge,4,,4.197533179703845,0.3085074001767031,6.663209267245541,-0.3796959210266348,0,-0.08198513949708247,0
B0049,54,discharge,4,0.7093946599203638,2.977231196667954,-1.9884870151283096,13.146013541941878,-1.3235036724317266,0,0.029770965379967262,1
B0049,55,charge,4,,4.19707309382716,0.3174118443403265,6.730420611780718,-0.375505709789326,0,-0.084533702652894,0
B0049,56,discharge,4,0.7186465009220309,3.022114915131473,-1.9864544147288472,12.419820365387574,-1.32462527972185,0,0.027039149696473364,1
B0049,57,charge,4,,4.197665735096728,0.303629512217952,6.659251860149705,-0.3806578890219193,0,-0.08234863683788629,0
B0049,58,discharge,4,0.6913885231046639,2.9634989615749228,-1.9877745412866723,13.214727037699832,-1.329516835894402,0,0.030230855474688068,1
B0049,59,impedance,24,,,,,0.27915632115821,0,-0.09927063593196006,0
B0049,60,charge,4,,4.204250622533935,0.3073502646496339,6.224660354035511,-0.3943069711509439,0,-0.09768381169237295,0
B0049,61,impedance,24,,,,,0.27915632115821,0,-0.09927063593196006,0
B0050,0,discharge,4,0.8631448527758341,3.058057702902253,-1.967882341520864,14.106047002561937,-1.224985151128004,0,0.027447126865576377,1
B0050,1,impedance,24,,,,,0.27915632115821,0,-0.09927063593196006,0
B0050,2,charge,4,,4.178172161401762,0.6580302306480035,6.787222693657037,-0.3241576548252266,0,-0.05446710986637393,0
B0050,3,impedance,24,,,,,0.27915632115821,0,-0.09927063593196006,0
B0050,4,discharge,4,1.648789607776492,3.2490350549942337,-2.000046726807743,12.8824732418262,-1.156890779357716,0,0.009076504935890073,1
B0050,5,charge,4,,4.169173475496997,0.6301738794909533,7.211415330244377,-0.316906807847889,0,-0.0504857179402628,0
B0050,6,discharge,4,1.601636485397804,3.276984379936998,-2.000149531228784,12.442013542177062,-1.1573311445470484,0,-0.00803989820261064,0
B0050,7,charge,4,,4.169914458210832,0.6103376259774111,7.172556105834922,-0.3216635968008554,0,-0.05229641988442679,0
B0050,8,discharge,4,1.5517564797427017,3.2890741542906974,-1.999381685199029,12.067451252934292,-1.165286204376157,0,-0.014180724655518229,0
B0050,9,charge,4,,4.039109740656195,1.5130617722886297,10.40354472651378,-0.1066202377983896,0,0.06722360066061706,1
B0050,10,discharge,4,0.03255841710834194,4.452558225780352,-0.0292842667586465,5.787557091529866,-0.3093395000529908,0,-0.01777292505041006,0
B0050,11,impedance,24,,,,,0.27915632115821,0,-0.09927063593196006,0
B0050,12,charge,4,,4.510929550006653,-0.0024247828997688,5.872487303398863,-0.2621834103478427,0,-0.027614299284972388,0
B0050,13,impedance,24,,,,,0.27915632115821,0,-0.09927063593196006,0
B0050,14,discharge,4,2.6401491157387014,3.3355734950869853,-2.0055567331475808,15.239769089136006,-0.9992352426599704,0,-0.01357573470793727,0
B0050,15,charge,4,,4.183886061133019,0.5511271454550176,7.424077038667819,-0.3122753879358054,0,-0.0626013025837846,0
B0050,16,discharge,4,1.359027658891632,3.2573285012561177,-1.9976916428210447,12.391726056611567,-1.1720684195538915,0,0.0006279544118974467,1
B0050,17,charge,4,,4.182552439299808,0.502038616576047,7.005094128181653,-0.3400215681842969,0,-0.07424162286964142,0
B0050,18,discharge,4,1.3742172692238257,3.2495783074004967,-1.9978786539081472,12.491970904185653,-1.1729262389435011,0,0.0046663526353381,1
B0050,19,charge,4,,4.183830043689768,0.5075576938754999,6.999608620637289,-0.3384158848901231,0,-0.07539942184527154,0
B0050,20,discharge,4,1.3528030430821978,3.2675758567757787,-1.9973459914842016,12.223956310303723,-1.172430672046146,0,-0.007116529161739549,0
B0050,21,charge,4,,4.183151960217256,0.496769484371627,6.965318664847011,-0.3422844877630123,0,-0.08257621800665588,0
B0050,22,discharge,4,1.3607406193458433,3.1510598793508446,-1.998781859378724,13.38638423557352,-1.199894126624326,0,0.022948395756898554,1
B0050,23,impedance,24,,,,,0.27915632115821,0,-0.09927063593196006,0
B0050,24,charge,4,,4.187190424156094,0.548700845373642,6.558105841549488,-0.3477492321696442,0,-0.07967809252962232,0
B0050,25,impedance,24,,,,,0.27915632115821,0,-0.09927063593196006,0
B0050,26,discharge,4,0.5268786924650971,3.5669768532640598,-0.981190437842449,9.39503756076183,-0.9124830399746268,0,-0.017434932640513878,0
B0050,27,charge,4,,4.197157514428664,0.2006930313162883,6.061590339930205,-0.4252487376329228,0,-0.0708225054574042,0
B0050,28,discharge,4,1.4002714246164416,3.252056715450036,-1.9975116671519328,12.718196082251708,-1.1614939283906605,0,0.007279437873203065,1
B0050,29,charge,4,,4.186298895644077,0.4905833374226251,6.987443847127605,-0.3403646457719007,0,-0.08672166907319684,0
B0050,30,discharge,4,1.4289274755270827,3.0874838435029104,-1.9977018363826191,14.939082954475598,-1.1750634232586885,0,0.03389621683769528,1
B0050,31,charge,4,,3.6693303978727743,0.0039440535809729,6.365166044901881,-0.7972798770834977,0,0.0010460193664775241,1
B0050,32,discharge,4,0.07658354174014805,3.527243039562959,-0.1977094301032127,7.209330122235991,-0.8914673177468307,0,0.004808534604955006,1
B0050,33,charge,4,,3.84724729330604,0.1945506102758082,6.082819296112676,-0.6572028441786946,0,-0.0014436715881944728,0
B0050,34,discharge,4,0.5736933387569048,3.2035526569134523,-1.2349850771455335,12.119721382650448,-1.0818365974126356,0,-0.001218529207105301,0
B0050,35,impedance,24,,,,,0.27915632115821,0,-0.09927063593196006,0
B0050,36,charge,4,,3.7969148093532574,0.1185605218642662,5.965088254336997,-0.7093044179906035,0,0.0030710867314435175,1
B0050,37,impedance,24,,,,,0.27915632115821,0,-0.09927063593196006,0
B0050,38,discharge,4,0.3014742035427856,3.4168857432287325,-0.6917680676449821,9.057556338502184,-0.9742084544182044,0,-0.03951379309510039,0
B0050,39,charge,4,,3.790673514245541,0.1141923424632723,5.958510872587016,-0.7145087369973236,0,0.0037656129720666787,1
B0050,40,discharge,4,0,3.322716204974352,-1.843513884384404,7.604996558081503,-1.3067199399045777,0,-0.018308483928201946,0
B0050,41,charge,4,,4.19064136354875,0.4813319477441049,6.597052575484162,-0.3559382848190295,0,-0.09691670562073473,0
B0050,42,discharge,4,0.17956542632321462,3.290574483611846,-0.3449244129710352,7.204792493597744,-1.0749649451437189,0,0.008119433973231782,1
B0050,43,charge,4,,4.064028066406388,-0.0012660013412585,5.785425978653488,-0.5617168961741686,0,-0.001471248919952317,0
B0050,44,discharge,4,1.179168781562907,3.210764993027875,-1.9854902626239652,12.058448732368104,-1.2150352541720586,0,-0.0028264134407016694,0
B0050,45,charge,4,,3.668569438839389,-0.0015907372300187,6.276883624201458,-0.8025769371768059,0,-0.0011591237114826347,0
B0050,46,discharge,4,0.0961913170505672,3.520738945664212,-0.2895802350133808,7.604057088612014,-0.895374824701288,0,0.008209169044359088,1
B0050,47,impedance,24,,,,,0.27915632115821,0,-0.09927063593196006,0
B0050,48,charge,4,,3.793541277710899,0.101186161916101,5.912334301999461,-0.7169397271336655,0,0.004589613902361678,1
B0050,49,impedance,24,,,,,0.27915632115821,0,-0.09927063593196006,0
B0050,50,discharge,4,0.27808517709104497,3.351098653030788,-0.730533269815449,10.185710952125977,-0.9762772596733782,0,-0.04317783746616255,0
B0050,51,charge,4,,3.546351637604784,0.2443000050636025,6.144285312973134,-0.8448838718100997,0,-0.011682310246478256,0
B0050,52,discharge,4,[],3.40018711839692,-0.0026691029202025,5.65936924570859,-1.0070759813259669,0,-0.003354024850752424,0
B0050,53,charge,4,,1.2524581441216311,0.0257431252668478,5.805565399286071,-2.4181912000514614,0,0.09022706220196142,1
B0050,54,discharge,4,[],0.2966779489160762,-0.000204816099594,5.884714514591004,-3.0525180887805963,0,0.053986923641705986,1
B0050,55,charge,4,,0.2932807595789774,0.0007972921691598,5.758432319801279,-3.060015868753029,0,0.08413153743201218,1
B0050,56,discharge,4,[],0.2419777315173317,-0.0003686155594945,5.647486022663556,-3.0989752586461954,0,0.041861675538551246,1
B0050,57,charge,4,,0.2825106263952931,0.0008904327984676,5.742525284952134,-3.067816329693636,0,0.08395810388144409,1
B0050,58,discharge,4,[],0.2347227633226908,-0.0003350898998805,5.894264423762076,-3.093166364085329,0,0.038484696009901675,1
B0050,59,impedance,24,,,,,0.27915632115821,0,-0.09927063593196006,0
B0050,60,charge,4,,0.2806422779695136,0.0008570172502585,5.733560288507886,-3.0694452066580085,0,0.0846147906796133,1
B0050,61,impedance,24,,,,,0.27915632115821,0,-0.09927063593196006,0
