battery_id,cycle_idx,cycle_type,ambient_temp,capacity,voltage_mean,voltage_max,voltage_min,current_mean,current_max,current_min,temp_mean,temp_max,temp_min,temp_range,voltage_range,current_range,capacity_ah,ambient_temp_c,re,rct,risk_score,proxy_label,autoencoder_score,autoencoder_pred
B0029,0,impedance,43,,,,,,,,,,,,,,,43,,,0.27915632115821,0,0.0002632471,0
B0029,1,discharge,43,1.697507332205763,3.365186047785184,4.122758586822445,1.999936473158621,-3.975396217019724,-0.0003206602131699,-4.025628898561539,51.631545591665024,58.72626885895911,43.40626577176862,15.320003087190486,2.1228221136638235,4.025308238348369,1.697507332205763,43,,,0.2294969523461152,0,0.0089054275,0
B0029,2,charge,43,,4.102901683889376,4.209609847633447,2.9116942110363646,0.7372652061239171,1.5170779201065494,-3.133555491446764,45.36087852627897,57.8003658552795,44.58156156945136,13.218804285828142,1.2979156365970828,4.650633411553313,,43,,,1.2984156984818342,1,0.0073477603,0
B0029,3,discharge,43,1.844701206961174,3.390592899446488,4.20134576801382,1.852059092593436,-3.934248552605796,0.00125616284071,-4.025958335657771,52.84944288631656,59.76796387174703,44.6512950787826,15.116668792964424,2.349286675420384,4.0272144984984815,1.844701206961174,43,,,0.3060981279824126,0,0.02616735,0
B0029,4,charge,43,,4.1038270308012,4.209774136151007,2.945317113109063,0.7425280721104582,1.5151271939824025,-3.1964904712076576,45.53920281169334,58.12046246781466,44.64885470149947,13.471607766315197,1.264457023041944,4.71161766519006,,43,,,1.3076431690712662,1,0.006922907,0
B0029,5,discharge,43,1.8254376674722927,3.3944582472061784,4.20075138362936,1.8857258246963948,-3.9332952670181975,0.0023685910867064,-4.026389228000425,52.905865867266,59.844347317645614,44.70379300888335,15.140554308762267,2.315025558932965,4.028757819087131,1.8254376674722927,43,,,0.3112556219308888,0,0.02321991,0
B0029,6,charge,43,,4.104961501167066,4.209721328221832,2.9892547348944074,0.7369743908354791,1.5153622352884664,-3.2631080602414437,45.55779558885163,58.15283763914885,44.66974451581784,13.48309312333101,1.2204665933274246,4.778470295529909,,43,,,1.3081922883500514,1,0.006099708,0
B0029,7,discharge,43,1.815750429913437,3.394696317253661,4.20121939681188,1.8534777499421091,-3.932113456162452,0.0011560987226028,-4.026146941716451,52.90438507577814,59.9199472840752,44.70284265888931,15.21710462518589,2.347741646869771,4.027303040439054,1.815750429913437,43,,,0.3115627720587038,0,0.024090152,0
B0029,8,charge,43,,4.105825838467956,4.20899931517019,3.004328000707708,0.7380346740161271,1.5157327223280506,-3.297598387785184,45.57807046295798,58.19736907925236,44.687383202541454,13.509985876710909,1.2046713144624817,4.813331110113234,,43,,,1.3098275194921385,1,0.0059804325,0
B0029,9,discharge,43,1.8132993337127028,3.398579443319999,4.20151734595852,1.913443763136564,-3.931581069158435,0.0040245548503968,-4.025666629939814,52.87534956891003,59.89475354681757,44.69471969782321,15.20003384899436,2.2880735828219567,4.029691184790211,1.8132993337127028,43,,,0.3129825938461584,0,0.021156993,0
B0029,10,impedance,43,,,,,,,,,,,,,,,43,,,0.27915632115821,0,0.0002632471,0
B0029,11,charge,43,,4.113212101208626,4.209535022681322,3.276965816132871,0.7238414211094146,1.515995129035395,-3.7197701292182734,44.916270179735584,46.41092449317691,44.24382124803162,2.1671032451452845,0.9325692065484512,5.235765258253668,,43,,,1.2837118437619344,1,0.002227248,0
B0029,12,impedance,43,,,,,,,,,,,,,,,43,,,0.27915632115821,0,0.0002632471,0
B0029,13,discharge,43,1.8151647619660576,3.3970260675114696,4.190431936024234,1.9392366668780088,-3.976472905870513,0.001601147171859,-4.025842153897144,52.762650424805656,59.58813236464061,44.65632079442231,14.931811570218308,2.2511952691462254,4.0274433010690025,1.8151647619660576,43,,,0.2990136780994781,0,0.019902827,0
B0029,14,charge,43,,4.102886129769589,4.20888835576628,2.964243206947633,0.7511176374019539,1.5155362510122563,-3.2009835492524705,45.57782694078912,58.65885128713221,44.66108979988742,13.997761487244787,1.2446451488186463,4.716519800264727,,43,,,1.310229275647107,1,0.0070122117,0
B0029,15,discharge,43,1.8143317955190057,3.40174477993498,4.20151685379873,1.926680416628282,-3.953172457226365,0.0009277908051389,-4.02540869735572,52.78843384352056,59.81336613073259,44.68760486959879,15.125761261133796,2.274836437170448,4.026336488160858,1.8143317955190057,43,,,0.3074492650869136,0,0.020671805,0
B0029,16,charge,43,,4.105986540290899,4.2096248408050805,3.021878243357913,0.7404270824035933,1.5154033311283064,-3.290335493802135,45.56785383200995,58.285001183142896,44.66157401469021,13.623427168452686,1.1877465974471677,4.805738824930441,,43,,,1.3099262163576808,1,0.005937539,0
B0029,17,discharge,43,1.801343601809866,3.400790257856999,4.201511694320507,1.89070792341858,-3.952037378872224,0.0030934226291678,-4.0262930686050655,52.7841972696045,59.75433532594285,44.675584452215,15.078750873727849,2.310803770901927,4.029386491234233,1.801343601809866,43,,,0.3068396272815488,0,0.02152094,0
B0029,18,charge,43,,4.106800406779678,4.209631806730218,3.034586294245295,0.7404221177248558,1.5152163225592463,-3.3225395415802352,45.57875486757729,58.33254167694864,44.641801708496,13.69073996845264,1.1750455124849228,4.837755864139481,,43,,,1.3109329713621969,1,0.0055858637,0
B0029,19,discharge,43,1.7881558802945825,3.4030834056443755,4.201805179645606,1.93249158993614,-3.951642628329456,6.222737166087955e-05,-4.0260391640732776,52.751738383515125,59.7737242563152,44.65379509474975,15.119929161565445,2.2693135897094665,4.026101391444938,1.7881558802945825,43,,,0.3070343664127221,0,0.01883907,0
B0029,20,charge,43,,4.108391633344772,4.209709216879476,3.058625180404176,0.7348969059532695,1.5178500937771786,-3.3431191677535845,45.57013170637963,58.35429989994426,44.65814524373863,13.696154656205628,1.1510840364753006,4.860969261530763,,43,,,1.310619839087616,1,0.0051316256,0
B0029,21,discharge,43,1.7760714604539518,3.4052467951556413,4.201438773335668,1.9713665258317916,-3.951481216048893,0.0023072676102569,-4.026327827070244,52.7506031720156,59.80010734859943,44.691080314771256,15.10902703382817,2.230072247503877,4.0286350946805,1.7760714604539518,43,,,0.3084475719443391,0,0.016516512,0
B0029,22,impedance,43,,,,,,,,,,,,,,,43,,,0.27915632115821,0,0.0002632471,0
B0029,23,charge,43,,4.116560234869227,4.209887437307128,3.3219102473202384,0.7130992137288545,1.515923316891439,-3.7716545235518097,44.93999659273173,46.444257046819565,44.30542683251488,2.138830214304683,0.88797718998689,5.287577840443249,,43,,,1.2850121643918468,1,0.0025977723,0
B0029,24,impedance,43,,,,,,,,,,,,,,,43,,,0.27915632115821,0,0.0002632471,0
B0029,25,discharge,43,1.7852807447597443,3.3969592538295337,4.19368630303113,1.852379628685352,-3.974136073511708,0.0016645890423313,-4.026273510345562,52.76187024768883,59.92418745751934,44.6911020162878,15.233085441231538,2.3413066743457787,4.027938099387893,1.7852807447597443,43,,,0.2993572987746905,0,0.021868614,0
B0029,26,charge,43,,4.105306603360449,4.209916601024117,3.024615700297674,0.7513943842433486,1.5163108978073352,-3.3033752892110604,45.63707979173866,58.969705052268445,44.67150108004749,14.298203972220954,1.1853009007264437,4.819686187018395,,43,,,1.3144294165357069,1,0.0059925653,0
B0029,27,discharge,43,1.7698116401111978,3.3978270130572263,4.20025041732416,1.8385968486453488,-3.94933484428352,0.0020667822164484,-4.027610977919839,52.810328108304326,60.120904895462246,44.69747135892303,15.42343353653922,2.361653568678811,4.029677760136287,1.7698116401111978,43,,,0.3064875843178979,0,0.021813555,0
B0029,28,charge,43,,4.107824267334824,4.209752281838461,3.0679374568673228,0.7428525447951905,1.515921131171667,-3.367765206891056,45.61684679814302,58.641891996213616,44.67903594044655,13.96285605576707,1.1418148249711382,4.883686338062723,,43,,,1.3136868342304324,1,0.0049810284,0
B0029,29,discharge,43,1.7565231680521758,3.397654722992532,4.200366031445772,1.8332269197665616,-3.948773942479504,0.0001782889977949,-4.026372824644528,52.803620504971605,60.15908336784943,44.71815315905492,15.440930208794503,2.3671391116792107,4.026551113642323,1.7565231680521758,43,,,0.306186284680214,0,0.021273205,0
B0029,30,charge,43,,4.1099300320874,4.2090091113195625,3.0787728751548515,0.7337213185783189,1.515993502159238,-3.376899644501316,45.61720052406039,58.6500137670505,44.66269048531576,13.987323281734746,1.130236236164711,4.892893146660555,,43,,,1.3134500957387982,1,0.004798513,0
B0029,31,discharge,43,1.7543413277348154,3.400358560849027,4.199929373943819,1.8809955356138472,-3.9481894541359295,0.0012821212895343,-4.026624128013423,52.77428656847636,60.0330623550184,44.676030389528265,15.35703196549013,2.318933838329972,4.027906249302958,1.7543413277348154,43,,,0.3068215858813289,0,0.019007504,0
B0029,32,charge,43,,4.110918559659409,4.209639973271994,3.0972120422110128,0.7282980995531347,1.5163319959368466,-3.401479351456202,45.622926450398,58.56280851139692,44.70351608513208,13.859292426264844,1.112427931060981,4.917811347393049,,43,,,1.3133729798832254,1,0.0043964493,0
B0029,33,discharge,43,1.7392875506998715,3.3951054015762527,4.199792574461424,1.800038174333754,-3.946655613412357,0.0007913011353634,-4.027030400371651,52.80429201579515,60.155675284547456,44.72237198935258,15.433303295194875,2.39975440012767,4.027821701507015,1.7392875506998715,43,,,0.3049086442643227,0,0.021787146,0
B0029,34,impedance,43,,,,,,,,,,,,,,,43,,,0.27915632115821,0,0.0002632471,0
B0029,35,charge,43,,4.118021412532278,4.209274231977086,3.339792054961044,0.7158858288716959,1.5156071089871994,-3.808436982953248,44.97714307463395,46.45442353225516,44.39011346398885,2.064310068266309,0.8694821770160428,5.324044091940447,,43,,,1.2880792707238935,1,0.0029625352,0
B0029,36,impedance,43,,,,,,,,,,,,,,,43,,,0.27915632115821,0,0.0002632471,0
B0029,37,discharge,43,1.7797845109331345,3.3952154633066987,4.186389353535962,1.9415928705254093,-3.97371791832226,-0.0018463528521794,-4.026417322328161,52.721179096315566,59.70826330240836,44.64341438511472,15.06484891729363,2.2447964830105533,4.024570969475981,1.7797845109331345,43,,,0.2965285646453198,0,0.017380934,0
B0029,38,charge,43,,4.104991302254689,4.209946701031434,3.0223089714986378,0.7516554343022979,1.5160989285716144,-3.2935448565000094,45.58325856738573,58.81050116624897,44.63324109606762,14.177260070181347,1.1876377295327964,4.809643785071624,,43,,,1.3119540809736818,1,0.005996083,0
B0029,39,discharge,43,1.7657088508465202,3.400939370892573,4.200779737725044,1.972461938837724,-3.924297634283963,1.6646507974658135e-05,-4.026696437352965,52.76566676387698,59.826072535975634,44.65986995283652,15.166202583139118,2.2283177988873204,4.02671308386094,1.7657088508465202,43,,,0.3111442581471695,0,0.015798317,0
B0029,40,charge,43,,4.109604563345088,4.209736887983625,3.1113370377389757,0.7344343743620396,1.515829367462213,-3.422288756499841,45.5548467767553,57.92583661670957,44.66411167158552,13.261724945124058,1.0983998502446497,4.938118123962054,,43,,,1.3106827561965606,1,0.003986354,0
B0029,41,discharge,43,1.7523941408724169,3.399096693075885,4.20106410059631,1.9166086737918733,-3.922569043688066,0.0006598008082064,-4.026796677718367,52.80160858510679,59.97193555147316,44.68666896928979,15.285266582183368,2.284455426804436,4.027456478526573,1.7523941408724169,43,,,0.3117805121986866,0,0.017364314,0
B0029,42,charge,43,,4.1113560744275,4.2099177896620565,3.1195803094661585,0.7277073445502535,1.5182704637190405,-3.4320795733347924,45.58635894664188,58.08369767313218,44.668104086815326,13.415593586316852,1.090337480195898,4.950350037053833,,43,,,1.3119843273305436,1,0.0038188477,0
B0029,43,discharge,43,1.7380191225603105,3.4005060708668395,4.20039236023258,1.941628602033569,-3.9219324486852223,0.0015914283878794,-4.026614754186135,52.76338281760698,59.90509096707212,44.675835276593766,15.229255690478354,2.2587637581990103,4.028206182574015,1.7380191225603103,43,,,0.3111856124216405,0,0.015521817,0
B0029,44,charge,43,,4.113411238471684,4.209653460969276,3.133843301321004,0.7187625697144366,1.5163829820554666,-3.453596760263507,45.56935719808159,58.01012533674032,44.6666411463469,13.343484190393426,1.0758101596482716,4.969979742318974,,43,,,1.3110016498200716,1,0.0035682856,0
B0029,45,discharge,43,1.7312214443143976,3.397536794846482,4.200576454073823,1.8754484122099284,-3.920549166756126,0.0009650393837989,-4.027889167613304,52.793663259837146,60.003884509148,44.68982543817814,15.31405907096986,2.3251280418638944,4.028854206997103,1.7312214443143976,43,,,0.3107700444703971,0,0.01805846,0
B0029,46,impedance,43,,,,,,,,,,,,,,,43,,,0.27915632115821,0,0.0002632471,0
B0029,47,charge,43,,4.120503428536064,4.209712842460281,3.34586862805747,0.7092877492254519,1.5170142827247446,-3.842881431730385,44.96374570172178,46.45888743998992,44.3740573323778,2.0848301076121203,0.8638442144028109,5.35989571445513,,43,,,1.2879574419419024,1,0.0031148514,0
B0029,48,impedance,43,,,,,,,,,,,,,,,43,,,0.27915632115821,0,0.0002632471,0
B0029,49,discharge,43,1.7379128985265808,3.391570729569499,4.194709553890768,1.8380927294124036,-3.9453058787745454,0.0003372827104996,-4.028085314718813,52.75741582344694,60.25771781052726,44.63042883051784,15.627288980009425,2.356616824478364,4.028422597429312,1.7379128985265808,43,,,0.3007958641605996,0,0.01975463,0
B0029,50,charge,43,,4.111406551798423,4.209880617770145,3.105953158511959,0.7336113125268922,1.5159112337412732,-3.396829006475455,45.62984563611478,58.83074526268808,44.67602786819885,14.154717394489223,1.1039274592581862,4.912740240216729,,43,,,1.3149517802668658,1,0.004567088,0
B0029,51,discharge,43,1.7224270683625882,3.400600899974316,4.200658594506185,1.999771637867575,-3.895864092268878,0.0006424778434889,-4.029581554780258,52.86655414742575,59.90492726798961,44.71415991617437,15.190767351815246,2.2008869566386107,4.030224032623747,1.7224270683625882,43,,,0.3203843931980455,0,0.012525074,0
B0029,52,charge,43,,4.114347368116183,4.2096998468695,3.1782457755344584,0.7215015377577544,1.5166050927586543,-3.50744029198598,45.60412656598012,57.66544153043245,44.70119594595691,12.964245584475542,1.031454071335042,5.024045384744634,,43,,,1.3136102209321376,1,0.0028737374,0
B0029,53,discharge,43,1.7184213765608034,3.3937647508109445,4.200792247486221,1.8317514112942035,-3.917907927315892,0.0007644836711493,-4.027766402722573,52.88238533970063,60.33243416075105,44.73530608637871,15.597128074372344,2.369040836192017,4.028530886393723,1.7184213765608034,43,,,0.3125618155637216,0,0.019258121,0
B0029,54,charge,43,,4.115355140541574,4.209745751959102,3.14652160767258,0.7159315383094762,1.519035088046384,-3.4715380305812005,45.65438556637992,58.45597433271461,44.71015576321198,13.745818569502624,1.0632241442865222,4.990573118627585,,43,,,1.3154336946432268,1,0.0035559486,0
B0029,55,discharge,43,1.7010220930648232,3.399091640529144,4.200103293228043,1.9739559216587697,-3.89292863950299,0.0045504864908434,-4.026628807325158,52.89174684629843,59.98669670538192,44.73801386071172,15.248682844670206,2.226147371569273,4.031179293816002,1.7010220930648232,43,,,0.3209970565046551,0,0.01241955,0
B0029,56,charge,43,,4.116957135781844,4.209628399166345,3.1860115977250065,0.710902399406207,1.5170175442976908,-3.5304865318194696,45.60709764874769,57.75478580807194,44.69435753095879,13.060428277113148,1.0236168014413385,5.047504076117161,,43,,,1.3135550986169229,1,0.0026074261,0
B0029,57,discharge,43,1.693698739563104,3.396460061958035,4.200392899920808,1.9069490533352145,-3.891007378210508,0.0007852751427292,-4.028075633238784,52.86276331800625,59.99528714045464,44.72080656471346,15.27448057574118,2.293443846585593,4.028860908381513,1.693698739563104,43,,,0.3183546352664026,0,0.014833671,0
B0029,58,impedance,43,,,,,,,,,,,,,,,43,,,0.27915632115821,0,0.0002632471,0
B0029,59,charge,43,,4.123245740059473,4.209599185865991,3.3766478940187987,0.7028093239203775,1.51611324206886,-3.898879285633259,44.997450409079455,46.456733072758695,44.438126469091976,2.0186066036667185,0.8329512918471922,5.414992527702119,,43,,,1.2900543392415496,1,0.0039112247,0
B0029,60,impedance,43,,,,,,,,,,,,,,,43,,,0.27915632115821,0,0.0002632471,0
B0029,61,discharge,43,1.713072721286705,3.395334905512553,4.193452277045169,1.9996278665665836,-3.8931180785218142,0.0017380580129921,-4.028992071533853,52.85514927949408,59.98821696841703,44.684139567457066,15.304077400959962,2.1938244104785856,4.030730129546845,1.713072721286705,43,,,0.3169014700173297,0,0.011751146,0
B0029,62,charge,43,,4.114821295528548,4.209962242820884,3.1813544067921264,0.7188690173900365,1.5162703985287338,-3.523669798656184,45.57881644103388,57.86934107187963,44.65306599362018,13.21627507825945,1.0286078360287578,5.039940197184917,,43,,,1.3123613988435008,1,0.002678063,0
B0029,63,discharge,43,1.6976972688567131,3.397203474478597,4.200426069460966,1.9297361391600047,-3.890666120253868,0.000843394460898,-4.027443008545737,52.84555100149494,60.01985635641876,44.69955125789035,15.320305098528408,2.2706899303009607,4.028286403006636,1.6976972688567131,43,,,0.3181686724486884,0,0.013997199,0
B0029,64,charge,43,,4.116639164837817,4.209741778447943,3.1902126122490886,0.7157982707013967,1.5153675362956391,-3.5335355000795903,45.58701120901211,57.85002723076666,44.65197423357549,13.19805299719117,1.019529166198854,5.048903036375229,,43,,,1.313363945548696,1,0.0024477951,0
B0029,65,discharge,43,1.6899314034061208,3.389787970407681,4.200350636061038,1.811689567857529,-3.8880091290817527,0.0011155218413833,-4.02657515612885,52.82153486606997,60.26410091872941,44.67589276572789,15.588208153001524,2.3886610682035085,4.027690677970233,1.6899314034061208,43,,,0.3127038808724552,0,0.018664762,0
B0029,66,charge,43,,4.119221779624918,4.209626994457096,3.1859272670007264,0.7057357708063958,1.5162643145286057,-3.5374942902760647,45.58109475087991,58.07317665286578,44.63733685827516,13.43583979459062,1.02369972745637,5.053758604804671,,43,,,1.3130055705430943,1,0.002533372,0
B0029,67,discharge,43,1.685023551367069,3.3967598380460484,4.200274898374017,1.9610731754377528,-3.888014166745048,0.0021054304856953,-4.026308111025025,52.81580315824478,59.92046248220958,44.65820525613957,15.262257226070004,2.2392017229362646,4.02841354151072,1.685023551367069,43,,,0.3170743230250427,0,0.0121815,0
B0029,68,charge,43,,4.119817225652078,4.209653698272906,3.20550737284975,0.7026777233334727,1.5159406884470144,-3.5716651256934604,45.56457489362503,57.777734220470414,44.64308952766599,13.134644692804422,1.0041463254231555,5.087605814140475,,43,,,1.3121383589589333,1,0.0020951892,0
B0029,69,discharge,43,1.678389965463405,3.3957223246260377,4.200350219079989,1.9482718394124845,-3.886820317431477,0.0006492320626428,-4.027821145847748,52.80521928839473,59.887692512983016,44.66940974573534,15.21828276724768,2.252078379667505,4.028470377910391,1.678389965463405,43,,,0.3161474684575126,0,0.012426508,0
B0029,70,impedance,43,,,,,,,,,,,,,,,43,,,0.27915632115821,0,0.0002632471,0
B0029,71,charge,43,,4.126122167724018,4.209589091356643,3.3887818684191835,0.6895224388113059,1.5153045196196706,-3.90603727744142,44.95180581230516,46.44203919843208,44.39808730507602,2.043951893356059,0.8208072229374599,5.42134179706109,,43,,,1.2876013346853026,1,0.0040728576,0
B0029,72,impedance,43,,,,,,,,,,,,,,,43,,,0.27915632115821,0,0.0002632471,0
B0029,73,discharge,43,1.6737947494868326,3.389225842853488,4.195839706712194,1.867494399191276,-3.88571106427998,0.001719445173467,-4.027453382422719,52.80312343851032,60.158935395611046,44.60923646358358,15.549698932027468,2.3283453075209186,4.029172827596186,1.6737947494868326,43,,,0.311954542652293,0,0.015358284,0
B0029,74,charge,43,,4.119612697919649,4.209742681003907,3.2041242768344937,0.7053492668177826,1.5159262567152032,-3.549548302110423,45.57349969867257,57.96901700065599,44.650234008340654,13.318782992315334,1.0056184041694132,5.065474558825626,,43,,,1.3128683075719645,1,0.0021380004,0
B0029,75,discharge,43,1.6687898927884715,3.394032115379612,4.20011947590298,1.926783206032701,-3.85843433412322,0.0012161364231368,-4.027257877744434,52.85759471288148,60.04748235788095,44.657908969411466,15.38957338846948,2.273336269870279,4.028474014167571,1.6687898927884717,43,,,0.3223983687802583,0,0.012810221,0
B0029,76,charge,43,,4.12183967184058,4.209816756217094,3.227896212855775,0.6954687331215178,1.5161325027624235,-3.6040187652197018,45.55248315349404,57.53334462180174,44.635709753903626,12.897634867898113,0.9819205433613192,5.120151267982125,,43,,,1.3116580956906296,1,0.0016298683,0
B0029,77,discharge,43,1.6492566306631427,3.3906922693966584,4.20020354565233,1.869562035017659,-3.856564366610415,0.0009569528423221,-4.028220020010547,52.85638451770691,60.167863371476415,44.650393271280834,15.51747010019558,2.3306415106346705,4.029176972852869,1.6492566306631429,43,,,0.3204714579091721,0,0.014405811,0
B0029,78,charge,43,,4.122647700413263,4.209641938591693,3.2251794582400084,0.6930237878219292,1.5156993078506131,-3.601886394318897,45.55562803371029,57.57611501789387,44.62736277204203,12.948752245851844,0.9844624803516844,5.11758570216951,,43,,,1.3118875634865894,1,0.0016887247,0
B0029,79,discharge,43,1.6409676757039668,3.3912179554575785,4.200021865512612,1.8881277069953315,-3.85547414018331,0.0019491662051522,-4.026463660977024,52.882092513244274,60.09738415148209,44.66166028239045,15.43572386909164,2.3118941585172808,4.028412827182176,1.6409676757039668,43,,,0.3221213369653669,0,0.013296454,0
B0029,80,charge,43,,4.122733771813255,4.209740807393916,3.229036912091141,0.6968612534474586,1.515452886154951,-3.6015138769752846,45.57176892732997,57.540970989828615,44.62911643542516,12.911854554403456,0.9807038953027748,5.116966763130236,,43,,,1.3133304357541773,1,0.0016081624,0
B0029,81,discharge,43,1.6456360229757092,3.3923453388185667,4.200544725415334,1.9264548202409049,-3.8555734475773074,9.386519420112688e-05,-4.02785957922289,52.87120880021078,60.02940147619038,44.67197301409441,15.357428462095967,2.2740899051744288,4.027953444417092,1.6456360229757092,43,,,0.3223822870666654,0,0.011922947,0
B0029,82,impedance,43,,,,,,,,,,,,,,,43,,,0.27915632115821,0,0.0002632471,0
B0029,83,charge,43,,4.130509500878761,4.2099759840579125,3.395784441276158,0.6693444267930596,1.5158802894824268,-3.917663952559461,44.95076749241375,46.44353111217082,44.43547625355114,2.00805485861968,0.8141915427817543,5.433544242041888,,43,,,1.2868238139517587,1,0.0043378375,0
B0029,84,impedance,43,,,,,,,,,,,,,,,43,,,0.27915632115821,0,0.0002632471,0
B0029,85,discharge,43,1.654547743574037,3.3840832974347714,4.193996290293578,1.8497742851139864,-3.854823111014098,0.0010776613612116,-4.0268345490967095,52.8949932373189,60.33090148423857,44.60925310792597,15.721648376312594,2.3442220051795912,4.027912210457921,1.654547743574037,43,,,0.3180677364260873,0,0.015130405,0
B0029,86,charge,43,,4.122370987150038,4.209671586225344,3.225970795911969,0.696502503221093,1.516408188527196,-3.5894698270214023,45.56737739092279,57.73281802100325,44.634301625946605,13.098516395056642,0.9837007903133754,5.105878015548599,,43,,,1.3128366786545542,1,0.0017031224,0
B0029,87,discharge,43,1.6461201520877546,3.3935243600466607,4.199807562252484,1.988399313722457,-3.8279463752523526,0.0012055515072253,-4.028134400513877,52.90577737967025,59.88870262903497,44.651733083497575,15.236969545537391,2.2114082485300264,4.029339952021102,1.6461201520877546,43,,,0.3296312806998197,0,0.009637155,0
B0029,88,charge,43,,4.124259245181822,4.209716702998727,3.252424551153868,0.6887541328616761,1.5161637589433494,-3.638463026787171,45.51987216979544,57.012466211101945,44.6001381783727,12.412328032729242,0.9572921518448592,5.15462678573052,,43,,,1.3106479738638386,1,0.001183906,0
B0029,89,discharge,43,1.6275119188151763,3.388551594762018,4.199665175987453,1.8822716064606957,-3.851886221713202,0.000795989977969,-4.0269371723961935,52.85049305569667,60.13011665786984,44.624308005806974,15.505808652062868,2.3173935695267573,4.027733162374163,1.6275119188151763,43,,,0.3196439843943945,0,0.012988054,0
B0029,90,charge,43,,4.124760433087007,4.209654596018071,3.2353562317611355,0.6864896264500506,1.517397115135442,-3.599421902347721,45.57622523164018,57.52335617822936,44.658022725015314,12.865333453214047,0.9742983642569354,5.116819017483163,,43,,,1.312993971969345,1,0.0014809801,0
B0029,91,discharge,43,1.6200530533464497,3.3876827466759964,4.200099273216301,1.8693019781355495,-3.8509488961783584,0.0012414717003364,-4.02674927094555,52.93318563948955,60.20528139553767,44.684149828783205,15.521131566754462,2.3307972950807514,4.027990742645887,1.6200530533464497,43,,,0.3227921938220525,0,0.01326938,0
B0029,92,charge,43,,4.124840137857815,4.209763612529146,3.2373173976650067,0.6892080560940375,1.5146285030988094,-3.6006039044735023,45.594916885086285,57.59252883843284,44.64122076793422,12.95130807049862,0.9724462148641396,5.115232407572312,,43,,,1.314340474626872,1,0.0014645711,0
B0029,93,discharge,43,1.612079811711934,3.3850191492367943,4.2000806322388815,1.8433554303146655,-3.849366331322892,-0.0002555217159396,-4.027330387109479,52.91920185424772,60.24494659507955,44.66301381472874,15.581932780350805,2.356725201924216,4.027074865393539,1.612079811711934,43,,,0.320712270289859,0,0.014034437,0
B0029,94,impedance,43,,,,,,,,,,,,,,,43,,,0.27915632115821,0,0.0002632471,0
B0029,95,charge,43,,4.132537826716276,4.209978813663635,3.3956175508233724,0.6663758920954278,1.515260364811589,-3.913118614560136,44.972012695570896,46.46093657331467,44.48169666498428,1.979239908330392,0.8143612628402623,5.428378979371725,,43,,,1.288545176459538,1,0.0043566916,0
B0029,96,impedance,43,,,,,,,,,,,,,,,43,,,0.27915632115821,0,0.0002632471,0
B0038,0,discharge,24,0.8980573709676724,2.883239659655731,4.053116638334503,2.1981645845929387,-3.952127452371893,-0.0030103888131135,-4.035077323306341,38.8265055747093,51.693778100061,25.045828878659496,26.6479492214015,1.854952053741564,4.032066934493227,0.8980573709676724,24,,,-0.6359598982552427,0,0.029030109,0
B0038,1,impedance,24,,,,,,,,,,,,,,,24,,,0.27915632115821,0,7.6406475e-05,0
B0038,2,charge,24,,4.181407105037922,4.202743417705628,3.1985634218025245,0.4886214895042722,1.5205238852430811,-3.2815751319170987,26.36053868420448,28.89462899623344,24.78220058283909,4.112428413394348,1.0041799959031037,4.80209901716018,,24,,,0.4888193924248722,0,0.0036347418,0
B0038,3,impedance,24,,,,,,,,,,,,,,,24,,,0.27915632115821,0,7.6406475e-05,0
B0038,4,discharge,24,1.1026236331914077,3.1713316750997853,4.1851064801192095,2.173538006790758,-2.99722690705762,-0.0002537687218058,-4.032209213478597,40.49651673815248,51.136880141242045,26.196493190799377,24.94038695044267,2.011568473328452,4.031955444756791,1.1026236331914077,24,,,-0.2011566206881911,0,0.020156082,0
B0038,5,charge,24,,4.183661719170653,4.201797576343344,3.262423754859324,0.4219873251068237,1.5197115884875998,-3.397494621017323,26.808856282085628,37.05865974695232,24.74898940972411,12.309670337228212,0.9393738214840196,4.917206209504923,,24,,,0.4975678077717584,1,0.015775887,0
B0038,6,discharge,24,1.0885801879473431,3.180373261287265,4.18694152805074,2.191128315273502,-2.957884019744667,-0.0022272240870321,-4.0325975109048535,40.3082686076966,51.3517572303697,25.227701500387003,26.124055729982697,1.995813212777238,4.0303702868178215,1.0885801879473431,24,,,-0.1961652539228156,0,0.023718875,0
B0038,7,charge,24,,4.184387593046026,4.202006664162163,3.2633860309785154,0.4119706004568911,1.5207583026485598,-3.4077048587423207,26.790278260831307,36.18433435638198,24.714164165419096,11.470170190962886,0.938620633183648,4.92846316139088,,24,,,0.49544362295644,1,0.010421222,0
B0038,8,discharge,24,1.0613249847591086,3.2014600077361552,4.187310082648276,2.174928379064222,-2.890891500138237,-0.0004141252425239,-4.032449948762388,39.93347404849829,49.541551118224994,25.640112774955472,23.90143834326952,2.012381703584053,4.032035823519864,1.0613249847591086,24,,,-0.1862286823045046,0,0.018274626,0
B0038,9,charge,24,,4.185042066808101,4.20197223011736,3.266085342094899,0.3992369670044032,1.519457899931164,-3.427733666924387,26.72939269281625,35.70860485776338,24.705344289261888,11.003260568501496,0.9358868880224612,4.947191566855551,,24,,,0.4909635501418378,1,0.008092563,0
B0038,10,discharge,24,1.0347062057983545,3.2011146598082543,4.185977695675653,2.162304775163232,-2.875691989787786,-0.0019194298017491,-4.032706809614358,39.949996492029705,49.94400434434952,25.752349228851504,24.19165511549801,2.0236729205124218,4.030787379812609,1.0347062057983545,24,,,-0.1830061885496701,0,0.018519482,0
B0038,11,charge,24,,4.1858482047904415,4.2019274502426365,3.2672844222272097,0.3949472059054836,1.5195949212820772,-3.429305485990217,26.67822520058874,35.81115551835942,24.67086329616996,11.140292222189458,0.9346430280154268,4.948900407272294,,24,,,0.4885243938386623,0,0.008843554,0
B0038,12,discharge,24,1.0269978594353013,3.192805696957516,4.187105297284753,2.1523889970129018,-2.899456239004,0.0017620786390275,-4.0346441626746445,40.03056196708513,50.47284162905345,25.941735119508724,24.531106509544724,2.034716300271852,4.0364062413136725,1.0269978594353013,24,,,-0.1893318288994058,0,0.019017054,0
B0038,13,impedance,24,,,,,,,,,,,,,,,24,,,0.27915632115821,0,7.6406475e-05,0
B0038,14,charge,24,,4.187587965583744,4.201936349605737,3.250221605102243,0.3901449432656328,1.5179383710513883,-3.347664673133744,26.214741270217427,28.43045516039132,24.704475004222765,3.7259801561685535,0.9517147445034944,4.865603044185132,,24,,,0.4688872282408405,0,0.0032361716,0
B0038,15,impedance,24,,,,,,,,,,,,,,,24,,,0.27915632115821,0,7.6406475e-05,0
B0038,16,discharge,24,1.0785019710989419,3.056138016052641,4.18045914385637,2.1947161370182617,-3.65723892716497,-0.0005388688051485,-4.031721347243717,39.44913263410249,49.83589725328242,25.583477326453725,24.252419926828694,1.9857430068381088,4.031182478438568,1.078501971098942,24,,,-0.4414997433103582,0,0.018639864,0
B0038,17,impedance,24,,,,,,,,,,,,,,,24,,,0.27915632115821,0,7.6406475e-05,0
B0038,18,charge,24,,4.186148041413778,4.2026739463716245,3.2445334672551103,0.4046655289494165,1.5188937192809664,-3.342541700749642,26.236576850111263,28.590584510315345,24.70012243171169,3.890462078603651,0.9581404791165142,4.861435420030609,,24,,,0.4714907008931957,0,0.0032694542,0
B0038,19,impedance,24,,,,,,,,,,,,,,,24,,,0.27915632115821,0,7.6406475e-05,0
B0038,20,discharge,24,1.0638897478802845,3.181450544509047,4.183492564102866,2.1463956973341785,-2.9674515029911404,0.0012198322246428,-4.032751905126723,40.0585677462874,50.058224679961086,25.519767465182188,24.538457214778894,2.0370968667686875,4.033971737351366,1.0638897478802845,24,,,-0.2079107911317042,0,0.019131603,0
B0038,21,charge,24,,4.18528143035567,4.201989624174408,3.257675554436925,0.395560563857304,1.5188235795594045,-3.437578610140103,26.728562493822636,36.67454418990888,24.75575763878714,11.918786551121736,0.9443140697374824,4.956402189699507,,24,,,0.4904234212672739,1,0.01349814,0
B0038,22,discharge,24,1.0366551223324423,3.192741049083457,4.186120317256443,2.1983669967426582,-2.9319888511060146,-0.0009508024211317,-4.0320532789938826,39.9160708614622,49.70254627455938,25.592470904914823,24.110075369644555,1.987753320513785,4.031102476572751,1.0366551223324425,24,,,-0.2001629414766428,0,0.018306676,0
B0038,23,charge,24,,4.185772495442705,4.20205695148543,3.2590175446516763,0.3902309815544663,1.5198309625661728,-3.459683463588364,26.72369833872685,36.32489487405469,24.807930774823244,11.516964099231448,0.9430394068337536,4.979514426154537,,24,,,0.4895784743011686,1,0.011229708,0
B0038,24,discharge,24,1.030941327482094,3.167665290347624,4.185843165124554,2.1858064268526136,-2.994495446145827,-0.0014249040431507,-4.032203977721678,40.27645391572808,51.35429552288885,25.91369561512289,25.440599907765964,2.0000367382719406,4.030779073678527,1.030941327482094,24,,,-0.2125521206998988,0,0.021105573,0
B0038,25,charge,24,,4.185592604725375,4.202720219922686,3.2565375097303244,0.3926438609389582,1.5198723468226374,-3.4597730674439497,26.76988663666733,36.69715576831203,24.806238413366387,11.890917354945644,0.9461827101923612,4.979645414266587,,24,,,0.4918799149944728,1,0.013622972,0
B0038,26,discharge,24,1.0140084541034655,3.1781927267469925,4.185966509890458,2.151862863027953,-2.9580193436340854,-0.000414012222447,-4.031826212038417,40.1754669430076,50.44246795838984,25.84377597561884,24.598691982771005,2.0341036468625053,4.0314121998159695,1.0140084541034655,24,,,-0.2033425626251385,0,0.018889487,0
B0038,27,charge,24,,4.1863234607559,4.202704884176442,3.259403593365722,0.3870599356401212,1.524975906359156,-3.4451590169745465,26.75711161780999,37.15170959157547,24.785801350931173,12.365908240644297,0.94330129081072,4.970134923333703,,24,,,0.4908078651892401,1,0.016976377,0
B0038,28,discharge,24,1.008516095994519,3.1613474600189155,4.186351056855524,2.164578187429903,-3.001260117107958,-0.0012602313332138,-4.031995207198451,40.41336717515726,51.33205933952721,26.26427337557343,25.06778596395378,2.021772869425621,4.030734975865236,1.008516095994519,24,,,-0.2120711683078083,0,0.019797182,0
B0038,29,impedance,24,,,,,,,,,,,,,,,24,,,0.27915632115821,0,7.6406475e-05,0
B0038,30,charge,24,,4.188288351578324,4.202554649038532,3.2374698516729032,0.3871321757809862,1.5181476824554443,-3.3891658194639134,26.26207841342003,28.67314007197691,24.74353296218497,3.9296071097919416,0.9650847973656282,4.907313501919358,,24,,,0.4708426647319642,0,0.0024064444,0
B0038,31,impedance,24,,,,,,,,,,,,,,,24,,,0.27915632115821,0,7.6406475e-05,0
B0038,32,discharge,44,1.7419245088095903,3.608926624109929,4.177730241404494,2.180206803089782,-1.0022813853258807,-0.000806453185672,-1.012296953255635,44.29688064198706,49.52801806570102,29.07978656830067,20.44823149740035,1.997523438314712,1.011490500069963,1.7419245088095905,44,,,0.6117999064935574,1,0.08193456,0
B0038,33,impedance,24,,,,,,,,,,,,,,,24,,,0.27915632115821,0,7.6406475e-05,0
B0038,34,charge,44,,4.139908776500431,4.20184383070028,2.4987919460273544,0.7201549948933561,1.519054618169575,-2.3773536613729824,45.79316771305216,47.6765392618902,44.7197579993889,2.956781262501302,1.703051884672926,3.896408279542557,,44,,,1.33842387643233,1,0.0031826512,0
B0038,35,impedance,24,,,,,,,,,,,,,,,24,,,0.27915632115821,0,7.6406475e-05,0
B0038,36,discharge,44,1.779741859708433,3.6118191487524745,4.186620638463225,2.1921466685430167,-0.985523491989515,-3.3240669506730966e-05,-1.013910723004294,47.195451017988766,49.28701938671706,45.44827006920707,3.838749317509994,1.9944739699202083,1.0138774823347871,1.779741859708433,44,,,0.741336601270234,1,0.015828911,0
B0038,37,charge,44,,4.135365382635839,4.202154936719974,2.3185259779641214,0.7279489650418104,1.51986457608747,-2.1501069980688983,45.95148358880298,48.24340132690197,45.35039417974591,2.8930071471560623,1.8836289587558523,3.669971574156368,,44,,,1.3436255471116985,1,0.0044642417,0
B0038,38,discharge,44,1.7815666306452766,3.614149636005495,4.188933311711306,2.16658130125341,-0.9870171236405828,-0.0005600544899219,-1.0102287651459148,47.146072926598166,49.17905905171433,45.41243979878821,3.76661925292612,2.022352010457896,1.0096687106559927,1.7815666306452766,44,,,0.7404882376113581,1,0.017116677,0
B0038,39,charge,44,,4.137791313962853,4.202919449305604,2.29968010151426,0.7026162263418451,1.5215586656358286,-2.1482380492885502,45.90485020683101,48.236747217172166,45.31799830317219,2.918748913999977,1.903239347791344,3.669796714924379,,44,,,1.3386593775141604,1,0.004835612,0
B0038,40,discharge,44,1.7834859577156017,3.6144683724527336,4.189402399305119,2.1366453580856253,-0.9884125593394552,-0.0011494683518749,-1.010971995271496,47.127641701987,49.1809104842522,45.37067300223374,3.810237482018458,2.0527570412194938,1.009822526919621,1.7834859577156017,44,,,0.7396554138442943,1,0.018729595,0
B0038,41,charge,44,,4.136195134365545,4.201997917711941,2.285277508152116,0.7245979813058766,1.520087737917411,-2.128126524294196,45.90459492897931,48.2574710879629,45.28605893220203,2.9714121557608664,1.9167204095598245,3.648214262211607,,44,,,1.3415552560110913,1,0.005008196,0
B0038,42,discharge,44,1.7864411650415675,3.616588343572285,4.189825570933335,2.1909799678189845,-0.9883512949484964,0.0003421780312953,-1.0107718854484014,47.09918641441624,49.05688408240341,45.33488321338891,3.7220008690144937,1.9988456031143509,1.011114063479697,1.7864411650415677,44,,,0.7398474123744043,1,0.016166069,0
B0038,43,charge,44,,4.1364711955036135,4.2026837050032855,2.3106162090342406,0.7208357048125326,1.519186897033103,-2.1720467152339973,45.89186321816499,48.20714806723598,45.314783285159685,2.8923647820762923,1.8920674959690449,3.691233612267101,,44,,,1.3405123453867138,1,0.004743799,0
B0038,44,discharge,44,1.7859997608067948,3.6160610851845383,4.191065310739852,2.166402675362294,-0.9884509077751612,-0.0008776861119403,-1.010981301037933,47.133209565495285,49.13032050804125,45.3666883339061,3.7636321741351466,2.024662635377558,1.0101036149259923,1.7859997608067948,44,,,0.7409427549967469,1,0.017421296,0
B0038,45,impedance,24,,,,,,,,,,,,,,,24,,,0.27915632115821,0,7.6406475e-05,0
B0038,46,charge,44,,4.139772350699862,4.202865264226703,2.488977478951743,0.720141370521044,1.5217619824703417,-2.3660201954147144,45.82571018234271,47.59715337670541,44.756521125817066,2.8406322508883406,1.71388778527496,3.887782177885056,,44,,,1.3397299400977,1,0.0030839145,0
B0038,47,impedance,24,,,,,,,,,,,,,,,24,,,0.27915632115821,0,7.6406475e-05,0
B0038,48,discharge,44,1.7769523773001608,3.6257089708628913,4.18123625379194,2.145739105715045,-1.003966417823918,-0.0022401737059374,-1.011456158958353,47.15436113022586,49.23198595690627,45.349153657647605,3.8828322992586655,2.035497148076894,1.0092159852524156,1.7769523773001608,44,,,0.7454441701196798,1,0.017715976,0
B0038,49,impedance,24,,,,,,,,,,,,,,,24,,,0.27915632115821,0,7.6406475e-05,0
B0038,50,charge,44,,4.139663866377971,4.201976560742325,2.484428242602735,0.718476216928202,1.5191958832931465,-2.3372431384424663,45.89670540261019,47.71872183254612,44.85435701837921,2.8643648141669047,1.7175483181395896,3.856439021735613,,44,,,1.3424096250658113,1,0.0030429005,0
B0038,51,impedance,24,,,,,,,,,,,,,,,24,,,0.27915632115821,0,7.6406475e-05,0
B0038,52,discharge,44,1.781428917321899,3.613285312724596,4.185716420658905,2.139096537674337,-0.9879674131883376,-0.0005589055147479,-1.0106507915352578,47.16342394557887,49.16417337699806,45.3907377329746,3.7734356440234578,2.0466198829845683,1.01009188602051,1.781428917321899,44,,,0.7404902496518031,1,0.018280322,0
B0038,53,charge,44,,4.136292778494459,4.202669599947682,2.287179815619353,0.7266954423379303,1.5182498470580654,-2.1296454936408287,45.98616942679065,48.21679834737287,45.36429105633629,2.8525072910365736,1.9154897843283292,3.647895340698894,,44,,,1.345504760093491,1,0.00469778,0
B0038,54,discharge,44,1.7859452772697197,3.615119723068454,4.189329902417763,2.1550256706410824,-0.9878892583593684,0.0003825127180461,-1.0102198577009358,47.14213994735863,49.04035070342245,45.42249530680692,3.617855396615532,2.03430423177668,1.010602370418982,1.7859452772697195,44,,,0.7408044235042277,1,0.0177103,0
B0038,55,charge,44,,4.1368600023662045,4.202001078642656,2.292625807641274,0.7208355494485561,1.5201395574306853,-2.156761366036795,45.90325806173722,48.12713610983615,45.26932855286249,2.857807556973661,1.909375271001382,3.67690092346748,,44,,,1.3412596613508536,1,0.004850889,0
B0038,56,discharge,44,1.785208429691551,3.615836568872989,4.189967846272303,2.1776344857025127,-0.9878187430421664,-0.0003419484616123,-1.011735169153586,47.07812277465954,48.97912041843542,45.33971152172204,3.639408896713384,2.0123333605697904,1.0113932206919738,1.785208429691551,44,,,0.7385400723377501,1,0.01663567,0
B0038,57,charge,44,,4.136756235148596,4.202325799063613,2.3162079068687653,0.7192973687862264,1.520097983861854,-2.155910254903007,45.90528085075567,48.07125260585439,45.27662075637942,2.794631849474968,1.8861178921948476,3.676008238764861,,44,,,1.3410004979399748,1,0.0043601086,0
B0038,58,discharge,44,1.783596609584544,3.615503145763946,4.18974503175606,2.1804158381574807,-0.9877368963424068,-0.0005054169823109,-1.010295900186465,47.07326100880018,48.978872169562095,45.319344488667305,3.65952768089479,2.0093291935985795,1.009790483204154,1.783596609584544,44,,,0.7381250038037064,1,0.016455783,0
B0038,59,charge,44,,4.136239268239935,4.202915720558821,2.3106013364109383,0.7214356094819906,1.5193038164107768,-2.14388703151303,45.86029364675825,48.06324754123987,45.258867569563286,2.804379971676582,1.8923143841478824,3.663190847923807,,44,,,1.3391098550445737,1,0.0043821125,0
B0038,60,discharge,44,1.7796783152744713,3.6139392243174577,4.188353739927258,2.1075006723313274,-0.989295381650384,-0.0007226677466988,-1.0110939875613183,47.08146790123274,49.04045996790738,45.31900735151199,3.721452616395389,2.080853067595931,1.0103713198146198,1.7796783152744713,44,,,0.7371608943524047,1,0.019842932,0
B0038,61,impedance,24,,,,,,,,,,,,,,,24,,,0.27915632115821,0,7.6406475e-05,0
B0038,62,charge,44,,4.140696504991192,4.202711494077296,2.48767875010134,0.7153374695631527,1.5185436289900314,-2.240285572579924,45.78199878768661,47.50495305436405,44.71155174560914,2.793401308754902,1.7150327439759565,3.7588292015699554,,44,,,1.337596743624755,1,0.002417698,0
B0038,63,impedance,24,,,,,,,,,,,,,,,24,,,0.27915632115821,0,7.6406475e-05,0
B0038,64,discharge,44,1.7841102592788645,3.61791112455575,4.1880636486598535,2.1931517470679918,-0.9906537351245918,-0.0006897029922488,-1.0105864257560286,47.087615537529175,48.95885334502884,45.31876546218911,3.6400878828397296,1.9949119015918624,1.0098967227637798,1.7841102592788645,44,,,0.7398109429186378,1,0.01578934,0
B0038,65,charge,44,,4.137389315215477,4.202844062795816,2.3073191437161644,0.7146997928411762,1.520968907562407,-2.1627181910252498,45.87499890482748,48.17672530756938,45.29329495037193,2.883430357197448,1.895524919079652,3.683687098587657,,44,,,1.3392890017345782,1,0.004736698,0
B0038,66,discharge,44,1.7833032331592193,3.615792342161085,4.18971330698209,2.1577326042974923,-0.989093271752985,-0.0008946981733087,-1.010810008103469,47.09422579980021,49.01777260309724,45.35489550495648,3.662877098140754,2.031980702684597,1.00991530993016,1.7833032331592191,44,,,0.738973147747905,1,0.017526655,0
B0038,67,charge,44,,4.137034916133498,4.202790971923748,2.300922064407064,0.7163176966586062,1.519128844081055,-2.139668025910336,45.883884759455896,48.16486624481395,45.29092581770961,2.873940427104337,1.901868907516684,3.658796869991391,,44,,,1.3397280031609409,1,0.0046361233,0
B0038,68,discharge,44,1.7796186141356956,3.615154082059872,4.188131880621521,2.162189918911785,-0.9890153352338132,-0.000922028239492,-1.011662328995332,47.08318511534191,48.99249018111872,45.341699750585455,3.650790430533263,2.0259419617097354,1.01074030075584,1.7796186141356956,44,,,0.7380898599258842,1,0.017052202,0
B0038,69,charge,44,,4.137513616568915,4.202196063653362,2.311561027744642,0.7155094657502072,1.519891175835921,-2.1168926075706285,45.90431980331498,48.08123632284402,45.28701538296291,2.7942209398811078,1.8906350359087205,3.6367837834065497,,44,,,1.3407777402497931,1,0.004150643,0
B0038,70,discharge,44,1.7816592334352586,3.616195897791123,4.188924695577913,2.199945094089768,-0.988880336257258,-0.0010699216590885,-1.0098072976535653,47.06402084308688,48.94618497316047,45.32783985141095,3.61834512174952,1.988979601488145,1.0087373759944769,1.7816592334352586,44,,,0.7379804380812237,1,0.015397938,0
B0038,71,charge,44,,4.137324750109035,4.202095414408565,2.3268378892502986,0.710427758005724,1.5205531721081469,-2.1375393806828766,45.896390103058216,48.08043668219138,45.26065335624436,2.819783325947021,1.8752575251582664,3.658092552791024,,44,,,1.3393953723145429,1,0.004109217,0
B0038,72,discharge,44,1.7775911304124035,3.613550650827938,4.187542870745614,2.1302151249881103,-0.9888372175373163,0.0009597423739816,-1.0104773124547506,47.07142767555465,49.0209427982368,45.31544167688482,3.705501121351986,2.057327745757504,1.0114370548287324,1.7775911304124037,44,,,0.736554557641572,1,0.01853324,0
B0038,73,impedance,24,,,,,,,,,,,,,,,24,,,0.27915632115821,0,7.6406475e-05,0
B0038,74,charge,44,,4.140732205634498,4.202573301381368,2.4795559223900447,0.708668973398405,1.519466951705706,-2.33947998136968,45.83138970126793,47.49175797835476,44.66821152503368,2.823546453321079,1.7230173789913232,3.8589469330753854,,44,,,1.338540964463622,1,0.0030566219,0
B0038,75,impedance,24,,,,,,,,,,,,,,,24,,,0.27915632115821,0,7.6406475e-05,0
B0038,76,discharge,44,1.777701881971679,3.615401963428833,4.1857951584704445,2.164304791761506,-0.990311695204241,-0.0014884668911372,-1.0109802413886324,47.094941474493815,49.014180829264426,45.332649875333296,3.68153095393113,2.0214903667089383,1.0094917744974952,1.777701881971679,44,,,0.738525625679556,1,0.016796226,0
B0038,77,charge,44,,4.140142086651389,4.202334424007766,2.2939498755978613,0.6757378345559762,1.5196852579305302,-2.168176673590489,45.87445302229694,48.19292695436639,45.28078042355183,2.912146530814553,1.908384548409905,3.6878619315210193,,44,,,1.3340626275030525,1,0.005002723,0
B0038,78,discharge,44,1.7789547618270618,3.612528735484352,4.187443417451479,2.103101288221301,-0.9886847879265132,-7.184433314482893e-05,-1.0098115227107507,47.0995133510692,49.08755174393166,45.32159821729143,3.765953526640232,2.0843421292301776,1.0097396783776058,1.7789547618270618,44,,,0.7371124916915888,1,0.020042706,0
B0038,79,charge,44,,4.138990863189779,4.202932330161394,2.2780552119444426,0.7030562908662259,1.5186796874632036,-2.160246881577081,45.890271865870346,48.1771261616083,45.26750936200129,2.909616799607008,1.9248771182169515,3.678926569040284,,44,,,1.3389065746424071,1,0.0051497454,0
B0038,80,discharge,44,1.7807753731135043,3.6160020417093457,4.1900372622396045,2.1449886066523933,-0.9902725483840612,-0.0018832819877408,-1.0118882343579725,47.07452189489319,49.000307836809725,45.32533979160533,3.6749680452043942,2.045048655587211,1.0100049523702317,1.7807753731135043,44,,,0.7380523777081438,1,0.018054623,0
B0038,81,charge,44,,4.138816437400737,4.202358643750409,2.2875132977540287,0.7026996543336911,1.5186354181417463,-2.1786170157326965,45.871546915499096,48.1969597233886,45.297104024820506,2.899855698568089,1.91484534599638,3.697252433874443,,44,,,1.3379218154611126,1,0.0051234155,0
B0038,82,discharge,44,1.778415319026661,3.614593015604058,4.188861157517333,2.1205293855533207,-0.99028074692211,-0.0012851043492373,-1.0109780766463656,47.12153419194554,49.05042538685695,45.36512164731064,3.685303739546306,2.068331771964012,1.0096929722971284,1.778415319026661,44,,,0.7391385322933204,1,0.019111393,0
B0038,83,charge,44,,4.1388720562314605,4.202048784689153,2.2720045132821887,0.7055923260254973,1.5205707240413548,-2.153162164913677,45.97653718098806,48.24855941263424,45.360406633544464,2.888152779089772,1.9300442714069648,3.673732888955032,,44,,,1.3429934457139427,1,0.005119757,0
B0038,84,discharge,44,1.7789773899108463,3.616664144234103,4.190060028748116,2.1339834463152427,-0.9919115001416684,-0.0005079937987579,-1.0107722282787006,47.15829653400459,49.08198729235301,45.41868911230955,3.663298180043462,2.056076582432873,1.0102642344799426,1.7789773899108463,44,,,0.7417965170663411,1,0.018498635,0
B0038,85,impedance,24,,,,,,,,,,,,,,,24,,,0.27915632115821,0,7.6406475e-05,0
B0038,86,charge,44,,4.14226115121011,4.202351712878416,2.470290134321228,0.6961885517644726,1.5187240951533394,-2.381988930275213,45.92010781756564,47.5856238800257,44.73619034346398,2.849433536561719,1.732061578557189,3.900713025428553,,44,,,1.3411166609111187,1,0.0033907893,0
B0038,87,impedance,24,,,,,,,,,,,,,,,24,,,0.27915632115821,0,7.6406475e-05,0
B0038,88,discharge,44,1.7792479347236045,3.616763225911199,4.187583021759709,2.1093887147366805,-0.9933993302020114,-0.0010152302017764,-1.0108021856673532,47.161612217353984,49.13279687311376,45.40774909091807,3.725047782195688,2.078194307023028,1.0097869554655767,1.7792479347236043,44,,,0.7417363649585738,1,0.019693194,0
B0038,89,charge,44,,4.138964022162454,4.202832045420286,2.2641280054733994,0.7022639165215807,1.5211909723441406,-2.1256259578880825,45.96938264340977,48.43963092427312,45.35566733576091,3.083963588512205,1.938704039946887,3.646816930232223,,44,,,1.342146584932316,1,0.0055730217,0
B0038,90,discharge,44,1.7779204573685081,3.6149940792944446,4.1891099360693005,2.098244904990502,-0.9915864068538186,-0.0001092968414661,-1.010302645629404,47.155567707969865,49.13552693190528,45.41557788830881,3.719949043596472,2.0908650310787986,1.0101933487879378,1.777920457368508,44,,,0.7406316922338131,1,0.020278122,0
B0038,91,charge,44,,4.139165106585668,4.202068579764424,2.2661326161002404,0.7024986236389499,1.519499376797164,-2.1457347855261952,45.95456830366548,48.35915596808749,45.33000828243755,3.0291476856499457,1.9359359636641835,3.665234162323359,,44,,,1.341685282803125,1,0.0055020642,0
B0038,92,discharge,44,1.779227040224144,3.6159145027179576,4.18915400521565,2.1367946107881166,-0.99155669196471,-0.0002991584401245,-1.0140415606547912,47.13225621283967,49.04172173314357,45.37303438235529,3.668687350788275,2.052359394427534,1.0137424022146666,1.779227040224144,44,,,0.7402446074728288,1,0.01831108,0
B0038,93,charge,44,,4.139473440330248,4.202679468634746,2.2836268016125385,0.697133972116137,1.519742579977221,-2.1585262201257907,45.93472968600179,48.29259210800302,45.3442936869724,2.9482984210306213,1.9190526670222077,3.678268800103012,,44,,,1.3400692847931126,1,0.005186771,0
B0038,94,discharge,44,1.7760634320079352,3.614661054786224,4.188887533318818,2.103206542363035,-0.9916693008676862,-0.0001433288490751,-1.0115553715036771,47.13346886842004,49.09468753497383,45.39506516049286,3.699622374480967,2.0856809909557827,1.011412042654602,1.7760634320079352,44,,,0.7394462211362549,1,0.019893462,0
B0038,95,charge,44,,4.140586484488591,4.202757354576207,2.271309428531566,0.6782011716617194,1.5212759171167625,-2.134879129038588,45.95776665518423,48.30379560063809,45.37276627659525,2.93102932404284,1.9314479260446409,3.65615504615535,,44,,,1.3383825388583594,1,0.0051423297,0
B0038,96,discharge,44,1.775103937963957,3.615082794707676,4.187944942179681,2.1895312972615004,-0.9899169847459928,0.0012032850265985,-1.012686564574278,47.17638554289952,49.057064718364046,45.39781385019533,3.659250868168712,1.9984136449181804,1.0138898496008766,1.775103937963957,44,,,0.7418863877087578,1,0.015556427,0
B0038,97,impedance,24,,,,,,,,,,,,,,,24,,,0.27915632115821,0,7.6406475e-05,0
B0038,98,charge,44,,4.1439466967227965,4.202699262680036,2.486381357543095,0.6824464579477937,1.519013457442981,-2.4085560625017406,45.95119923890631,47.54701802671315,44.71025757473574,2.836760451977405,1.716317905136941,3.9275695199447216,,44,,,1.3410913978855477,1,0.0032776643,0
B0038,99,impedance,24,,,,,,,,,,,,,,,24,,,0.27915632115821,0,7.6406475e-05,0
B0038,100,discharge,44,1.733064100138742,3.438902336521698,4.182064571336064,2.1594623220347016,-1.998396970742944,-0.0015044782014178,-2.0155210780038173,50.154407994251926,54.42193934195762,45.33453649038701,9.087402851570609,2.0226022493013627,2.0140165998024,1.733064100138742,44,,,0.57134603396179,1,0.010546721,0
B0038,101,impedance,24,,,,,,,,,,,,,,,24,,,0.27915632115821,0,7.6406475e-05,0
B0038,102,charge,44,,4.144537845055533,4.20270963269917,2.7154794229816,0.7059889554149966,1.5209223360150146,-2.7194923290149022,45.87279666049269,47.5492934867473,44.6796922193802,2.869601267367102,1.4872302097175698,4.240414665029917,,44,,,1.3423582189113086,1,0.0019409116,0
B0038,103,impedance,24,,,,,,,,,,,,,,,24,,,0.27915632115821,0,7.6406475e-05,0
B0038,104,discharge,44,1.7394892806215223,3.437169559941295,4.186725946685351,2.023065783993831,-1.9984033983725649,0.0009989389996633,-2.0179602336684037,50.1979427615177,54.61602412701822,45.36495505272962,9.2510690742886,2.1636601626915195,2.0189591726680667,1.7394892806215223,44,,,0.5720685893631006,1,0.015920516,0
B0038,105,charge,44,,4.140271593842142,4.203081080887495,2.4798955550509336,0.7076020676077182,1.5199593108293332,-2.409145165068261,46.20680314886696,53.98945112664698,45.30947462739255,8.679976499254437,1.7231855258365614,3.929104475897594,,44,,,1.3541811225343796,1,0.0057626064,0
B0038,106,discharge,44,1.7378064360392924,3.4370308930893247,4.189706586585002,2.0028176202456365,-1.99868797664225,0.0015932062780928,-2.016707594147861,50.18895736512512,54.621843575697525,45.39942528400046,9.222418291697068,2.1868889663393656,2.018300800425954,1.7378064360392924,44,,,0.5715391767503322,1,0.016766459,0
B0038,107,charge,44,,4.140936969797693,4.202790042719162,2.4935470854583937,0.7037540327665953,1.5198975747575818,-2.448740520601214,46.20530835738669,54.07834619272708,45.291304262425534,8.787041930301548,1.709242957260768,3.968638095358796,,44,,,1.3538636385833869,1,0.0056686564,0
B0038,108,discharge,44,1.730028145799833,3.437230626486004,4.188139594837195,2.061244397117138,-1.9982781324264292,-0.0026688295855706,-2.017081976460273,50.178407502665095,54.57283441287881,45.35268592716676,9.220148485712052,2.126895197720057,2.0144131468747024,1.730028145799833,44,,,0.5712918771387838,1,0.0142122945,0
B0038,109,charge,44,,4.141813136323024,4.202918062427187,2.5248619812667767,0.703064106275626,1.5192949400664673,-2.4839318360027343,46.18098281793005,54.004030748237554,45.27238425233152,8.731646495906034,1.6780560811604106,4.0032267760692015,,44,,,1.3532738747786657,1,0.0051223445,0
B0038,110,discharge,44,1.7290404566542985,3.4363115548278413,4.189030830558383,2.030738155835073,-1.998355971599052,-0.0008139552240412,-2.015865822308184,50.182509844874,54.65884815489962,45.359535861802165,9.299312293097458,2.158292674723309,2.0150518670841424,1.7290404566542985,44,,,0.5708454481806357,1,0.015329159,0
B0038,111,charge,44,,4.142443263429517,4.202251349231842,2.530528632861513,0.6974698321009108,1.5193709300796203,-2.483945646191711,46.17207464076251,54.11121073259171,45.26699299114604,8.844217741445668,1.6717227163703292,4.003316576271331,,44,,,1.3522994633365153,1,0.0050987853,0
B0038,112,discharge,44,1.7286072907068815,3.439407570423965,4.189306425000166,2.1901431826977382,-1.998333813768599,-0.0022924199527469,-2.016758163836068,50.173666427799,54.51993729622157,45.3694541622979,9.150483133923672,1.999163242302428,2.0144657438833207,1.7286072907068817,44,,,0.572519908117031,1,0.009623344,0
B0038,113,impedance,24,,,,,,,,,,,,,,,24,,,0.27915632115821,0,7.6406475e-05,0
B0038,114,charge,44,,4.147945983925126,4.2020685375956,2.7842981288812103,0.6891114809423028,1.5189697018586066,-2.808453043275565,45.74447603528703,47.44710690965051,44.677861618676,2.76924529097451,1.4177704087143894,4.327422745134172,,44,,,1.336055943578882,1,0.0016052129,0
B0038,115,impedance,24,,,,,,,,,,,,,,,24,,,0.27915632115821,0,7.6406475e-05,0
B0038,116,discharge,44,1.52573884649634,3.0455602167949416,4.17467236177005,2.11587711023423,-3.967012008013358,-0.0010768430588176,-4.032121081634592,58.41948951650429,69.28796559754325,45.3789326962188,23.90903290132445,2.05879525153582,4.031044238575774,1.52573884649634,44,,,0.3110971114575873,0,0.0332514,0
B0038,117,impedance,24,,,,,,,,,,,,,,,24,,,0.27915632115821,0,7.6406475e-05,0
B0038,118,charge,44,,4.158771792152472,4.202831739808466,3.0230017116948287,0.697933988098897,1.518530247328675,-3.1380262657970426,45.88732648378392,47.59500992926012,45.13758949161148,2.4574204376486364,1.1798300281136371,4.656556513125718,,44,,,1.3509579056101482,1,0.001513877,0
B0038,119,impedance,24,,,,,,,,,,,,,,,24,,,0.27915632115821,0,7.6406475e-05,0
B0038,120,discharge,44,1.5301475534434217,3.0241360171924403,4.186501078488458,2.052769819032336,-3.9673854309358174,-0.0020020085571102,-4.032714355951809,58.954810986890266,69.86974573152932,45.41210422504674,24.45764150648258,2.1337312594561224,4.030712347394698,1.5301475534434217,44,,,0.3198511949802691,0,0.038180657,0
B0038,121,charge,44,,4.083814304891153,4.20203903307295,2.921780707260326,1.4283212343578575,1.518819821328112,-3.0033141173515867,49.73373947873152,68.48251278043713,47.14900761089447,21.33350516954267,1.280258325812624,4.522133938679699,,44,,,1.5983676085920262,1,0.042182118,0
B0042,0,charge,22,,4.197385198958044,4.233259886073159,4.061299260077181,0.2017070849236265,1.4718048542431317,-0.0067282373618571,23.134196847306885,23.663844296679446,22.93211459943633,0.731729697243118,0.171960625995978,1.4785330916049886,,22,,,0.3089732794654368,0,0.01835739,0
B0042,1,impedance,24,,,,,,,,,,,,,,,24,,,0.27915632115821,0,7.6406475e-05,0
B0042,2,discharge,22,1.7287126633755356,3.4614155612128847,4.186140431282269,2.129158438168119,-1.8939211913974323,0.0017182819450348,-2.014638801503157,30.57466734048236,36.71744985096319,22.916770992915133,13.800678858048052,2.0569819931141504,2.016357083448192,1.7287126633755356,22,,,-0.2365628215287743,0,0.012654603,0
B0042,3,charge,22,,4.134005385937547,4.202972006441163,3.104257103927822,0.6281513845781019,1.520936049217407,-0.0072298387656361,24.88380082102146,34.07301356903037,22.54255024342525,11.530463325605124,1.0987149025133411,1.5281658879830435,,22,,,0.4191059205078251,0,0.036974277,0
B0042,4,discharge,22,1.7314706281853145,3.4852386922159138,4.187001880186287,2.1712317301519577,-1.919584179064593,-0.0002011662056241,-2.0148053114573066,29.95773352180402,35.70113647811508,22.539912627969,13.161223850146085,2.015770150034329,2.0146041452516825,1.7314706281853145,22,,,-0.2519314705350881,0,0.01110966,0
B0042,5,charge,22,,4.13130331467746,4.202656664275907,3.124898030267102,0.6239983212624673,1.519167378131257,-0.0061831035282476,24.465672215840407,33.61990494114175,22.24118650234367,11.378718438798078,1.0777586340088052,1.5253504816595045,,22,,,0.398593489924573,0,0.036222376,0
B0042,6,discharge,22,1.7282350363146088,3.488650146996854,4.187021318592124,2.095290280372333,-1.9414451091961449,0.0020564914579724,-2.015434761164688,29.6573718499772,35.604456217007545,22.25330254927013,13.35115366773741,2.0917310382197907,2.0174912526226607,1.7282350363146088,22,,,-0.2665256469244233,0,0.012333109,0
B0042,7,charge,22,,4.131772725971715,4.2020300661134105,3.102982820197802,0.6216363645674824,1.5199706409027736,-0.0062571542040678,24.32790671317934,34.116060916810085,22.139639245025418,11.976421671784667,1.0990472459156084,1.5262277951068417,,22,,,0.392556426878854,0,0.037341833,0
B0042,8,discharge,22,1.720344742291621,3.4946031502677606,4.186893543931745,2.1366970037230573,-1.952411218384564,-0.000184558167696,-2.0155565107237616,29.58111945436258,35.76285352997919,22.14576006233928,13.617093467639908,2.050196540208688,2.0153719525560656,1.720344742291621,22,,,-0.2678381183069683,0,0.0121300435,0
B0042,9,charge,22,,4.1322193836189545,4.201933442840452,3.123958804760795,0.6203752515681892,1.5183659466176012,-0.0070204094611225,24.57768126410447,34.34920401622037,22.492374505232803,11.856829510987566,1.0779746380796569,1.5253863560787235,,22,,,0.4033617296446464,0,0.036621314,0
B0042,10,discharge,22,1.7221734367707637,3.5041466859903747,4.187506351946306,2.168073033459323,-1.9696086717857544,-0.0003839805140552,-2.015995237854003,29.852452033753185,36.007677297437105,22.50193566756556,13.505741629871544,2.019433318486983,2.015611257339948,1.7221734367707635,22,,,-0.2529547716505392,0,0.011577283,0
B0042,11,impedance,24,,,,,,,,,,,,,,,24,,,0.27915632115821,0,7.6406475e-05,0
B0042,12,charge,22,,4.139834109924816,4.202327075664965,3.388580500785766,0.6124041704933931,1.5174973746992348,-0.0061366237278942,24.261768767406625,27.596732709484773,23.08610550858462,4.510627200900153,0.8137465748791994,1.5236339984271292,,22,,,0.3933878840870168,0,0.0150081,0
B0042,13,impedance,24,,,,,,,,,,,,,,,24,,,0.27915632115821,0,7.6406475e-05,0
B0042,14,discharge,22,0,3.5813916541827884,4.182774174856053,3.3813406435619986,-1.997608186227112,-0.0014793412116017,-2.0156141177062725,29.44940696187815,33.431937420119205,23.09569830656804,10.336239113551166,0.8014335312940548,2.0141347764946707,0.0,22,,,-0.2241671550029143,0,0.019118214,0
B0042,15,charge,22,,4.15203934232543,4.20214140164921,3.661146788925058,0.5353831181838506,1.5189140510257824,-0.0069073432458968,25.19894056280682,33.108698143366134,23.118108872941285,9.990589270424849,0.5409946127241518,1.5258213942716792,,22,,,0.4278679021691457,0,0.013400386,0
B0042,16,discharge,22,1.708669577331945,3.511927235956774,4.186160728297307,2.139145470034486,-1.9934476128094072,-0.0016426030143646,-2.0146673758608302,30.133153080135425,36.26317829568585,23.133782244082017,13.12939605160383,2.047015258262821,2.0130247728464656,1.708669577331945,22,,,-0.2400340899120004,0,0.0111869695,0
B0042,17,charge,22,,4.132347461929199,4.202751366071644,3.0643604300621123,0.6102070082871731,1.5191515697443845,-0.0061033820379581,25.043682710446248,35.959821477204805,22.66911729810009,13.290704179104717,1.138390936009532,1.5252549517823424,,22,,,0.4216445607678607,0,0.038953196,0
B0042,18,discharge,22,1.7036476485918646,3.509889497883845,4.185572306171051,2.0578186631112567,-1.9997503053848376,-0.0016062938841261,-2.016448918600222,29.740453708978052,35.7623078299739,22.667392403357333,13.094915426616566,2.127753643059794,2.014842624716096,1.7036476485918646,22,,,-0.2594010499513784,0,0.01222773,0
B0042,19,charge,22,,4.133115454048533,4.201957358183909,3.0357271256162166,0.6060369191121124,1.518955763104266,-0.0066045684996771,24.717555225031106,35.88264613638098,22.37125427273129,13.511391863649685,1.1662302325676928,1.5255603316039432,,22,,,0.4073822046209138,0,0.039747808,0
B0042,20,discharge,22,1.6958375743577971,3.508503301766948,4.185230831091511,2.0659696365057045,-1.9995857055614812,-0.0022447772973436,-2.016370882539026,29.503354124651093,35.6522927277619,22.397436866058804,13.2548558617031,2.1192611945858064,2.0141261052416826,1.6958375743577971,22,,,-0.2704815339440049,0,0.0122394655,0
B0042,21,charge,22,,4.134332284297217,4.2021127674025385,3.050730573871822,0.6044603711897307,1.5195745685701425,-0.0067123002838046,24.48751372344515,35.62798038489517,22.149169769869744,13.478810615025424,1.1513821935307167,1.526286868853947,,22,,,0.398015217298897,0,0.03936499,0
B0042,22,discharge,22,1.6949064846676911,3.5093738486555157,4.185842765241663,2.128700063525188,-1.999480712152978,-0.0001720142145016,-2.0173293605362743,29.324509292718897,35.46408341742395,22.15647191474241,13.30761150268154,2.0571427017164754,2.0171573463217727,1.6949064846676911,22,,,-0.2775738826807089,0,0.0113926185,0
B0042,23,impedance,24,,,,,,,,,,,,,,,24,,,0.27915632115821,0,7.6406475e-05,0
B0042,24,charge,22,,4.143868109401065,4.201937684169764,3.465056928771983,0.5998492448411259,1.5176632891598585,-0.0070412200906157,23.406282739742476,26.86891345318714,22.03746641182002,4.83144704136712,0.7368807553977814,1.5247045092504743,,22,,,0.3570214868763346,0,0.015635325,0
B0042,25,impedance,24,,,,,,,,,,,,,,,24,,,0.27915632115821,0,7.6406475e-05,0
B0042,26,discharge,22,1.6874768094352455,3.5046118772654107,4.181929749098425,2.0313187007109774,-1.9994501505976243,-0.0032857606579941,-2.0179688284834034,29.22569193760115,35.57686579319408,21.97680688887855,13.600058904315532,2.150611048387448,2.014683067825409,1.6874768094352457,22,,,-0.2849702012396908,0,0.013110057,0
B0042,27,charge,22,,4.13541533872486,4.202341271464621,3.057189562835079,0.5997922532508206,1.5196248614291528,-0.0059003165797708,24.321482865801453,35.421769545679894,22.02831618818502,13.393453357494874,1.145151708629542,1.5255251780089236,,22,,,0.3907536905407139,0,0.03916041,0
B0042,28,discharge,22,1.685989172917945,3.5095049490219243,4.185220171197086,2.1649043558777703,-1.9994421818851504,0.000490573238557,-2.018830939124682,29.23821053272865,35.388257294125744,22.039358695383665,13.348898598742078,2.020315815319316,2.019321512363239,1.685989172917945,22,,,-0.2811897667401266,0,0.010849648,0
B0042,29,charge,22,,4.136605556288046,4.202392369906553,3.092688911175281,0.5950430933058434,1.5195380938174252,-0.0068257860502133,24.317471318215024,35.23792163447379,22.000319475782145,13.237602158691647,1.1097034587312722,1.5263638798676389,,22,,,0.3905131395716765,0,0.03825992,0
B0042,30,discharge,22,1.6782864747774933,3.505007993364287,4.185080917700821,2.0349571700229223,-1.999407899212143,-0.0028296503882772,-2.019325717882185,29.20609205353922,35.480764002425865,22.00429647370857,13.47646752871729,2.150123747677899,2.016496067493908,1.6782864747774933,22,,,-0.2855427456485564,0,0.012819426,0
B0042,31,charge,22,,4.136279886016268,4.202625219633746,3.071587115704027,0.5951700342055463,1.5202325112162314,-0.0067389947748123,24.304534342538293,35.59701654274068,21.977611861512724,13.619404681227952,1.1310381039297193,1.5269715059910438,,22,,,0.3897642146003689,0,0.039088864,0
B0042,32,discharge,22,1.6739647640901527,3.508074728787427,4.184485186999273,2.181544114739576,-1.9990854937416904,-0.0012797017519862,-2.0198651097991984,29.18392032247409,35.44318242068533,21.977290475494517,13.46589194519082,2.002941072259697,2.0185854080472123,1.6739647640901527,22,,,-0.2844064691941588,0,0.010669917,0
B0042,33,charge,22,,4.13772239573834,4.20195930048483,3.109400956336638,0.5912066440198688,1.519941917086979,-0.0078889032236755,24.26578006775423,35.33720537114794,21.940319851277124,13.396885519870814,1.0925583441481923,1.5278308203106543,,22,,,0.388339005984039,0,0.037958,0
B0042,34,discharge,22,1.6722378801237066,3.505745200469688,4.184791585601031,2.113769860085841,-1.9991858462433612,-0.0026521214547926,-2.019707495930309,29.15371412789473,35.53526888191109,21.937196310338024,13.598072571573065,2.0710217255151897,2.0170553744755164,1.6722378801237066,22,,,-0.2872659550430919,0,0.011760081,0
B0042,35,impedance,24,,,,,,,,,,,,,,,24,,,0.27915632115821,0,7.6406475e-05,0
B0042,36,charge,22,,4.148120898223424,4.201995027273503,3.5111365389948763,0.5908475456411432,1.5182904043218062,-0.0063561364439239,23.26480068089889,26.682921023622715,21.89488805687454,4.788032966748176,0.6908584882786264,1.52464654076573,,22,,,0.3521331660870869,0,0.016218008,0
B0042,37,impedance,24,,,,,,,,,,,,,,,24,,,0.27915632115821,0,7.6406475e-05,0
B0042,38,discharge,22,1.6759897900491967,3.5048985290607786,4.184774909668599,2.098421577709346,-1.9989914019015809,-0.002175708409508,-2.019811604847253,29.10632507144163,35.63389752973798,21.827025575894588,13.806871953843393,2.0863533319592533,2.0176358964377448,1.675989790049197,22,,,-0.289828753687873,0,0.012319246,0
B0042,39,charge,22,,4.137876734952727,4.2019709303390425,3.098584712869189,0.5890286706173642,1.518690417837909,-0.0070386779314248,24.20222177902673,35.468197968726294,21.8939429673086,13.574255001417692,1.1033862174698532,1.525729095769334,,22,,,0.3853163313431282,0,0.038437467,0
B0042,40,discharge,22,1.6618247672847988,3.5020910209596536,4.183886479555269,2.037616415551784,-1.9988805936646044,-0.0028485703598498,-2.019941517456099,29.12674242401516,35.59922975777694,21.89229814678285,13.70693161099409,2.1462700640034846,2.0170929470962493,1.6618247672847988,22,,,-0.2907906249292148,0,0.01289362,0
B0042,41,charge,22,,4.13871712651249,4.202569917434918,3.0923203544652096,0.5877272564270969,1.5187923587097438,-0.0063192133257725,24.23768846211698,35.50852416322547,21.901578147025347,13.60694601620012,1.1102495629697082,1.5251115720355164,,22,,,0.3871628472123,0,0.038649447,0
B0042,42,discharge,22,1.6606710352566112,3.5056874475759354,4.185135902762495,2.187174985653482,-1.998923841150207,-0.0001594504107652,-2.020188403345957,29.11535255703125,35.43687423276839,21.904699326684245,13.532174906084144,1.9979609171090127,2.020028952935192,1.6606710352566112,22,,,-0.288905980864916,0,0.010549501,0
B0042,43,charge,22,,4.140185447152985,4.202559013954616,3.129338567910912,0.5826118646173156,1.5199010627129352,-0.006488955336431,24.198575851154413,35.37975169540351,21.87635793851217,13.503393756891338,1.0732204460437038,1.5263900180493664,,22,,,0.3855315852762917,0,0.037609525,0
B0042,44,discharge,22,1.6530644874507203,3.501789524982507,4.1851821245426,2.072733153164181,-1.9987415414363177,-0.0007384060495031,-2.0200971028016084,29.12272547212756,35.61618852753751,21.879984390778024,13.736204136759486,2.11244897137842,2.0193586967521053,1.6530644874507203,22,,,-0.2911379153481904,0,0.01230579,0
B0042,45,charge,22,,4.139462787504013,4.202071821517591,3.1112425564491586,0.5825840412188033,1.5189639333781575,-0.0064576418101346,24.236562566373014,35.49262081134743,21.90284496303066,13.58977584831677,1.0908292650684324,1.5254215751882925,,22,,,0.3866808312277917,0,0.038193442,0
B0042,46,discharge,22,1.649953986270456,3.5025833976800564,4.1837159565353605,2.153538168709435,-1.9984049924032647,0.0006422289496137,-2.0220817004003178,29.13774561916092,35.607533152172905,21.894505247973274,13.713027904199633,2.030177787825925,2.0227239293499317,1.649953986270456,22,,,-0.2899057509854529,0,0.011095737,0
B0042,47,impedance,24,,,,,,,,,,,,,,,24,,,0.27915632115821,0,7.6406475e-05,0
B0042,48,charge,22,,4.151015422669243,4.202287769951203,3.546169653056808,0.581615265609438,1.5181597990432023,-0.0065872621653031,23.258098250268677,26.701062752873813,21.86167009240172,4.839392660472093,0.6561181168943957,1.5247470612085054,,22,,,0.3520973118297097,0,0.017024979,0
B0042,49,impedance,24,,,,,,,,,,,,,,,24,,,0.27915632115821,0,7.6406475e-05,0
B0042,50,discharge,22,1.681297805444492,3.503798387367924,4.180907860399083,2.0832977472531726,-1.9987909313311891,-0.0013752044979968,-2.02087074020935,29.35747712988229,35.78017086282214,22.055422569884072,13.724748292938068,2.0976101131459104,2.019495535711354,1.681297805444492,22,,,-0.2797251679858154,0,0.0124022905,0
B0042,51,impedance,24,,,,,,,,,,,,,,,24,,,0.27915632115821,0,7.6406475e-05,0
B0042,52,charge,22,,4.146855811886285,4.202076041441997,3.475307395339328,0.5899987176665256,1.5184450631940818,-0.0067194942011006,24.0817036538795,27.377493184481697,22.89676713260417,4.480726051877522,0.7267686461026694,1.5251645573951824,,22,,,0.3862578219817606,0,0.01601225,0
B0042,53,impedance,24,,,,,,,,,,,,,,,24,,,0.27915632115821,0,7.6406475e-05,0
B0042,54,discharge,22,1.6700520424481298,3.512523395065813,4.1839131722082135,2.199482829433638,-1.9987942581899856,-0.0009057434365643,-2.0221682438178825,30.058298726634376,36.29735151754127,22.902106092162704,13.395245425378569,1.9844303427745755,2.0212625003813183,1.6700520424481298,22,,,-0.2438211264483094,0,0.010275369,0
B0042,55,charge,22,,4.138476370995397,4.202014608713862,3.1154513717415746,0.5873262726699501,1.5195638548631971,-0.0066814530225109,25.534942462849692,36.18036349741626,23.255746668436984,12.924616828979277,1.086563236972287,1.5262453078857083,,22,,,0.4426952362404259,0,0.037544884,0
B0042,56,discharge,22,1.667181860354792,3.509324438333478,4.186499199755687,2.053610599291471,-1.9986644728662533,-3.264133466017354e-05,-2.019460626145152,30.335552136245838,36.77407258413331,23.25558148148619,13.518491102647118,2.132888600464216,2.019427984810492,1.667181860354792,22,,,-0.2339984127333951,0,0.012472736,0
B0042,57,charge,22,,4.138717501218966,4.20210817708169,3.0956723365229832,0.5839555039714405,1.5206700932500998,-0.0066159117115666,25.54167181309616,36.70242840799778,23.126123482874025,13.576304925123754,1.1064358405587065,1.5272860049616666,,22,,,0.4425363509797723,0,0.03846058,0
B0042,58,discharge,22,1.6568865613275168,3.507216525411572,4.185720302344454,2.0842633816547624,-1.9984721935924132,-0.0001220087296782,-2.0196503096891822,30.22790176989086,36.6898808416456,23.13255340128993,13.557327440355667,2.101456920689692,2.019528300959504,1.6568865613275168,22,,,-0.2399873817939306,0,0.011952227,0
B0042,59,charge,22,,4.139714106406752,4.202708456107605,3.114723667000863,0.5774596224455926,1.5183119217706669,-0.0057224871072341,25.358896639198115,36.61109505600472,22.927014791820422,13.684080264184292,1.0879847891067422,1.524034408877901,,22,,,0.434168180864527,0,0.03828459,0
B0042,60,discharge,22,1.6449819446579936,3.5055185795629877,4.183888714545253,2.1599889328107214,-1.9985308662699577,-0.0016208708068343,-2.0197092405916743,30.04068826163031,36.474588298798025,22.93357506899713,13.5410132298009,2.0238997817345314,2.01808836978484,1.6449819446579936,22,,,-0.2491701949805916,0,0.010741887,0
B0042,61,charge,22,,4.140744160629822,4.20194985640818,3.1413068055078366,0.5746939820717242,1.5195936472382632,-0.0070959963909689,25.154824472067563,36.41047162522261,22.749865191444464,13.660606433778147,1.0606430509003433,1.526689643629232,,22,,,0.4255793763764389,0,0.037355542,0
B0042,62,discharge,22,1.639214585000014,3.5041328171645443,4.18402917199016,2.1678081694534352,-1.9984054053915887,-0.0017287035571895,-2.021433558764001,29.995148407588697,36.53730084509967,22.75566941167782,13.781631433421843,2.0162210025367244,2.0197048552068115,1.639214585000014,22,,,-0.2520230039762711,0,0.010886135,0
B0042,63,impedance,24,,,,,,,,,,,,,,,24,,,0.27915632115821,0,7.6406475e-05,0
B0042,64,charge,22,,4.150375532433205,4.201974981203766,3.560750426384052,0.5780485896383278,1.517992106302275,-0.0055383273560555,24.3827244623461,27.69489307202732,23.088848927977235,4.606044144050081,0.641224554819714,1.5235304336583306,,22,,,0.3993738244050289,0,0.01795718,0
B0042,65,impedance,24,,,,,,,,,,,,,,,24,,,0.27915632115821,0,7.6406475e-05,0
B0042,66,discharge,22,1.6410599890208055,3.500597395262485,4.1826825462923845,2.0092759412003707,-1.9983882415644911,-0.0008327829483928,-2.0209567624857296,30.299545316589416,36.91332213005366,23.09265902488124,13.820663105172422,2.1734066050920138,2.020123979537337,1.6410599890208055,22,,,-0.2412766547104586,0,0.013383896,0
B0042,67,charge,22,,4.141113796748301,4.2028568887354245,3.115689437141631,0.5762792681759642,1.5185240791007073,-0.0062256787570684,25.793202171855576,36.91954061232863,23.58002138116215,13.339519231166474,1.0871674515937937,1.5247497578577758,,22,,,0.4535515831944938,0,0.037875704,0
B0042,68,discharge,22,1.6432696512198481,3.504252997343204,4.185893529479634,2.0586265993400703,-1.998374293478694,-0.0011614647093873,-2.0209872934269897,30.68092451180232,37.19792815636057,23.575970837477485,13.621957318883084,2.127266930139564,2.0198258287176025,1.643269651219848,22,,,-0.2224588097438041,0,0.012281704,0
B0042,69,charge,22,,4.1413534970744506,4.202595366552765,3.133742515120099,0.573190588311189,1.5188731736712435,-0.0085622624238367,25.96102578316287,37.22259329139202,23.514752348223727,13.707840943168296,1.0688528514326658,1.5274354360950804,,22,,,0.4603674688684793,0,0.037647467,0
B0042,70,discharge,22,1.6298673102402295,3.501278659398817,4.185186392104773,2.043267705708337,-1.9981525515062304,-5.594487778162568e-05,-2.0191972634782047,30.66343528779561,37.30788971906059,23.502479291188067,13.805410427872523,2.141918686396437,2.0191413186004232,1.6298673102402297,22,,,-0.2251406374707724,0,0.012686029,0
B0042,71,charge,22,,4.141663789332732,4.201953871314286,3.141030548311872,0.5707229083496694,1.5189275250771104,-0.0074501956029381,25.73663758473645,37.278710352101726,23.23397886282233,14.044731489279396,1.0609233230024144,1.5263777206800486,,22,,,0.4504823596576095,0,0.037901845,0
B0042,72,discharge,22,1.6238536344658807,3.501431066556208,4.184091250625792,2.192115165922968,-1.9980383822206629,-0.0020558705875255,-2.0193297812824187,30.40848004603748,36.91850317978018,23.25101099435588,13.6674921854243,1.991976084702824,2.017273910694893,1.6238536344658807,22,,,-0.2359786886151061,0,0.010291368,0
B0042,73,charge,22,,4.143432834103815,4.202030701039999,3.178240309950912,0.5686144527475725,1.5181070535897594,-0.0053418542390382,25.47349784080474,36.87775821642486,22.97435325892584,13.90340495749902,1.023790391089087,1.5234489078287976,,22,,,0.4399624327645611,0,0.0366548,0
B0042,74,discharge,22,1.6186308887044174,3.4934993616796306,4.185322505991986,2.009457332273357,-1.9979232246026064,-0.0013207371739492,-2.021266928188253,30.239404481904074,37.047150483309736,22.971790357139568,14.075360126170168,2.175865173718629,2.019946191014304,1.6186308887044174,22,,,-0.2484793288847923,0,0.013685579,0
B0042,75,impedance,24,,,,,,,,,,,,,,,24,,,0.27915632115821,0,7.6406475e-05,0
B0042,76,charge,22,,4.154039151751994,4.202020496320327,3.585845302921447,0.566789260292354,1.5181375922026663,-0.0067128888298792,24.253230288110814,27.602025952972877,22.79207153123882,4.809954421734055,0.6161751933988802,1.5248504810325456,,22,,,0.3942034609456812,0,0.01823965,0
B0042,77,impedance,24,,,,,,,,,,,,,,,24,,,0.27915632115821,0,7.6406475e-05,0
B0042,78,discharge,22,1.6193418112441196,3.491928488990642,4.184033603294302,2.022898050960585,-1.997803306177237,-0.0004212906719527,-2.019754051447638,30.138707501965232,37.11898525927804,22.750486671200427,14.368498588077614,2.161135552333717,2.019332760775685,1.6193418112441196,22,,,-0.2538267443014613,0,0.013921029,0
B0042,79,charge,22,,4.144597018775529,4.202676014405489,3.159376281773685,0.5666542908767446,1.518184579326216,-0.0071764388202309,25.454190224642467,37.21357029019813,23.194472782901727,14.0190975072964,1.043299732631804,1.525361018146447,,22,,,0.43955006951194,0,0.03733589,0
B0042,80,discharge,22,1.614593271326993,3.4957274527798257,4.186164958491378,2.0786601580627257,-1.9980185647316373,-0.0010122095977501,-2.0194164856966417,30.49092272629849,37.20592886199134,23.20335228956989,14.00257657242145,2.107504800428652,2.018404276098892,1.614593271326993,22,,,-0.236208930649327,0,0.012184191,0
B0042,81,charge,22,,4.144639002344003,4.202066359770153,3.172340504434913,0.5637170031860865,1.517885848854745,-0.005851639094324,25.73528032860277,37.40030085322984,23.340532421484056,14.059768431745788,1.0297258553352395,1.5237374879490695,,22,,,0.4511312094684391,0,0.03701396,0
B0042,82,discharge,22,1.6072040891927848,3.4919326250007057,4.18461988628569,2.0245603644426806,-1.9977650982407589,-0.0028809767398297,-2.018937306071589,30.52916769412123,37.36855348711016,23.33268094876225,14.03587253834791,2.160059521843009,2.0160563293317595,1.6072040891927848,22,,,-0.2370326720650478,0,0.013199073,0
B0042,83,charge,22,,4.144892940292636,4.202818743797355,3.171060312702142,0.5598317337599313,1.519230791445555,-0.0065515206360271,25.3995498275442,37.53383624014103,22.93725179856555,14.596584441575477,1.0317584310952128,1.525782312081582,,22,,,0.4361669400608393,0,0.036632903,0
B0042,84,discharge,22,1.6012663590062357,3.4900059195673445,4.184040894709915,2.1378818450405794,-1.9975731627964837,-0.0009847832694445,-2.0197870445936115,30.17961904981464,36.95276259711366,22.939046141588143,14.013716455525518,2.046159049669335,2.0188022613241667,1.6012663590062357,22,,,-0.2532999966549929,0,0.011043169,0
B0042,85,charge,22,,4.146826696169157,4.201997107476515,3.20152854662085,0.5575780382249791,1.517930646419591,-0.00641165212798,25.061633325596564,37.075639564207776,22.636457312171004,14.439182252036773,1.0004685608556652,1.524342298547571,,22,,,0.4225155390734139,0,0.035570994,0
B0042,86,discharge,22,1.5940407410631041,3.487760577211602,4.184856050801538,2.183476039948653,-1.9975539729276184,-0.0023660890760905,-2.019731795851263,29.93310245467766,36.815592394057184,22.62107627575683,14.194516118300353,2.0013800108528845,2.0173657067751725,1.594040741063104,22,,,-0.2653805511160917,0,0.011389973,0
B0042,87,impedance,24,,,,,,,,,,,,,,,24,,,0.27915632115821,0,7.6406475e-05,0
B0042,88,charge,22,,4.158854049162747,4.202047708418428,3.625209790459466,0.5400084377798464,1.5173109229501325,-0.0056012911783254,23.78087942340077,27.219248013791415,22.380058558195508,4.839189455595911,0.576837917958962,1.5229122141284577,,22,,,0.3722584328107506,0,0.019395012,0
B0042,89,impedance,24,,,,,,,,,,,,,,,24,,,0.27915632115821,0,7.6406475e-05,0
B0042,90,discharge,22,1.5946888289374477,3.4820338003810947,4.183683003795162,2.0156684625826635,-1.9973829316274176,-0.0006941638440918,-2.019357908989728,29.85511285240877,36.96422627426333,22.33910192769368,14.625124346569653,2.1680145412124983,2.0186637451456355,1.5946888289374477,22,,,-0.2724952558224808,0,0.014216577,0
B0042,91,charge,22,,4.14677416040804,4.20216812793584,3.18622322396839,0.5574284710657554,1.5189815152676411,-0.0067124684440464,25.1150789766601,36.88857121645346,22.805463243068264,14.083107973385191,1.01594490396745,1.5256939837116876,,22,,,0.4247512018314288,0,0.036425542,0
B0042,92,discharge,22,1.5882100957302596,3.4857768989088598,4.184611325870051,2.0632481862122884,-1.9975492343534864,-0.000639818779015,-2.019389721774823,30.25738766927605,37.23035953747147,22.822384651747097,14.407974885724377,2.121363139657763,2.018749902995808,1.5882100957302596,22,,,-0.2527537383363821,0,0.012853193,0
B0042,93,charge,22,,4.1473029905400365,4.202993913969835,3.1946604088893245,0.555449993552204,1.5177055507848958,-0.0058368940640122,25.52542499660112,37.2825530679284,23.220165194088523,14.062387873839882,1.008333505080511,1.523542444848908,,22,,,0.4423839400431738,0,0.036235183,0
B0042,94,discharge,22,1.587985558077698,3.484962036012865,4.185413957037178,1.9973214087149431,-1.9975022770940796,-0.0003929117547398,-2.021379730129784,30.562785800580222,37.46832272742832,23.226244445744424,14.2420782816839,2.188092548322235,2.0209868183750435,1.587985558077698,22,,,-0.240157046773308,0,0.0139421355,0
B0042,95,charge,22,,4.147469149675915,4.202043439978875,3.186675958973613,0.5519685344612403,1.51863144960653,-0.0066918006588453,25.680301485446304,37.75121590746879,23.23032473862773,14.520891168841064,1.0153674810052622,1.5253232502653755,,22,,,0.4485237360112153,0,0.036048274,0
B0042,96,discharge,22,1.5799165406650344,3.4839596946536755,4.184723241072492,2.040034213071634,-1.997334294795813,-0.0014477021978065,-2.019502208637406,30.59004134732037,37.6505920814981,23.23571385375572,14.414878227742388,2.1446890280008577,2.0180545064395994,1.5799165406650344,22,,,-0.2396190276122711,0,0.013228362,0
B0042,97,charge,22,,4.147606997736704,4.2028924147137765,3.2011830228222067,0.5492586476014187,1.5175184787349505,-0.0069338690782862,25.446405342788758,37.84287087923924,22.887251300196063,14.955619579043177,1.0017093918915698,1.5244523478132368,,22,,,0.4380720207607863,0,0.035049252,0
B0042,98,discharge,22,1.5655946193652834,3.479594890613384,4.182701394192162,2.11763338483894,-1.9971237584867627,0.0007887257964197,-2.02072945969767,30.190272809188617,37.16199226931662,22.885196264237926,14.276796005078694,2.0650680093532223,2.02151818549409,1.5655946193652834,22,,,-0.2596566120237468,0,0.011396808,0
B0042,99,impedance,24,,,,,,,,,,,,,,,24,,,0.27915632115821,0,7.6406475e-05,0
B0042,100,charge,22,,4.159307620192712,4.202024368369647,3.642656709222948,0.5469555398994663,1.5178725485734148,-0.0075638452807122,23.92399598245707,27.362782764723004,22.39963354595848,4.963149218764524,0.559367659146699,1.525436393854127,,22,,,0.3799637033418681,0,0.019264784,0
B0042,101,impedance,24,,,,,,,,,,,,,,,24,,,0.27915632115821,0,7.6406475e-05,0
B0042,102,discharge,4,0.07070127737340176,2.7052764231784736,4.181775825418943,2.166646513631925,-3.938418442736194,-0.0013003886268289,-4.032113976084337,24.183402923813027,36.86635295736364,5.785612903370367,31.08074005399327,2.015129311787018,4.030813587457508,0.0707012773734017,4,,,-1.3808125179004316,0,0.21251146,0
B0042,103,impedance,24,,,,,,,,,,,,,,,24,,,0.27915632115821,0,7.6406475e-05,0
B0042,104,charge,4,,4.196004490470621,4.201706181141841,3.7831625674427256,0.3698275057770226,1.5162767138275934,-0.0016135027430758,5.943695474697144,8.725679908789616,4.132530172002643,4.593149736786972,0.4185436136991152,1.5178902165706694,,4,,,-0.4005795586864223,0,0.00045211503,0
B0042,105,impedance,24,,,,,,,,,,,,,,,24,,,0.27915632115821,0,7.6406475e-05,0
B0042,106,discharge,4,0.08416878530139071,2.679525148874618,4.178606054628232,2.1499182639223604,-3.9351759952435854,-0.0014040617202484,-4.034013050651154,23.826987359225917,38.12553242159685,5.832910464719786,32.29262195687706,2.028687790705872,4.032608988930906,0.0841687853013907,4,,,-1.4126048408609786,0,0.23475575,0
B0042,107,charge,4,,4.183962132207521,4.20228320357413,3.683888642679149,0.3669221421313078,1.516983969862937,-0.002846505864875,7.261663752820549,36.65849253770792,4.229123629451145,32.42936890825678,0.5183945608949814,1.519830475727812,,4,,,-0.3524250193078666,0,0.43158,0
B0042,108,discharge,4,0.08443785621465827,2.6791157950874176,4.187711795130632,2.162600478224296,-3.9330339281400906,-0.0015910768541789,-4.034190401454665,23.77974968565753,38.33981699002702,6.190532539577355,32.14928445044966,2.025111316906336,4.032599324600485,0.0844378562146582,4,,,-1.4145202568036472,0,0.23204787,0
B0042,109,charge,4,,4.184598919849195,4.202333823343818,3.6875286996164647,0.3591624829040266,1.518210368262643,0.0015341990392749,7.321099819072225,36.029986151282536,4.366820420849158,31.663165730433377,0.5148051237273537,1.516676169223368,,4,,,-0.3508476454913461,0,0.39821813,0
B0042,110,discharge,4,0.08478919060590338,2.671214412999543,4.188160354925031,2.174009268733748,-3.931680950777038,0.0010617334447227,-4.032988970431842,23.729074463498662,37.77196459678644,4.744830301776295,33.02713429501014,2.0141510861912826,4.034050703876565,0.0847891906059033,4,,,-1.4216879981247827,0,0.25011057,0
B0042,111,charge,4,,4.181565851591408,4.203035352408873,3.6904840871127753,0.4392094824605008,1.5173522643782935,0.0003060738369044,7.787814168135404,35.96688371020651,4.251895555672186,31.714988154534325,0.5125512652960973,1.5170461905413892,,4,,,-0.3183590212035653,0,0.40133604,0
B0042,112,discharge,4,0.09334258183442584,2.691575483192303,4.147325113187213,2.1861984912538444,-3.942868822909943,-0.0004739360763438,-4.034270870730653,24.093822128089528,36.82466507220515,4.730017206468228,32.094647865736924,1.9611266219333685,4.033796934654309,0.0933425818344258,4,,,-1.3945404801215222,0,0.23209725,0
B0042,113,charge,4,,4.190739033255181,4.201866783155404,3.755783587619401,0.3952394673489036,1.518525406835774,-0.0003942313028202,6.167182304415417,13.626806270959332,3.5653339884248045,10.061472282534528,0.4460831955360032,1.518919638138594,,4,,,-0.3898775524858386,0,0.001513785,0
B0042,114,impedance,24,,,,,,,,,,,,,,,24,,,0.27915632115821,0,7.6406475e-05,0
B0042,115,discharge,4,0.10603180131397782,2.6739113004169983,4.178007633870366,2.1758569457027304,-3.943133668889635,-0.0004639573752863,-4.035551171922283,23.99346261249294,38.55810679258891,6.19069543442408,32.36741135816483,2.002150688167636,4.035087214546997,0.1060318013139778,4,,,-1.4106019924657565,0,0.23603535,0
B0042,116,charge,4,,4.182711857847204,4.202281352173555,3.6791408320628576,0.3855902072236549,1.5186379171692463,-0.002658396900705,7.082133536186223,36.62087072785683,3.6220839256104185,32.998786802246414,0.5231405201106978,1.5212963140699514,,4,,,-0.3576039741953831,0,0.4564493,0
B0042,117,discharge,4,0.106505866207118,2.674532494466212,4.187777600667363,2.1928857082631903,-3.941238449762143,-0.0012451624212211,-4.0336360496244295,24.134267829139272,38.71410921886447,5.756061028005535,32.95804819085894,1.9948918924041723,4.032390887203208,0.106505866207118,4,,,-1.4037960823103064,0,0.24792357,0
B0042,118,charge,4,,4.183051972523357,4.202222424416401,3.682133680994818,0.3796198084053525,1.517546720614724,-0.0018646661757065,7.214797001819842,36.80702672608156,3.748374354713972,33.058652371367586,0.520088743421582,1.5194113867904306,,4,,,-0.3527526577243723,0,0.46046075,0
B0042,119,discharge,4,0.09439111585512952,2.672674327169749,4.187801760321389,2.1962120524397566,-3.940098411106424,-7.243994267375294e-05,-4.03449697480989,24.39919865958069,38.82770605774448,5.517396127585015,33.31030993015946,1.9915897078816327,4.034424534867217,0.0943911158551295,4,,,-1.3934328312179447,0,0.2564991,0
B0042,120,charge,4,,4.183206100647775,4.201940709928624,3.683667516921212,0.3773145622243772,1.516950196594565,0.0006425882401475,7.272485538706172,36.93667638626776,3.8200624409093775,33.11661394535838,0.5182731930074116,1.5163076083544178,,4,,,-0.3505864702669343,0,0.46392983,0
B0042,121,discharge,4,0.09450595927387112,2.795919785016863,4.187724346556428,2.177441070098024,-3.895915337791737,-0.0023372383400789,-4.034666797827482,19.290333517015608,28.576587463983174,5.553047335078787,23.023540128904383,2.0102832764584044,4.032329559487403,0.0945059592738711,4,,,-1.5234461697690391,0,0.11552719,0
B0042,122,charge,4,,4.190431396910226,4.202542923908464,3.7516205140329326,0.2868929621701004,1.5171945924722248,-0.002268180976449,6.926975256117324,28.013724783114405,3.617319811462125,24.39640497165228,0.4509224098755311,1.519462773448674,,4,,,-0.3769592011658181,0,0.15578082,0
B0042,123,discharge,4,0.08211456108215626,2.647432949750048,4.184585351637899,2.1475982200987445,-3.939911966880655,-0.0010899874353723,-4.034572987789034,24.880141621063864,39.82101597656743,4.297748001576022,35.523267974991406,2.036987131539154,4.033483000353662,0.0821145610821562,4,,,-1.389443579292243,0,0.30584165,0
B0042,124,impedance,24,,,,,,,,,,,,,,,24,,,0.27915632115821,0,7.6406475e-05,0
B0042,125,charge,4,,4.195677724820427,4.202832783946542,3.781705812674232,0.3731413136415522,1.5175425357055712,-0.0020876255358806,5.920166332032702,8.405012576003644,3.5197790110562512,4.885233564947393,0.4211269712723098,1.5196301612414518,,4,,,-0.4012098261182153,0,0.0005622622,0
B0042,126,impedance,24,,,,,,,,,,,,,,,24,,,0.27915632115821,0,7.6406475e-05,0
B0042,127,discharge,4,0.09518470631946747,2.650103128820241,4.174370629404978,2.1889636369151995,-3.9391677500177606,-0.0008747962133831,-4.03512977633892,24.484790248053308,39.40691039052945,6.1880198679126615,33.21889052261679,1.985406992489778,4.034254980125537,0.0951847063194674,4,,,-1.4045355058214677,0,0.25478444,0
B0042,128,charge,4,,4.183962682874366,4.202608755002486,3.68284911660739,0.3753565342172463,1.5179047930983447,-0.0033930511826136,7.209928601578606,37.32298820966789,3.64083497894857,33.68215323071932,0.519759638395096,1.5212978442809584,,4,,,-0.3531275481469268,0,0.49078482,0
B0042,129,discharge,4,0.09539129998659052,2.6386351740397065,4.187149567075233,2.1591530449897105,-3.938160748076452,-0.0008121114595693,-4.03420892483412,24.32438028187785,39.34611379625948,6.267578933042184,33.0785348632173,2.0279965220855223,4.033396813374551,0.0953912999865905,4,,,-1.4188450080179456,0,0.24991696,0
B0042,130,charge,4,,4.184499446166445,4.202053152316596,3.684547976307838,0.3718936918136013,1.518229101500185,-0.0025267584882932,7.068732580652726,37.284417864822665,3.327869951354947,33.95654791346772,0.5175051760087581,1.5207558599884785,,4,,,-0.3594659940806483,0,0.50528204,1
B0042,131,discharge,4,0.08289664565854568,2.641516205964566,4.186990272639876,2.1872998670546773,-3.936445305146453,-0.0018618922076282,-4.03394881658736,24.31173812149945,37.81632351305823,5.120871196805115,32.69545231625312,1.9996904055851985,4.032086924379732,0.0828966456585456,4,,,-1.4171708767011184,0,0.24374911,0
B0042,132,charge,4,,4.184687681291155,4.202112986354036,3.6900163289732006,0.3664862448296478,1.517883140901175,0.0010219295065287,7.136067450067132,35.79329632931669,3.5362983809282085,32.25699794838848,0.5120966573808357,1.5168612113946462,,4,,,-0.3574219890233627,0,0.4259827,0
B0042,133,discharge,4,0.08343199036452603,2.636149095213129,4.187147788668544,2.1645340110741715,-3.9374486872527408,-0.0010553441197214,-4.034576773439992,24.798155128694976,39.87139328791911,4.1434430425399045,35.727950245379205,2.0226137775943727,4.033521429320271,0.083431990364526,4,,,-1.3999973924034512,0,0.31179166,0
B0042,134,charge,4,,4.18472115029326,4.201891538708712,3.685189138959237,0.3709464760202458,1.5184149607458814,0.0008576659500316,7.203747780137148,38.156056909304894,3.59521143694014,34.560845472364754,0.5167023997494753,1.5175572947958498,,4,,,-0.3536861612335873,0,0.53624535,1
B0042,135,discharge,4,0.09624772156495698,2.6207075351068374,4.18639765148157,2.1770285343272047,-3.9362749816753353,0.0003041886385817,-4.034351864470546,24.477937441374635,39.50565821587436,6.254954957414337,33.25070325846003,2.0093691171543657,4.034656053109128,0.0962477215649569,4,,,-1.4237782477116203,0,0.25430527,0
B0042,136,impedance,24,,,,,,,,,,,,,,,24,,,0.27915632115821,0,7.6406475e-05,0
B0042,137,charge,4,,4.196623887001246,4.201979614865103,3.7874260260570902,0.3651525416525157,1.5167268454557912,-0.0048332662354422,5.899988490826723,8.828395779107666,3.675187220574268,5.153208558533398,0.4145535888080127,1.5215601116912334,,4,,,-0.4028911665950344,0,0.00069510145,0
B0042,138,impedance,24,,,,,,,,,,,,,,,24,,,0.27915632115821,0,7.6406475e-05,0
B0042,139,discharge,4,0.0871279249656989,2.609437196185719,4.171541055891453,2.141111284495936,-3.932875200184285,0.0047955926614418,-4.0360153311832665,24.426888204419104,38.61632478517865,5.41572408589482,33.200600699283825,2.0304297713955166,4.040810923844709,0.0871279249656989,4,,,-1.4328243471333746,0,0.2537759,0
B0042,140,charge,4,,4.184814425535837,4.20284064567638,3.686654082398594,0.370885360869882,1.518413959490956,-0.0021244773383127,7.102278875563002,36.226656154249525,3.52499961333154,32.70165654091799,0.516186563277786,1.5205384368292687,,4,,,-0.3579971763324807,0,0.44506365,0
B0042,141,discharge,4,0.09681912182757578,2.613327939295293,4.185612994515991,2.169659057289744,-3.934871100299521,-9.72148222703691e-05,-4.034406713148468,24.529804368213707,39.5809379115645,6.029955350974764,33.55098256058973,2.0159539372262474,4.034309498326198,0.0968191218275757,4,,,-1.4261833016790824,0,0.26036233,0
B0042,142,charge,4,,4.18496879520163,4.202094488188615,3.688256142166039,0.3669522763824913,1.5176616978766913,-0.0018402203267539,7.196714961068667,37.42383845944067,3.550792743446569,33.873045715994095,0.5138383460225757,1.5195019182034453,,4,,,-0.3545447423772793,0,0.50258607,1
B0042,143,discharge,4,0.08440054891345107,2.6084761921076955,4.185815228961297,2.181654361966916,-3.934008926590528,-0.0017411040008431,-4.03395759066338,24.521420210496924,38.80523939319278,5.424272480385026,33.38096691280775,2.004160866994381,4.032216486662537,0.084400548913451,4,,,-1.4296017246565982,0,0.25775814,0
B0042,144,charge,4,,4.185330407292112,4.20287393154556,3.690525461363469,0.3626725288521059,1.51730095831225,-0.0008016464992282,7.100343914312286,36.68590157844498,3.509420002527167,33.17648157591782,0.5123484701820917,1.518102604811478,,4,,,-0.3592196534319721,0,0.46907654,0
B0042,145,discharge,4,0.09770121716674529,2.602763654326182,4.185190800042781,2.152597184317211,-3.9338909734981855,0.0007571181180193,-4.035821871740746,24.626500323697712,39.65831560799121,6.171293375093454,33.48702223289776,2.03259361572557,4.036578989858765,0.0977012171667452,4,,,-1.4288470804983426,0,0.25846994,0
B0042,146,charge,4,,4.18521034030239,4.202623042005484,3.6889849463606232,0.3624251126043651,1.517121441113295,0.0006739846540252,7.1362328960005295,37.38528835414629,3.4676451021682237,33.91764325197806,0.5136380956448603,1.5164474564592696,,4,,,-0.3578010611601738,0,0.5048972,1
B0042,147,discharge,4,0.08517426476572666,2.5909779927483028,4.185054518834841,2.1543073222809688,-3.933060350490302,-0.0029838713042761,-4.036045295099187,24.561944088587065,38.94866184020599,5.325273797252637,33.62338804295335,2.030747196553872,4.033061423794911,0.0851742647657266,4,,,-1.4392784211297824,0,0.26180595,0
B0042,148,impedance,24,,,,,,,,,,,,,,,24,,,0.27915632115821,0,7.6406475e-05,0
B0042,149,charge,4,,4.1965865125484605,4.2028865021134285,3.791210196749104,0.3567989367644941,1.516703205829584,-0.001155177004098,5.803119242766472,8.092777739302454,3.357418813577815,4.735358925724639,0.4116763053643244,1.517858382833682,,4,,,-0.4085864135409524,0,0.0004911365,0
B0042,150,impedance,24,,,,,,,,,,,,,,,24,,,0.27915632115821,0,7.6406475e-05,0
B0042,151,discharge,4,0.08471993544879124,2.5818616349209504,4.168001002398225,2.177098848593695,-3.9328133118112514,-0.0030227158267672,-4.034780378871755,24.349376846518037,39.202440143533465,6.175186105872323,33.027254037661145,1.9909021538045304,4.031757663044988,0.0847199354487912,4,,,-1.4544094665771587,0,0.25081423,0
B0042,152,charge,4,,4.185666631521534,4.20255715341928,3.6907124035166974,0.3624058229969448,1.5170373965988952,-0.0007303739581767,7.087635105835575,37.13554692111551,3.434558721735113,33.7009881993804,0.5118447499025813,1.517767770557072,,4,,,-0.3595913601862341,0,0.49484864,0
B0042,153,discharge,4,0.08548836969893649,2.5894657078700765,4.184494029120111,2.1860372690383523,-3.931442483824809,-0.0030318120555945,-4.033579787707524,24.83962802826491,39.957340694247904,4.661077022364263,35.296263671883644,1.9984567600817584,4.030547975651929,0.0854883696989364,4,,,-1.4280517009864115,0,0.30228668,0
B0042,154,charge,4,,4.186378682208122,4.203053287093307,3.6927408052134303,0.3588353213166872,1.519043203903115,-0.0020597652478127,7.056609138601379,36.50837521403815,3.4725653713166564,33.0358098427215,0.5103124818798768,1.5211029691509277,,4,,,-0.3610973171964003,0,0.46310917,0
B0042,155,discharge,4,0.08577749933433501,2.74324665969125,4.184245249283899,2.151510007358308,-3.8726297778107583,-0.0002365954410871,-4.03486917319316,18.66421642737719,27.779193601334228,5.781013489512925,21.998180111821306,2.0327352419255917,4.034632577752073,0.085777499334335,4,,,-1.581048881986287,0,0.1075679,0
B0042,156,charge,4,,4.1937276867869215,4.205645795850926,3.784921296943254,0.2285487516850144,1.516860450037765,-0.0005982638374401,6.555237226196823,26.89357353463712,3.495327080411057,23.39824645422606,0.4207244989076719,1.5174587138752051,,4,,,-0.4012770463652628,0,0.13571091,0
B0042,157,discharge,4,0.08595553255245832,2.725383467696956,4.188328512345139,2.186039852986656,-3.866632309551034,-0.0008738851024605,-4.034128418138735,18.036688378070966,28.17217588027361,5.959666089901167,22.21250979037244,2.002288659358483,4.033254533036275,0.0859555325524583,4,,,-1.618773925782717,0,0.10935046,0
B0042,158,charge,4,,4.194108239148251,4.205610495015983,3.79485570792752,0.2174786754084294,1.515755146758193,-0.0027326945127681,6.590272224969528,27.68451726186382,3.442692127842266,24.241825134021557,0.4107547870884636,1.5184878412709608,,4,,,-0.4015152803733535,0,0.16047308,0
B0042,159,discharge,4,0.08614796979658328,2.719690012340044,4.183150067115272,2.194439659521147,-3.863052351120637,-0.0023201097556723,-4.035982933293039,18.05907472602224,28.019806483186763,5.99603423820299,22.02377224498377,1.9887104075941249,4.033662823537367,0.0861479697965832,4,,,-1.6209370242889647,0,0.10780052,0
B0042,160,impedance,24,,,,,,,,,,,,,,,24,,,0.27915632115821,0,7.6406475e-05,0
B0042,161,charge,4,,4.197930900574769,4.2049755625949405,3.893119575544792,0.2164229407096466,1.51411453536878,-0.0004517192935578,5.580163810910925,7.585694483693135,3.539897980019456,4.045796503673679,0.3118559870501487,1.5145662546623375,,4,,,-0.4425946028099297,0,0.00026100935,0
B0042,162,impedance,24,,,,,,,,,,,,,,,24,,,0.27915632115821,0,7.6406475e-05,0
B0042,163,discharge,4,0.08652450808993331,2.615760645023181,4.146111713893696,2.1996590897894817,-3.936202619996637,0.0008740084244236,-4.03581430505571,24.765477730551947,39.575497528042895,4.479408156056278,35.096089371986615,1.946452624104214,4.036688313480133,0.0865245080899333,4,,,-1.4146814178191516,0,0.30182076,0
B0042,164,impedance,24,,,,,,,,,,,,,,,24,,,0.27915632115821,0,7.6406475e-05,0
B0042,165,charge,4,,4.196503055741694,4.201944238783851,3.7780040424802426,0.3718435785264947,1.517777045648647,-0.0025062075035929,5.924545275318911,8.444679319989106,3.71344889482921,4.731230425159897,0.423940196303608,1.52028325315224,,4,,,-0.4007089692243059,0,0.0004986608,0
B0042,166,impedance,24,,,,,,,,,,,,,,,24,,,0.27915632115821,0,7.6406475e-05,0
B0042,167,discharge,4,0.08676036428685732,2.5894472814365503,4.168085841455298,2.136107030636872,-3.935267346074326,-0.0013796716649676,-4.034670379890685,25.24765084852269,40.52562745153084,4.209594025408038,36.3160334261228,2.0319788108184262,4.033290708225718,0.0867603642868573,4,,,-1.4112142639664715,0,0.32575232,0
B0042,168,charge,4,,4.1849325616362805,4.202922070626076,3.6842272603938886,0.3765050471813516,1.5177939929397375,-0.001639410065868,7.138232574002386,37.283817652930765,3.564552729416568,33.7192649235142,0.5186948102321871,1.5194334030056058,,4,,,-0.3553599916216534,0,0.49303722,0
B0042,169,discharge,4,0.08662025389371077,2.5730668910828003,4.183024595509789,2.1419779252621813,-3.932587440104149,-0.0016879895212775,-4.034567644462774,24.85031739846841,39.732594757918605,6.1114866794686815,33.62110807844992,2.0410466702476078,4.032879654941496,0.0866202538937107,4,,,-1.438660245123087,0,0.261245,0
B0042,170,charge,4,,4.185429007367938,4.202046257723798,3.688535399092052,0.3676522237514074,1.5176495883627346,0.000103668360839,7.185085362690994,37.41329889088782,3.700966507261192,33.71233238362663,0.5135108586317463,1.5175459200018957,,4,,,-0.3546136152319931,0,0.4947494,0
B0042,171,discharge,4,0.0869802394927499,2.7401588017218352,4.183194814686632,2.1988863560155885,-3.8727999832071216,-0.0024274456575893,-4.035671934777944,18.864531156596232,28.137335489275596,5.762629273523069,22.374706215752525,1.984308458671044,4.033244489120355,0.0869802394927499,4,,,-1.5745139918072315,0,0.11073396,0
B0042,172,charge,4,,4.1934906144814885,4.205666370525361,3.790309420157497,0.2321044620577593,1.5170472632231076,-0.0007303513634288,6.63717142275604,27.18707154395985,3.7355408170906994,23.451530726869144,0.4153569503678649,1.5177776145865365,,4,,,-0.3972708034253904,0,0.13822155,0
B0042,173,discharge,4,0.07387787113473963,2.570306500661592,4.187955458211665,2.122954770697664,-3.933637026469155,-0.0005277008333433,-4.03342279801976,25.750153086607327,40.6472857322764,4.11670799614815,36.53057773612824,2.065000687514001,4.032895097186416,0.0738778711347396,4,,,-1.4019972187906664,0,0.32976744,0
B0042,174,charge,4,,4.185692758517994,4.202176463823388,3.688159735900539,0.3643256499534911,1.5178711322877845,-0.0026775044091782,7.1964390108901926,38.31314751482923,3.8646071039242633,34.44854041090497,0.5140167279228494,1.5205486366969627,,4,,,-0.3545507664288232,0,0.5315767,1
B0042,175,discharge,4,0.08775865702231889,2.554774172450461,4.182683957990996,2.152849839303629,-3.930090758462791,0.0008490808760314,-4.033737999973946,25.210180888220314,40.39876505346307,6.1209352703449404,34.277829783118136,2.0298341186873667,4.0345870808499775,0.0877586570223188,4,,,-1.434856774456052,0,0.27646026,0
B0042,176,impedance,24,,,,,,,,,,,,,,,24,,,0.27915632115821,0,7.6406475e-05,0
B0042,177,charge,4,,4.196908251025847,4.202244366157337,3.7848563606943855,0.3605860112728319,1.5165623265575678,-0.0015375507471606,5.863287238742853,8.621974203588968,3.612390737407501,5.009583466181468,0.4173880054629513,1.5180998773047285,,4,,,-0.4051039745239301,0,0.0006259475,0
B0042,178,impedance,24,,,,,,,,,,,,,,,24,,,0.27915632115821,0,7.6406475e-05,0
B0042,179,discharge,4,0.08790576300272998,2.569770688194377,4.162514481062673,2.196522899315092,-3.930747740189577,0.0002940102115963,-4.033875415877974,25.400612986280134,40.90163609300309,5.500435881271609,35.401200211731485,1.965991581747581,4.03416942608957,0.0879057630027299,4,,,-1.416856509599388,0,0.30751964,0
B0042,180,charge,4,,4.1856978055103,4.202554180094201,3.689059708848987,0.366141657018225,1.5171920144871367,-1.7062283719208473e-05,7.216919935170547,38.84372893779345,3.325261749861041,35.51846718793241,0.5134944712452141,1.517209076770856,,4,,,-0.3533395360202898,0,0.58856106,1
B0042,181,discharge,4,0.08808784882200178,2.5650203867450827,4.182351033163065,2.197996842344396,-3.929501181608493,-0.0020476597026829,-4.035122004029501,25.47246500800018,41.18900895779625,6.159046065895221,35.02996289190103,1.984354190818669,4.033074344326818,0.0880878488220017,4,,,-1.4166893661896816,0,0.2969282,0
B0042,182,charge,4,,4.185916978894618,4.202280620339015,3.6919075384185,0.3605405849599313,1.5192673576878644,-0.0030755765500665,7.297562152152464,38.59058672556881,3.746066558105341,34.84452016746347,0.5103730819205152,1.5223429342379309,,4,,,-0.3507379228368621,0,0.55357087,1
B0042,183,discharge,4,0.08834250268158712,2.5498903733729468,4.18217351248383,2.1297135396833,-3.92912394117899,-0.0005043406032705,-4.034188562278321,25.7066698253335,41.34432689728045,6.315637106895644,35.02868979038481,2.05245997280053,4.033684221675051,0.0883425026815871,4,,,-1.4165749247873702,0,0.2925501,0
B0042,184,charge,4,,4.185907225876277,4.202351064552897,3.6901431017917594,0.3615008114698529,1.5183707551224186,-0.0010315379029842,7.318515940899813,39.01689897984102,3.775162423335432,35.241736556505586,0.5122079627611389,1.5194022930254028,,4,,,-0.3496704948772684,0,0.57386696,1
B0042,185,discharge,4,0.07463055332745072,2.541309292458781,4.182212563987984,2.167460006041706,-3.9284467564220784,-0.0013759515805679,-4.035608644890248,25.73079046383608,41.46126781944402,4.142877022607462,37.31839079683655,2.014752557946278,4.03423269330968,0.0746305533274507,4,,,-1.4210995272744986,0,0.354449,0
B0042,186,charge,4,,4.186311478714237,4.202096687413135,3.69291045634812,0.3583501108420641,1.5179710556001065,-0.0042689147832045,7.287058507362182,39.41943181494168,3.811757278875268,35.607674536066405,0.5091862310650144,1.5222399703833112,,4,,,-0.351323160860882,0,0.59524536,1
B0042,187,discharge,4,0.07485698665122698,2.532211294556467,4.182029042319134,2.188428099048639,-3.926768267443592,-0.0019860744953123,-4.03477323779569,25.61015187432273,41.26138545585116,6.306072938554303,34.95531251729686,1.9936009432704949,4.032787163300378,0.0748569866512269,4,,,-1.4320085992489169,0,0.29528266,0
B0042,188,impedance,24,,,,,,,,,,,,,,,24,,,0.27915632115821,0,7.6406475e-05,0
B0042,189,charge,4,,4.19730465155453,4.202070237128592,3.789653077201875,0.3513795179405045,1.517670169489588,-0.0040483917561991,5.973110917900852,8.767906294927622,3.797688262912728,4.970218032014893,0.4124171599267172,1.521718561245787,,4,,,-0.4017807545280705,0,0.0005947602,0
B0042,190,impedance,24,,,,,,,,,,,,,,,24,,,0.27915632115821,0,7.6406475e-05,0
B0042,191,discharge,4,0.07527573643141765,2.5336398931006547,4.1594358105794,2.1364927300394707,-3.9278468443801535,-0.0025894875702541,-4.035478262157419,25.871001272619925,41.67057172451578,6.308430698033009,35.362141026482774,2.0229430805399296,4.032888774587165,0.0752757364314176,4,,,-1.4200439350149954,0,0.30317447,0
B0042,192,charge,4,,4.185991791988697,4.202154345242508,3.689494127675644,0.3616040497663129,1.5167834283320676,-0.0007542140786447,7.33814328970953,39.20301692066861,3.8323636713114655,35.37065324935715,0.5126602175668635,1.5175376424107123,,4,,,-0.3487521588081709,0,0.58075076,1
B0042,193,discharge,4,0.07532351860488727,2.5300104336765603,4.181389260665308,2.191166300272401,-3.9256584663973166,-0.001417317889479,-4.0348123254431405,25.60097060283845,41.18674777166984,6.08363611699178,35.10311165467806,1.9902229603929071,4.033395007553661,0.0753235186048872,4,,,-1.4336608477519135,0,0.29914588,0
B0042,194,charge,4,,4.18679998491547,4.20266698177889,3.696889356782108,0.3506764027377191,1.5177521232462832,-0.0022185189887152,7.243299821313384,38.81974620270847,3.747958116234639,35.07178808647383,0.505777624996782,1.5199706422349983,,4,,,-0.354264461147856,0,0.567469,1
B0042,195,discharge,4,0.07553765302367196,2.5687661609629626,4.181131059409839,2.1913163423875845,-3.9058724989108495,0.000642900107638,-4.036198260626553,22.972831047751573,36.89985043885535,6.053939877888575,30.84591056096677,1.989814717022254,4.036841160734191,0.0755376530236719,4,,,-1.5173973743162428,0,0.20873734,0
B0042,196,charge,4,,4.190154370638667,4.20560267971975,3.736713204716283,0.2966988860132636,1.517244503521504,-0.0040087827128783,6.968334997998006,35.194455224797714,3.607244153562273,31.58721107123544,0.4688894750034662,1.5212532862343824,,4,,,-0.3735964398640909,0,0.41118672,0
B0042,197,discharge,4,0.07584285606128259,2.666767540584892,4.183136931480622,2.1777089403180425,-3.863354268170434,0.0004867641078371,-4.035140494431039,19.739623944709617,29.79153666326944,5.758986455111538,24.0325502081579,2.005427991162579,4.035627258538876,0.0758428560612825,4,,,-1.5838034464132522,0,0.12668478,0
B0042,198,charge,4,,4.194344880180285,4.205894141247275,3.805129780172426,0.2229989885907316,1.5177403512131182,-0.0053819414494937,6.619646855235022,28.09489445883117,3.6221885458526657,24.472705912978505,0.4007643610748483,1.523122292662612,,4,,,-0.3991003355338809,0,0.16933666,0
B0042,199,discharge,4,0.0759921803489148,3.1051211862160657,4.186858423852253,2.1316975124246333,-3.22393930405399,-0.0008462779898683,-4.034942103518998,6.0573358126113375,9.15118085083689,4.3832182010726894,4.767962649764201,2.0551609114276195,4.034095825529129,0.0759921803489148,4,,,-1.766307660167685,0,0.0020692514,0
B0042,200,impedance,24,,,,,,,,,,,,,,,24,,,0.27915632115821,0,7.6406475e-05,0
B0042,201,charge,4,,4.198759081874663,4.3042063302938445,4.106011849691542,0.0988422993578743,1.18091799094355,-0.0028222399892224,5.223334970972177,6.360282676148238,3.409766650825345,2.950516025322892,0.1981944806023028,1.1837402309327725,,4,,,-0.4785886364810505,0,0.00042218846,0
B0042,202,impedance,24,,,,,,,,,,,,,,,24,,,0.27915632115821,0,7.6406475e-05,0
B0042,203,discharge,4,0.07621652609591999,3.133556616526209,4.173229464797026,2.1969934922661687,-3.224483832257962,0.0011581209737159,-4.03535806126515,6.452306826213871,8.639171556267463,5.410302000622145,3.228869555645318,1.9762359725308567,4.0365161822388655,0.0762165260959199,4,,,-1.7305936339721,0,0.0018057085,0
B0042,204,charge,4,,4.198485464704497,4.230082879726106,4.0250442348104825,0.114791414545348,1.354620261363097,0.0001162340300708,6.008815522565931,9.718855136490546,3.5235172216227824,6.195337914867764,0.2050386449156231,1.3545040273330262,,4,,,-0.4421287821853648,0,0.0021196113,0
B0042,205,discharge,4,0.06216923141552526,3.175407439924743,4.182309477232018,2.1767041905630014,-3.1336357808131234,0.0017708340942048,-4.03389585056911,5.882941113071444,8.36040279366827,4.591253062887671,3.7691497307805983,2.005605286669017,4.0356666846633145,0.0621692314155252,4,,,-1.7109661437901944,0,0.0013248529,0
B0042,206,charge,4,,4.195801673840774,4.23534254859665,4.0395548924515365,0.1130557637837918,1.311649066080245,-0.0060288957536322,6.103030548192398,10.011071126056178,3.5311657447459543,6.479905381310224,0.1957876561451135,1.3176779618338772,,4,,,-0.4401694009212389,0,0.002230052,0
B0042,207,discharge,4,0.0759822277461493,3.102016459243783,4.179128534299532,2.137070814591814,-3.224095150373821,-0.001178032966963,-4.034621719624155,7.141415346306763,10.13355592147926,5.611697555798786,4.521858365680474,2.042057719707718,4.0334436866571926,0.0759822277461493,4,,,-1.7217915662878591,0,0.0016832519,0
B0042,208,charge,4,,4.198974733767477,4.230651951511762,4.029517137329087,0.1297057819216618,1.3337304253652238,-0.000422213757109,6.2344069637578725,11.679805896374084,3.6605242999292855,8.019281596444799,0.2011348141826747,1.3341526391223328,,4,,,-0.4294178059936733,0,0.0023443396,0
B0042,209,discharge,4,0.06227013548943564,3.1454428736631384,4.181278186068862,2.082550981383133,-3.134890688113641,-0.0029746030201113,-4.035455276480104,4.976092805264432,7.825436879589506,3.445726070155866,4.379710809433639,2.098727204685729,4.032480673459992,0.0622701354894356,4,,,-1.7700211909596617,0,0.0016188875,0
B0042,210,charge,4,,4.198615023052029,4.237062607283533,4.038911193717427,0.1211952112334335,1.3243320833640868,-0.0024506230101766,6.075003512889934,9.628739259597122,3.589987144184792,6.03875211541233,0.198151413566106,1.3267827063742634,,4,,,-0.4380429695134288,0,0.0021919499,0
B0042,211,discharge,4,0.06259446608798445,3.1652602154514007,4.180985964629633,2.144385419639702,-3.133774776537717,-0.0021557907692715,-4.033746345766042,6.411857494253951,8.862063004604039,5.1212840136675215,3.740778990936517,2.036600544989931,4.031590554996771,0.0625944660879844,4,,,-1.694975942621752,0,0.0013527976,0
B0042,212,impedance,24,,,,,,,,,,,,,,,24,,,0.27915632115821,0,7.6406475e-05,0
B0042,213,charge,4,,4.198811286723736,4.321593038306976,4.116817843922261,0.0974506210911241,1.177028001734625,-0.0041356304871552,5.202247702549832,6.204775629258535,3.4656363958218366,2.739139233436698,0.2047751943847151,1.1811636322217804,,4,,,-0.4797114902847128,0,0.0004221728,0
B0042,214,impedance,24,,,,,,,,,,,,,,,24,,,0.27915632115821,0,7.6406475e-05,0
B0042,215,discharge,4,1.4377344766079456,3.375833171038118,4.091725418867881,2.1679616860507585,-0.9606132638664066,0.0007729257222862,-1.0117101728405982,8.336150156814936,12.075623262738652,4.866447950679472,7.20917531205918,1.9237637328171229,1.0124830985628843,1.4377344766079456,4,,,-1.0808917311170432,0,0.009207162,0
B0042,216,impedance,24,,,,,,,,,,,,,,,24,,,0.27915632115821,0,7.6406475e-05,0
B0042,217,charge,4,,4.184686963012791,4.201993433013558,3.3176412252086016,0.5310881583930079,1.5194997721475088,-0.0018811631939804,6.199121749026284,8.879527327672763,3.803103625281224,5.076423702391539,0.8843522078049566,1.521380935341489,,4,,,-0.3680149422737317,0,0.0023289018,0
B0042,218,impedance,24,,,,,,,,,,,,,,,24,,,0.27915632115821,0,7.6406475e-05,0
B0042,219,discharge,4,1.5246019289244055,3.4250125349211604,4.159841572444575,2.180850179577844,-0.9944195894158236,-0.0004661894984513,-1.0157168253561746,8.088311260303593,11.61044167945082,4.392392021662698,7.218049657788122,1.978991392866732,1.0152506358577231,1.5246019289244055,4,,,-1.0650684677970963,0,0.012546134,0
B0042,220,charge,4,,4.178506090480909,4.20212903394529,3.082133113056013,0.5306990984638102,1.5195372593236245,-0.0008326184588515,6.382972786404532,10.728089453341308,3.6879968399003262,7.040092613440982,1.1199959208892776,1.520369877782476,,4,,,-0.3642758546926714,0,0.0058205547,0
B0042,221,discharge,4,1.5215273965539478,3.427812476893316,4.180350451491815,2.148712088809679,-0.9986292541736456,-0.0013941777112871,-1.014585811777543,8.108636077883194,12.416393344856289,5.45862942281849,6.957763922037799,2.0316383626821364,1.013191634066256,1.5215273965539478,4,,,-1.0630994165211247,0,0.012645619,0
B0042,222,charge,4,,4.178786936844188,4.202004847319482,3.0472376609625957,0.5295273210340852,1.5176122346718488,-0.0009931314709502,6.366982697079196,11.637478526115904,3.8361822789874047,7.8012962471285,1.1547671863568865,1.518605366142799,,4,,,-0.3649885058774648,0,0.006383998,0
B0042,223,discharge,4,1.5155323631175952,3.426023627609226,4.180484652340476,2.126630218048744,-1.0007710730973127,0.0004917354460156,-1.0152252739169738,8.179473273978417,12.741907914911504,5.378401802765508,7.363506112145997,2.053854434291732,1.0157170093629897,1.5155323631175952,4,,,-1.0616254537292351,0,0.013549527,0
B0042,224,charge,4,,4.178937299459519,4.20331701276969,3.0307014024908443,0.527560962686635,1.5181387460314983,-0.001492194125394,6.416374118747356,11.086639987489344,3.892214371017188,7.194425616472156,1.172615610278846,1.5196309401568924,,4,,,-0.3631203617441978,0,0.0066475137,0
B0042,225,discharge,4,1.5044249661534554,3.427137964017458,4.179828984428225,2.177720591678305,-1.0029400958959638,-0.0003758615075627,-1.015528714589196,8.133323147997125,11.812176644627147,3.942522219778396,7.869654424848752,2.00210839274992,1.0151528530816332,1.5044249661534554,4,,,-1.0632623586062506,0,0.013123308,0
B0042,226,charge,4,,4.179567106035347,4.201945361406691,3.049916717537771,0.5237734900058767,1.5184672485588036,-0.0011601982499828,6.479320247388409,11.391443060713112,3.967929922455594,7.423513138257519,1.1520286438689196,1.5196274468087865,,4,,,-0.3606804059044503,0,0.00632711,0
B0042,227,discharge,4,1.5001507149498807,3.4224753028837007,4.179688473119865,2.1738551413791023,-1.002976218809888,-0.0017314201089289,-1.0152994782253597,8.221548017024785,12.77319183354637,5.433875343316513,7.339316490229858,2.0058333317407624,1.0135680581164306,1.5001507149498807,4,,,-1.062564670758818,0,0.0122742355,0
B0042,228,impedance,24,,,,,,,,,,,,,,,24,,,0.27915632115821,0,7.6406475e-05,0
B0042,229,charge,4,,4.187207051264054,4.202612299356203,3.369030590651644,0.5202909655402833,1.5176424420082832,-0.001217549846407,6.216488032033752,8.768646460620156,3.871632620883849,4.8970138397363066,0.8335817087045596,1.5188599918546903,,4,,,-0.3675463821845396,0,0.0018802875,0
B0042,230,impedance,24,,,,,,,,,,,,,,,24,,,0.27915632115821,0,7.6406475e-05,0
B0042,231,discharge,4,1.489011227320312,3.4137666152192327,4.156718320546126,2.1739453453589515,-1.0029036577307848,-0.0025000475145131,-1.0156907563945252,8.196033184015114,11.714847602816857,3.948091350954695,7.76675625186216,1.9827729751871748,1.013190708880012,1.489011227320312,4,,,-1.0694164721759245,0,0.012150965,0
B0042,232,charge,4,,4.180451387690134,4.202918804666687,3.067937881185883,0.518526784449576,1.5180707406947196,-0.0031138709476683,6.422582427120998,11.229997559633148,3.826479487397316,7.403518072235832,1.1349809234808044,1.521184611642388,,4,,,-0.3634798223446461,0,0.0060712425,0
B0042,233,discharge,4,1.4810149357562845,3.415284661394718,4.179126280631904,2.1496986936751377,-1.0028526103336208,-0.0012569793191836,-1.0141702039281322,8.16363192494008,11.58953853216132,4.856942399753029,6.732596132408292,2.029427586956766,1.0129132246089485,1.4810149357562843,4,,,-1.069794616869118,0,0.011228442,0
B0042,234,charge,4,,4.1808724078681765,4.2027284803460265,3.069376678949012,0.5146154498783075,1.517390233582143,-0.0008478577945777,6.424040988176936,11.115515758610975,3.72504628783921,7.390469470771767,1.1333518013970147,1.5182380913767208,,4,,,-0.3638436138904703,0,0.0060430984,0
B0042,235,discharge,4,1.476262027748574,3.411339830211172,4.178321190076967,2.130871451051632,-1.002761137143926,-0.0019003583424086,-1.015116075388854,8.182297960881899,12.228023164640565,3.7743106596445495,8.453712504996012,2.0474497390253354,1.0132157170464453,1.476262027748574,4,,,-1.0715885502582885,0,0.013605937,0
B0042,236,charge,4,,4.1814789987074,4.201961417303293,3.0647730797042594,0.5129636996548137,1.518993571898004,-0.0009731523096913,6.3679675835955445,10.525460128212492,3.54387668462577,6.981583443586722,1.1371883375990337,1.5199667242076953,,4,,,-0.3661501013189007,0,0.00608265,0
B0042,237,discharge,4,1.4662551025438961,3.406171736681637,4.177914160605347,2.1249846428522594,-1.0028500275234071,-0.0012356705884221,-1.0161898571210812,8.239851195999249,12.995413081963957,4.866093726205865,8.129319355758092,2.052929517753088,1.0149541865326592,1.466255102543896,4,,,-1.07255360581305,0,0.012856163,0
B0042,238,charge,4,,4.1818727166849925,4.201901776581899,3.061013483946872,0.5108021727880557,1.518422078599202,-0.0020267088714214,6.428233807576391,12.559137589831142,3.89084576722759,8.668291822603551,1.1408882926350268,1.5204487874706234,,4,,,-0.3636885015366213,0,0.0070629544,0
B0042,239,discharge,4,1.4593282593817019,3.404061107280645,4.177668141485771,2.124079082604729,-1.0027529355519171,0.0005687903234577,-1.0156335856045815,8.314381068196377,13.00690019959285,5.064328187477132,7.942572012115718,2.0535890588810424,1.0162023759280394,1.459328259381702,4,,,-1.070730283544028,0,0.012370603,0
B0042,240,impedance,24,,,,,,,,,,,,,,,24,,,0.27915632115821,0,7.6406475e-05,0
B0042,241,charge,4,,4.189915405581015,4.201897932681028,3.4462823311100945,0.5060589210887191,1.5181129511303797,-0.0029638298669344,6.1557141677129605,8.774827840178588,3.5661831591969126,5.208644680981676,0.7556156015709337,1.521076780997314,,4,,,-0.3709315041330158,0,0.0013929639,0
B0042,242,impedance,24,,,,,,,,,,,,,,,24,,,0.27915632115821,0,7.6406475e-05,0
B0042,243,discharge,4,1.445704157754381,3.3920891926927386,4.153042890139087,2.157698091133544,-1.0027471224260915,-0.0020212433897954,-1.0151373782288406,8.203300249486228,13.003396618491456,3.760749320682264,9.242647297809192,1.9953447990055428,1.0131161348390452,1.445704157754381,4,,,-1.083433648295328,0,0.013536851,0
B0042,244,charge,4,,4.182846570093023,4.202717055496568,3.086569882527301,0.5065472407321561,1.5171169644802511,0.0012283607463364,6.41214867279023,12.584127275687871,3.655485639090671,8.928641636597202,1.1161471729692671,1.5158886037339148,,4,,,-0.3645022315372328,0,0.0073530115,0
B0042,245,discharge,4,1.4400686089389023,3.396207267678132,4.176783274878805,2.128860427750212,-1.0026619793717584,-0.0017615914551981,-1.0156661309978,8.252382764570392,12.802739574235911,5.127499040352615,7.675240533883298,2.0479228471285933,1.0139045395426018,1.4400686089389023,4,,,-1.078580858759456,0,0.011434383,0
B0042,246,charge,4,,4.183136091805187,4.202019359995984,3.0877556988006227,0.5025089675715791,1.519173678236062,-0.0003424220061975,6.394052870532499,12.385617234938117,3.7646146140035226,8.621002620934593,1.1142636611953614,1.5195161002422597,,4,,,-0.3658165808486243,0,0.0067500663,0
B0042,247,discharge,4,1.4290313659547842,3.395827065629725,4.176835821672092,2.162828573021361,-1.002740647957347,-0.0012958453819805,-1.015570651710456,8.247452041994245,12.748426837127605,5.268947360045857,7.479479477081746,2.014007248650731,1.0142748063284752,1.4290313659547842,4,,,-1.079058821376849,0,0.010465665,0
B0042,248,charge,4,,4.183749355163005,4.202282029042411,3.1079125048353364,0.4987771550619468,1.5203356178006655,-0.0013948221770502,6.373665231746378,12.311188659149154,3.448801433711769,8.862387225437384,1.094369524207075,1.5217304399777158,,4,,,-0.3669597558866978,0,0.007090103,0
B0042,249,discharge,4,1.414172188151386,3.39249312765024,4.1765571620332524,2.1882897882574714,-1.0027179745166035,-0.0024425355844481,-1.0147574189655575,8.179356055314594,12.453422458173543,5.033635313790021,7.419787144383524,1.988267373775781,1.0123148833811095,1.414172188151386,4,,,-1.08419012283747,0,0.009693279,0
B0042,250,charge,4,,4.183843238145212,4.202732581474074,3.127732267850015,0.4955141124923257,1.518492663986999,-0.0035556255323411,6.336261946714505,12.083581753795514,3.539941705383298,8.543640048412215,1.0750003136240591,1.52204828951934,,4,,,-0.3690938410503362,0,0.006319468,0
B0042,251,discharge,4,1.415603079129078,3.389283502389414,4.1766999837334025,2.1285029465259013,-1.0026894950538925,-0.0013228207107746,-1.015910590106893,8.33800631225338,12.1691500239434,4.9905387057055535,7.178611318237845,2.048197037207501,1.0145877693961185,1.415603079129078,4,,,-1.0794910560212356,0,0.0106639145,0
B0042,252,impedance,24,,,,,,,,,,,,,,,24,,,0.27915632115821,0,7.6406475e-05,0
B0042,253,charge,4,,4.192423635829464,4.201984377315355,3.521131947333391,0.4906191328196706,1.51702484929748,-0.0040670952939308,6.195417855865735,8.83100668779785,3.679192157109592,5.151814530688258,0.6808524299819645,1.5210919445914108,,4,,,-0.370347814341629,0,0.0009472458,0
B0042,254,impedance,24,,,,,,,,,,,,,,,24,,,0.27915632115821,0,7.6406475e-05,0
B0042,255,discharge,4,1.3994410223300702,3.377876069069322,4.150196439454072,2.158726692822152,-1.0025103497063337,-0.0016492952707308,-1.0159094949842238,8.293330795902381,12.726444405331804,4.9273863857427855,7.799058019589017,1.99146974663192,1.0142601997134928,1.3994410223300702,4,,,-1.0889347665571756,0,0.009596926,0
B0042,256,charge,4,,4.184155037835348,4.202823338427662,3.121694912500516,0.4915121936935604,1.517900739993765,-0.0014648619647242,6.387149514313762,12.30790672691502,3.632984288489298,8.674922438425721,1.081128425927146,1.5193656019584891,,4,,,-0.367421538390683,0,0.006609133,0
B0042,257,discharge,4,1.3959635285794907,3.386987302997725,4.175707583064406,2.1998128745691083,-1.0024134076376698,-0.0005976709915398,-1.015635228418542,8.373136255476883,12.125723483812015,5.217565120870593,6.908158362941424,1.9758947084952971,1.015037557427002,1.395963528579491,4,,,-1.0794520224085264,0,0.008756944,0
B0042,258,charge,4,,4.1849141930198135,4.201868347549194,3.148436129344929,0.4876436462564528,1.5174768137678507,-0.0014541008263081,6.3935753780131215,11.758439453700104,3.5785067069226923,8.179932746777412,1.0534322182042652,1.518930914594159,,4,,,-0.3673401281479588,0,0.0056551513,0
B0042,259,discharge,4,1.3929784652630588,3.3829130588839496,4.176508363415245,2.1540885607694915,-1.0024655689800792,-0.0028143667405868,-1.016152801679653,8.329037453715973,12.11350286924164,4.923982446005675,7.189520423235964,2.022419802645753,1.0133384349390662,1.3929784652630588,4,,,-1.0840556019011929,0,0.0098134605,0
B0042,260,charge,4,,4.185489552783077,4.203042936449519,3.139297932774006,0.4852305855957103,1.5175043673223014,-0.000478712305343,6.466741797059271,11.252606050678244,3.6929753364979705,7.559630714180273,1.0637450036755127,1.5179830796276446,,4,,,-0.3642490484169182,0,0.00520498,0
B0042,261,discharge,4,1.3740772023800918,3.3774651407729346,4.175329405348679,2.159795216779738,-1.002446169377572,-0.0010365158630051,-1.015180208545858,8.396128944133206,12.960410174687055,5.561928665836724,7.398481508850332,2.0155341885689406,1.0141436926828526,1.3740772023800918,4,,,-1.084776453234669,0,0.0093575325,0
B0042,262,charge,4,,4.1855186292493,4.20272818488811,3.1404101341187043,0.4821500055127574,1.518002863494199,-0.0009881042685053,6.482405997269859,12.481310536742583,3.684965378103662,8.796345158638921,1.0623180507694054,1.5189909677627047,,4,,,-0.3641119778552115,0,0.0067531606,0
B0042,263,discharge,4,1.3752493030002435,3.3780934843236405,4.175181369358572,2.185043715780537,-1.002355515867145,-0.0007376994377314,-1.014696180145089,8.43692173445999,12.4262328165013,4.134321617243554,8.291911199257747,1.9901376535780344,1.0139584807073578,1.3752493030002435,4,,,-1.082590397744727,0,0.0093240505,0
B0042,264,impedance,24,,,,,,,,,,,,,,,24,,,0.27915632115821,0,7.6406475e-05,0
B0042,265,charge,4,,4.194074399968302,4.20234478231277,3.573508028230249,0.4766385489576597,1.517242560645376,-0.0021790498604189,6.189509602735411,8.773483394016624,3.774036102040506,4.999447291976118,0.628836754082521,1.519421610505795,,4,,,-0.3720296017780304,0,0.00075158215,0
B0042,266,impedance,24,,,,,,,,,,,,,,,24,,,0.27915632115821,0,7.6406475e-05,0
B0042,267,discharge,4,1.3671966130854505,3.364163079749717,4.147372136171002,2.1784898920030544,-1.0023378437056385,-0.0015101895474657,-1.0153472628222506,8.419794670115083,13.21754189086476,4.481717410647008,8.735824480217751,1.968882244167948,1.0138370732747848,1.3671966130854505,4,,,-1.0925500818610896,0,0.009402818,0
B0042,268,charge,4,,4.186296441967449,4.203979271656892,3.149612921004469,0.4800872425461626,1.5183240552342867,-0.0024880851783755,6.419169967799757,12.81776652320136,3.850909907790357,8.966856615411004,1.054366350652423,1.5208121404126622,,4,,,-0.3666870729379492,0,0.007052656,0
B0042,269,discharge,4,1.356887600783644,3.3705853863809336,4.174822480867543,2.189853076065801,-1.0021679698004895,-0.0011949572748057,-1.015989585590983,8.409805733876953,13.047668558877342,4.950165168661344,8.097503390215998,1.9849694048017417,1.0147946283161773,1.356887600783644,4,,,-1.0886950950542214,0,0.008766727,0
B0042,270,charge,4,,4.186298200813255,4.2022397940311205,3.1625527254454666,0.4758276636646705,1.518231391659974,0.0001527964895948,6.451665219363198,12.61372040068924,3.8101196206315056,8.803600780057735,1.039687068585654,1.518078595170379,,4,,,-0.3660572049520325,0,0.0066309907,0
B0042,271,discharge,4,1.3449320225969348,3.366371835007897,4.174669508085626,2.169597235193881,-1.0021759719497003,-0.0003718638051042,-1.0147917391902936,8.370055044633526,13.073094195785368,4.931862010617464,8.141232185167905,2.005072272891745,1.0144198753851894,1.3449320225969348,4,,,-1.0931960703685943,0,0.0089395195,0
B0042,272,charge,4,,4.186649339348359,4.202822924652277,3.1592207364224136,0.4713844874400036,1.518401138197065,-0.0006050066460075,6.421390822473037,12.637625360495532,3.82150235795419,8.816123002541342,1.0436021882298632,1.5190061448430725,,4,,,-0.3679272737966366,0,0.0066810143,0
B0042,273,discharge,4,1.3374691704584258,3.3609438971566736,4.174072805021775,2.153907127504055,-1.0021900129076768,2.465679595063534e-05,-1.0152446711938672,8.33428157906845,13.27910289077086,4.286490828675208,8.992612062095652,2.02016567751772,1.0152693279898175,1.3374691704584258,4,,,-1.0983315033034584,0,0.009806954,0
B0042,274,charge,4,,4.185873496554861,4.202553764826593,3.157666191523586,0.512399960931475,1.5175538219598683,-0.0025484674680055,6.432873332608832,12.792629604159478,3.71125971163545,9.081369892524028,1.044887573303007,1.5201022894278742,,4,,,-0.3605510594808344,0,0.0072411685,0
B0044,0,charge,22,,4.188019117058268,4.315170606854968,4.135000179332785,0.0583003484282571,1.309775817577332,-0.0100973687161462,23.14273156239866,23.63961577853931,22.9443721830224,0.6952435955169101,0.1801704275221833,1.3198731862934785,,22,,,0.2772754956006134,0,0.034517918,0
B0044,1,impedance,24,,,,,,,,,,,,,,,24,,,0.27915632115821,0,7.6406475e-05,0
B0044,2,discharge,22,1.686525555152074,3.439679725636751,4.181787286734685,2.6909422904080547,-1.809834345606809,0.0029597441973948,-1.9964791277692224,32.08333169533252,37.78004007704112,22.89819136308009,14.881848713961029,1.49084499632663,1.9994388719666167,1.686525555152074,22,,,-0.170943650188515,0,0.017473964,0
B0044,3,charge,22,,4.140892122059697,4.200040841311116,3.375698954093532,0.59970313817229,1.5026034300155284,-0.0053418986598744,24.889369351115302,32.725251665524695,22.499787529017084,10.225464136507613,0.8243418872175847,1.5079453286754028,,22,,,0.4187764480123906,0,0.027760878,0
B0044,4,discharge,22,1.6624606531639186,3.452824239327816,4.183923616071334,2.685251535316881,-1.8219328456366493,0.0013695111015536,-1.996937518623866,31.44294016626267,37.37920163006831,22.48508893482155,14.894112695246758,1.498672080754452,1.99830702972542,1.6624606531639186,22,,,-0.1919473762730974,0,0.016826337,0
B0044,5,charge,22,,4.1422501169939405,4.200045779876343,3.3901130127433747,0.5942872294896603,1.505183262765014,-0.00599019465507,24.58546074781323,32.437924892935015,22.22754862281596,10.21037627011906,0.8099327671329686,1.511173457420084,,22,,,0.4056353172105875,0,0.027082343,0
B0044,6,discharge,22,1.6534010755700512,3.4521568195939896,4.183717457974608,2.6435613323767395,-1.8359320421754788,0.0012889246721638,-1.997287749488606,31.14990089807352,37.15907806475986,22.240089226113486,14.918988838646374,1.5401561255978686,1.99857667416077,1.6534010755700512,22,,,-0.2075106450145729,0,0.016245281,0
B0044,7,charge,22,,4.142997854599113,4.200274248541369,3.387901627507066,0.5900650751717723,1.5029094416564417,-0.0064918896850571,24.41644071753624,32.5565746766286,22.132274520392738,10.424300156235862,0.812372621034303,1.509401331341499,,22,,,0.3981036262574872,0,0.027122896,0
B0044,8,discharge,22,1.6452145903490936,3.4552256770525456,4.183480576276661,2.6433677125804977,-1.8454888344252125,0.0013397859482086,-1.9967295286630409,31.12954746264574,37.12091726941865,22.149471524549643,14.971445744869005,1.5401128636961636,1.9980693146112496,1.6452145903490936,22,,,-0.2080763588026347,0,0.01621053,0
B0044,9,charge,22,,4.142862374533981,4.200099125103555,3.396327280444679,0.5879461454839723,1.5008851822137943,-0.0058368975723711,24.715535275583587,32.94097561998073,22.49908575833387,10.441889861646864,0.803771844658876,1.5067220797861656,,22,,,0.4104887482340622,0,0.026857853,0
B0044,10,discharge,22,1.635664062367341,3.463672030116032,4.181986298076157,2.684789036307898,-1.854699294407156,0.0017733280248056,-1.9979913128709892,31.51399426167105,37.70825289621454,22.51817659719432,15.190076299020223,1.497197261768259,1.999764640895795,1.635664062367341,22,,,-0.1876170271560548,0,0.016918203,0
B0044,11,impedance,24,,,,,,,,,,,,,,,24,,,0.27915632115821,0,7.6406475e-05,0
B0044,12,charge,22,,4.150229384743334,4.2002640048989495,3.5440658076050484,0.5820179255382874,1.5012435473911656,-0.0075308427351131,24.531924106136277,28.18770549782221,23.07301360251388,5.114691895308333,0.656198197293901,1.508774390126279,,22,,,0.4064063743730422,0,0.017486772,0
B0044,13,impedance,24,,,,,,,,,,,,,,,24,,,0.27915632115821,0,7.6406475e-05,0
B0044,14,discharge,22,0,3.526841343827769,4.18108163961898,3.289658492617856,-1.978883934795127,-0.0010508030704849,-1.996209551562781,30.9572734254796,35.59949904890386,23.111416465978767,12.488082582925092,0.8914231470011242,1.995158748492296,0.0,22,,,-0.1921036819038402,0,0.02245762,0
B0044,15,charge,22,,4.152671256230537,4.200235086239773,3.638983216223241,0.5291084774811331,1.5012638214262957,-0.0067660441360848,25.49533459429321,34.9331308743293,23.07346852236505,11.859662351964246,0.5612518700165317,1.5080298655623805,,22,,,0.4398957959935684,0,0.019718815,0
B0044,16,discharge,22,1.6267769765146463,3.4680330762776053,4.183320051971667,2.6725301429926103,-1.8756028913091127,0.0006334345228696,-1.9967897857151824,31.634787338016164,37.649599494653536,23.10770092672458,14.541898567928955,1.5107899089790569,1.997423220238052,1.6267769765146465,22,,,-0.1833057244853594,0,0.015254752,0
B0044,17,charge,22,,4.144327103447738,4.2004719099869385,3.420512184533252,0.5770833545741857,1.5042449950508645,-0.0057798618279614,25.109046403989463,34.37033270681495,22.65265360404215,11.7176791027728,0.7799597254536863,1.510024856878826,,22,,,0.4264155524195108,0,0.026412353,0
B0044,18,discharge,22,1.6159715504743064,3.4679406316174908,4.183385673000076,2.69384241497005,-1.8740941775158024,0.0033231258814095,-1.9971940723453785,31.273656122735403,37.14337821498799,22.666098176277377,14.477280038710614,1.4895432580300256,2.000517198226788,1.6159715504743064,22,,,-0.1986185795113716,0,0.01502557,0
B0044,19,charge,22,,4.145827472621024,4.200366066673836,3.438866782728488,0.5708019043579622,1.5083102618188975,-0.0057315446768887,24.75612606590057,33.93328820387861,22.340422211723887,11.592865992154724,0.7614992839453483,1.5140418064957863,,22,,,0.4111058011791312,0,0.025615886,0
B0044,20,discharge,22,1.6076028386649623,3.465103331199183,4.183075069105795,2.6763379244951917,-1.87297275010726,0.00045380433139,-1.9966888809490444,31.0513882525287,37.11952925248905,22.361891686472,14.757637566017056,1.5067371446106042,1.9971426852804344,1.6076028386649623,22,,,-0.2098500761676228,0,0.015341866,0
B0044,21,charge,22,,4.146691360737454,4.2000314470968565,3.44640122687352,0.5681833471571078,1.5025293400852568,-0.0057812184987017,24.51992591946956,33.70336956442359,22.112444460687616,11.590925103735971,0.7536302202233367,1.5083105585839585,,22,,,0.401052399374969,0,0.025579259,0
B0044,22,discharge,22,1.6003360401431612,3.463878052026492,4.18316470580942,2.667857305000976,-1.871931466677304,0.0017642344012601,-1.9967525939808977,30.82531560391141,36.8278472964388,22.10778895384647,14.720058342592328,1.5153074008084446,1.9985168283821575,1.6003360401431612,22,,,-0.2201918753534701,0,0.015010158,0
B0044,23,impedance,24,,,,,,,,,,,,,,,24,,,0.27915632115821,0,7.6406475e-05,0
B0044,24,charge,22,,4.154572585740725,4.200071165869155,3.609057639125731,0.5655921754409687,1.502142731984211,-0.0050066549380581,23.601763259846912,27.224610617668745,22.00923055692935,5.215380060739395,0.5910135267434242,1.5071493869222694,,22,,,0.3663367361811372,0,0.018838724,0
B0044,25,impedance,24,,,,,,,,,,,,,,,24,,,0.27915632115821,0,7.6406475e-05,0
B0044,26,discharge,22,1.5978700914991917,3.4618790737027214,4.1809489315384525,2.651692148341609,-1.8711336666924587,-8.403253962669601e-05,-1.997645249612211,30.772306222074597,37.07362320866197,21.994946007236376,15.078677201425595,1.5292567831968435,1.9975612170725845,1.5978700914991917,22,,,-0.2236506824710178,0,0.01566939,0
B0044,27,charge,22,,4.148130776817249,4.200591349700734,3.4583133799167465,0.5621627373308986,1.5023095802752526,-0.0068491386541999,24.341723285189744,33.4494770539571,22.01266232133577,11.436814732621324,0.7422779697839879,1.5091587189294526,,22,,,0.3932597842736213,0,0.025114147,0
B0044,28,discharge,22,1.5900310265163515,3.4619567664351507,4.183395298117799,2.638384304971687,-1.869887873532527,0.0012396452905209,-1.9974850325068685,30.77793162980491,37.27343452416563,22.01348455985373,15.2599499643119,1.545010993146112,1.9987246777973893,1.5900310265163515,22,,,-0.223132748918099,0,0.015833803,0
B0044,29,charge,22,,4.148840540135704,4.200112808732284,3.4617655597115884,0.5584822771152018,1.5032441451597254,-0.0062310878809542,24.36067740003091,33.6220053598767,21.98878396249347,11.633221397383233,0.7383472490206953,1.5094752330406795,,22,,,0.3938809422315081,0,0.024928784,0
B0044,30,discharge,22,1.5816311155652092,3.4608461967292694,4.18312292936732,2.633572972853497,-1.862461079658612,0.0020485637364457,-1.997253452430168,30.734077377574607,36.92555325153096,21.982597478073615,14.942955773457346,1.549549956513823,1.999302016166614,1.5816311155652092,22,,,-0.2244141491254589,0,0.015068061,0
B0044,31,charge,22,,4.149364172347926,4.200192734781513,3.4733936858488583,0.5570591067579678,1.5026079784771802,-0.007413084433776,24.306078745509627,33.381853356917595,21.948822192992274,11.43303116392532,0.726799048932655,1.5100210629109565,,22,,,0.3916241229573584,0,0.024364263,0
B0044,32,discharge,22,1.5714556311034702,3.462773986667914,4.183401469736752,2.670554577314724,-1.8611231730261664,0.0029975639144892,-1.9973962391444864,30.711931701692414,36.82542072716141,21.96611305264065,14.859307674520757,1.5128468924220275,2.000393803058976,1.5714556311034702,22,,,-0.2238479903469508,0,0.014755231,0
B0044,33,charge,22,,4.150309171181462,4.200517738994481,3.487698484134542,0.5516474398042985,1.5034046415455908,-0.0076025941644508,24.28334797997582,33.26270038397597,21.92758205511875,11.335118328857217,0.712819254859939,1.5110072357100417,,22,,,0.3902970114220901,0,0.023658097,0
B0044,34,discharge,22,1.563220798569978,3.46142516586872,4.182608034549464,2.662418584963947,-1.8534672146493336,0.0025134602754179,-1.9986091240587895,30.69222352635548,36.86402084995953,21.93800756646044,14.926013283499092,1.520189449585517,2.001122584334208,1.563220798569978,22,,,-0.2242079164639515,0,0.014661905,0
B0044,35,impedance,24,,,,,,,,,,,,,,,24,,,0.27915632115821,0,7.6406475e-05,0
B0044,36,charge,22,,4.158047485140414,4.200579198845404,3.650870514110044,0.5494623311461821,1.5009179110500532,-0.0054657027213986,23.464310671217877,27.04656041422264,21.875437104518586,5.171123309704054,0.5497086847353607,1.506383613771452,,22,,,0.3598209528226663,0,0.020099105,0
B0044,37,impedance,24,,,,,,,,,,,,,,,24,,,0.27915632115821,0,7.6406475e-05,0
B0044,38,discharge,22,1.5606775388245586,3.459888006806987,4.180665797789407,2.656737093913297,-1.84644850552798,0.0020262994622793,-1.9964580129835687,30.656716513936477,36.85447944747772,21.82718305302701,15.027296394450705,1.5239287038761105,1.998484312445848,1.5606775388245586,22,,,-0.2254866377973838,0,0.014796654,0
B0044,39,charge,22,,4.151588675380345,4.200304281836464,3.5038959652096704,0.5473390011801739,1.5019132784796907,-0.007669650686508,24.181522122815508,32.95673022507434,21.86395969851436,11.092770526559978,0.696408316626794,1.5095829291661986,,22,,,0.3859903993941474,0,0.02291649,0
B0044,40,discharge,22,1.5523886011314287,3.459225464203645,4.183243082901965,2.645608837998441,-1.8450475324556967,3.741603769891466e-05,-1.998262725597201,30.677651249958306,37.00807199261186,21.874894396658306,15.133177595953557,1.537634244903524,1.9983001416349,1.5523886011314287,22,,,-0.224772914752052,0,0.014766295,0
B0044,41,charge,22,,4.152198594813205,4.200090611202969,3.507200008292633,0.5437440859358704,1.5022083714070018,-0.004958663870349,24.20768024755387,33.06902411251364,21.8869925916326,11.18203152088104,0.6928906029103357,1.507167035277351,,22,,,0.3868705273985044,0,0.022815345,0
B0044,42,discharge,22,1.5444592876561967,3.459378780567444,4.182596378873874,2.657434360611611,-1.8438251021984409,0.0006154231002514,-1.997119290009149,30.67040122297292,36.85691194751145,21.89720723607561,14.95970471143584,1.5251620182622627,1.9977347131094003,1.5444592876561969,22,,,-0.2247625733155204,0,0.014229806,0
B0044,43,charge,22,,4.153045805602092,4.200585717078888,3.514540217689805,0.5391376458489339,1.5035123443155325,-0.0080424862159263,24.182294899181468,32.98977364340442,21.8546578157718,11.135115827632616,0.686045499389083,1.5115548305314586,,22,,,0.3855097463395235,0,0.022363996,0
B0044,44,discharge,22,1.536558134180655,3.4594746923592585,4.182792894198413,2.6700448196473143,-1.8359182150531628,0.0013502484419816,-1.99785698826369,30.695903900430444,36.933977837728406,21.85039318802649,15.083584649701915,1.5127480745510988,1.999207236705672,1.536558134180655,22,,,-0.2221768988247157,0,0.014158092,0
B0044,45,charge,22,,4.153565151228375,4.20016095211071,3.52540355876767,0.5380823921072778,1.502763778431326,-0.0048963039236946,24.189999447446425,32.8788292267986,21.880510002881508,10.998319223917091,0.6747573933430391,1.5076600823550206,,22,,,0.3859946206034028,0,0.021861423,0
B0044,46,discharge,22,1.5307255867941072,3.457758884701852,4.183044202315208,2.6538669632174807,-1.837930189329905,0.0016344891553811,-1.997575789473797,30.693601629277207,36.96952216360131,21.88067217044617,15.088849993155137,1.5291772390977272,1.9992102786291788,1.5307255867941072,22,,,-0.2237751380873648,0,0.014061486,0
B0044,47,impedance,24,,,,,,,,,,,,,,,24,,,0.27915632115821,0,7.6406475e-05,0
B0044,48,charge,22,,4.16100751709183,4.20033260936626,3.673587926692947,0.5354313718324065,1.5011184083258649,-0.0050005516688402,23.425114109741035,27.028952870110192,21.82129417055843,5.207658699551761,0.5267446826733129,1.5061189599947051,,22,,,0.3575663177822062,0,0.020710882,0
B0044,49,impedance,24,,,,,,,,,,,,,,,24,,,0.27915632115821,0,7.6406475e-05,0
B0044,50,discharge,22,1.545242808242328,3.4604365465272604,4.17495739021519,2.679338771098678,-1.8224062753285977,0.0031354899087874,-1.996154584194868,31.3317805416781,37.880341936530016,22.12957023148279,15.750771705047224,1.4956186191165122,1.9992900741036557,1.545242808242328,22,,,-0.1917691705728994,0,0.015643002,0
B0044,51,impedance,24,,,,,,,,,,,,,,,24,,,0.27915632115821,0,7.6406475e-05,0
B0044,52,charge,22,,4.158987700614521,4.2004249561948575,3.663508476017,0.5408947758675312,1.5014184066422196,-0.0051909283652662,24.336885966656418,27.91420327125369,22.889427066399488,5.024776204854206,0.5369164801778572,1.5066093350074858,,22,,,0.3964074616545068,0,0.020942902,0
B0044,53,impedance,24,,,,,,,,,,,,,,,24,,,0.27915632115821,0,7.6406475e-05,0
B0044,54,discharge,22,1.5397144491816253,3.46737063205958,4.1804104728622375,2.6880235920055937,-1.8277755287188369,0.0019914621350541,-1.9969183804123916,32.003093392777586,38.4338113726962,22.95358536340276,15.480226009293435,1.4923868808566438,1.9989098425474452,1.5397144491816253,22,,,-0.1592874578640944,0,0.014953373,0
B0044,55,charge,22,,4.1524530307834056,4.200406577455875,3.527420998781639,0.5383250949956642,1.5010603683051496,-0.0056494545400631,25.61596246140793,34.20498379682967,23.247061417682357,10.95792237914732,0.6729855786742363,1.5067098228452127,,22,,,0.4465986753834043,0,0.021776313,0
B0044,56,discharge,22,1.5305357077773765,3.468244375578301,4.183012088063382,2.687370056924405,-1.819929471677548,0.0016564879469571,-1.9973605086578847,32.229129548420126,38.62527616952544,23.24165959911858,15.38361657040686,1.495642031138977,1.9990169966048423,1.5305357077773765,22,,,-0.1475773711872118,0,0.0144970175,0
B0044,57,charge,22,,4.153424846881784,4.20028676503577,3.534952200792535,0.5342067223193182,1.502030090221502,-0.0057053140877742,25.57362855538286,34.24242338667491,23.130924525005824,11.111498861669084,0.6653345642432349,1.5077354043092763,,22,,,0.4446798845258106,0,0.021400573,0
B0044,58,discharge,22,1.5199735224097084,3.4662944691430644,4.183156295632244,2.6893554366992016,-1.8182280699458224,0.000646931078204,-1.9964576467808028,32.11597218782517,38.54196067361033,23.135949966403075,15.406010707207258,1.4938008589330427,1.9971045778590069,1.5199735224097084,22,,,-0.1534262653992516,0,0.01421693,0
B0044,59,charge,22,,4.154568278370746,4.2003981510519655,3.5420958889174696,0.5277603446782929,1.5018619122009746,-0.0054815701645795,25.387459042267437,34.1041042343649,22.93942960253896,11.16467463182594,0.6583022621344958,1.5073434823655545,,22,,,0.4362719802360416,0,0.02111814,0
B0044,60,discharge,22,1.5136629526844203,3.4597034229251418,4.182731552192122,2.633690741780774,-1.82344115362652,0.0011370838196343,-1.9975793253781036,31.969087731359647,38.50117611497123,22.93636450124002,15.564811613731209,1.549040810411348,1.9987164091977376,1.5136629526844203,22,,,-0.1650458864743686,0,0.01448555,0
B0044,61,charge,22,,4.155020780490612,4.200093212999186,3.5339383639107047,0.5262632890508482,1.5026612169367843,-0.0052767872348327,25.230996305594537,34.20613780716008,22.768358035840954,11.437779771319128,0.6661548490884814,1.507938004171617,,22,,,0.4295759637829022,0,0.021757329,0
B0044,62,discharge,22,1.5012870006992953,3.4622130413589143,4.182713459240956,2.689158212130464,-1.814801427898659,0.001320592402494,-1.9961193009923857,31.87470050843518,38.43383998472231,22.77057819761938,15.663261787102932,1.4935552471104927,1.99743989339488,1.501287000699295,22,,,-0.1658829898716953,0,0.0141502675,0
B0044,63,impedance,24,,,,,,,,,,,,,,,24,,,0.27915632115821,0,7.6406475e-05,0
B0044,64,charge,22,,4.161990287828581,4.200231977148718,3.685196531251013,0.526853782888461,1.501194133910894,-0.0075322122295686,24.628455409591417,28.23876058332786,23.09085847769653,5.147902105631331,0.5150354458977047,1.5087263461404627,,22,,,0.4083976129646784,0,0.021110049,0
B0044,65,impedance,24,,,,,,,,,,,,,,,24,,,0.27915632115821,0,7.6406475e-05,0
B0044,66,discharge,22,1.5023814734911674,3.4628505734955555,4.180340134562246,2.682936321683332,-1.8075840969590575,0.0015097398776068,-1.9962084053853808,32.24329057966032,38.70474156110448,23.12114602411146,15.583595536993016,1.4974038128789142,1.997718145262988,1.5023814734911674,22,,,-0.1483148691911789,0,0.014024743,0
B0044,67,charge,22,,4.155733444461496,4.200262735775518,3.554593266164234,0.5219663308534277,1.5010944371430817,-0.0061132810476356,25.81145521646865,34.13820128438974,23.56262913851681,10.575572145872924,0.6456694696112844,1.5072077181907173,,22,,,0.4542248861119278,0,0.019897418,0
B0044,68,discharge,22,1.4980955154277502,3.462862471197368,4.182573946557156,2.6587209985414955,-1.8065211847034743,0.0004091443110585,-1.9967029680268844,32.62193857776337,39.13185799913766,23.57637165529978,15.555486343837876,1.5238529480156604,1.997112112337943,1.4980955154277502,22,,,-0.1318386294458829,0,0.013986217,0
B0044,69,charge,22,,4.155805964487536,4.200299942263817,3.5517388694370866,0.5204901888007448,1.5018221407014485,-0.005794120464654,25.955845888848412,34.53065803280184,23.516010652377297,11.014647380424542,0.6485610728267308,1.5076162611661026,,22,,,0.4602135420674065,0,0.020502696,0
B0044,70,discharge,22,1.4906542391377111,3.4614145860859864,4.182900962902353,2.660938360343116,-1.8052430334885248,0.0017857682443869,-1.997103683848464,32.534721843990155,39.06117424677476,23.505421833154223,15.55575241362054,1.5219626025592363,1.9988894520928508,1.4906542391377111,22,,,-0.1363162504125941,0,0.013749489,0
B0044,71,charge,22,,4.156560147877064,4.200079507430397,3.557541887837322,0.5178895932489054,1.5015066723576005,-0.0067067453607025,25.72058222116792,34.3893366634716,23.25113003842909,11.138206625042518,0.642537619593075,1.508213417718303,,22,,,0.4501309734766279,0,0.020341653,0
B0044,72,discharge,22,1.4843971639436213,3.4567536825256298,4.182966025381988,2.6382065057381183,-1.8105860657133828,0.0017170526773058,-1.997186957551534,32.315090431633784,38.900911326239694,23.260374502704018,15.640536823535676,1.5447595196438693,1.99890401022884,1.484397163943621,22,,,-0.1498080212287112,0,0.013910118,0
B0044,73,charge,22,,4.157187503893495,4.200448776961852,3.556142082904756,0.516200252359054,1.5029347537604187,-0.0040689440317359,25.477771186041423,34.364851524342235,22.987715493472237,11.377136030870002,0.6443066940570961,1.5070036977921546,,22,,,0.4398042991888963,0,0.020755483,0
B0044,74,discharge,22,1.4725321936230114,3.457596686753219,4.183016347451806,2.6803751950872314,-1.7950692987909964,0.0013777344731151,-1.9960209799250943,32.11227103017126,38.637548513661336,22.97677225131331,15.660776262348026,1.5026411523645749,1.9973987143982097,1.4725321936230114,22,,,-0.1551699203969551,0,0.013356373,0
B0044,75,impedance,24,,,,,,,,,,,,,,,24,,,0.27915632115821,0,7.6406475e-05,0
B0044,76,charge,22,,4.164666263720591,4.200083178475703,3.6916573892276032,0.5103517934609136,1.5016795814494075,-0.0066442701664624,24.46883091867299,28.114076716254715,22.80628550142045,5.3077912148342605,0.5084257892480997,1.50832385161587,,22,,,0.4003324731389496,0,0.020609066,0
B0044,77,impedance,24,,,,,,,,,,,,,,,24,,,0.27915632115821,0,7.6406475e-05,0
B0044,78,discharge,22,1.4663149382113208,3.456382425532515,4.1793816650979885,2.695456060678521,-1.786985657468036,0.0013166253209841,-1.9968995033172356,31.7443365044674,38.14612160171512,22.78063358744876,15.365488014266363,1.4839256044194675,1.99821612863822,1.4663149382113208,22,,,-0.1703325622744556,0,0.012453492,0
B0044,79,charge,22,,4.159298617647943,4.200316084329747,3.5855270480130392,0.5085541578796214,1.501287622859373,-0.0056157686208635,25.308230662044124,33.20087797616198,23.178941866892668,10.021936109269316,0.6147890363167074,1.5069033914802366,,22,,,0.4325357968634129,0,0.01739573,0
B0044,80,discharge,22,1.4671298468877776,3.4558985436662764,4.183025078755878,2.658317830680757,-1.7928445896165708,0.0015873559542654,-1.9963246097670304,32.11351047936838,38.41020545726171,23.217531125193947,15.192674332067764,1.5247072480751211,1.997911965721296,1.4671298468877776,22,,,-0.1558401951793691,0,0.012502976,0
B0044,81,charge,22,,4.159068116627728,4.200052902992031,3.575794515039615,0.5068206291779331,1.5007280979993924,-0.0057228741396407,25.627862498685133,33.74181374997184,23.29892680246596,10.44288694750588,0.6242583879524157,1.5064509721390331,,22,,,0.4458103056161133,0,0.018503796,0
B0044,82,discharge,22,1.4593858997633138,3.4536993651226653,4.182295217506064,2.650498351064384,-1.7913668174036652,0.0007251169997461,-1.997150820770342,32.04801967333395,38.342879393411714,23.296232005674824,15.04664738773689,1.53179686644168,1.997875937770088,1.4593858997633138,22,,,-0.1598455106776166,0,0.012163538,0
B0044,83,charge,22,,4.159516177615749,4.20040202667734,3.5793338305477613,0.5047397015115676,1.5028261530027096,-0.0053204328211537,25.261181515983694,33.58414709550093,22.89476614455867,10.689380950942262,0.6210681961295785,1.5081465858238634,,22,,,0.4299695489636174,0,0.018681029,0
B0044,84,discharge,22,1.4467901368505207,3.4526946539372747,4.182630774542257,2.688935729076874,-1.7891101484216256,0.0035597961866578,-1.9973020414669824,31.7080219105398,37.97725957749192,22.914322779687136,15.062936797804785,1.4936950454653828,2.00086183765364,1.4467901368505207,22,,,-0.1747192637917681,0,0.011455593,0
B0044,85,charge,22,,4.160639791730738,4.200400723487632,3.5916470564886804,0.5004047770412104,1.5011720665177035,-0.0058030338766089,24.90550858278098,33.27864745774012,22.58681760918055,10.691829848559571,0.6087536669989513,1.5069751003943124,,22,,,0.4146429597117544,0,0.018194059,0
B0044,86,discharge,22,1.4390669859638228,3.44942355838508,4.182872685249836,2.687761244178016,-1.78765949762317,0.0028818121425802,-1.997028487870564,31.467203186429355,37.79705513935421,22.597478447283255,15.199576692070956,1.49511144107182,1.999910300013144,1.4390669859638228,22,,,-0.1869761421141124,0,0.011515847,0
B0044,87,impedance,24,,,,,,,,,,,,,,,24,,,0.27915632115821,0,7.6406475e-05,0
B0044,88,charge,22,,4.168538800460414,4.200331387546169,3.695822272197816,0.4844154554138221,1.5012268082050448,-0.0040103880217309,23.90416078937097,27.552458400092323,22.318964801440732,5.233493598651588,0.5045091153483523,1.505237196226776,,22,,,0.3739471083511085,0,0.021353707,0
B0044,89,impedance,24,,,,,,,,,,,,,,,24,,,0.27915632115821,0,7.6406475e-05,0
B0044,90,discharge,22,1.4389892550462602,3.4464363236508917,4.179973909655392,2.668468130193828,-1.7797845626759965,0.0022170051863129,-1.996553527240556,31.560453436032944,37.93561044482721,22.363262798668703,15.572347646158509,1.5115057794615645,1.9987705324268688,1.4389892550462602,22,,,-0.1835260979099107,0,0.012386805,0
B0044,91,charge,22,,4.161340893251403,4.201076551284202,3.595855689836515,0.4985379709323068,1.5006550587974454,-0.0065120973468856,25.011653225897057,33.20843521348649,22.8047766255842,10.403658587902292,0.605220861447687,1.507167156144331,,22,,,0.4193334435736195,0,0.017456941,0
B0044,92,discharge,22,1.4386198779578576,3.447035324752623,4.182978380469111,2.642056455668292,-1.786101275708508,0.0008183496815681,-1.9982510496408243,31.887709097598357,38.32554543437737,22.829272160428808,15.49627327394856,1.540921924800819,1.9990693993223925,1.4386198779578576,22,,,-0.1702009630032286,0,0.012529622,0
B0044,93,charge,22,,4.161048303198228,4.20052441013102,3.586996590164563,0.4975334798391952,1.5025085107964402,-0.009007111826232,25.40073263764613,33.536947697261965,23.18199123659085,10.354956460671117,0.6135278199664564,1.5115156226226725,,22,,,0.4356835937613973,0,0.017632734,0
B0044,94,discharge,22,1.4313412096653504,3.451080883804227,4.183054454837302,2.6780728769094244,-1.7774334664210216,0.0015347822016542,-1.9967399870670337,32.164811812502585,38.55610999749079,23.22378883043629,15.332321167054491,1.504981577927878,1.998274769268688,1.4313412096653504,22,,,-0.1540467081599185,0,0.011691032,0
B0044,95,charge,22,,4.161477163380127,4.20020356417302,3.596488575523115,0.4923213159419587,1.5008318326994698,-0.0061021294854675,25.493403917057734,33.65205384332019,23.2093801403312,10.44267370298899,0.6037149886499047,1.5069339621849374,,22,,,0.4390113090149073,0,0.017463591,0
B0044,96,discharge,22,1.422973037663468,3.450413161794029,4.18231054917298,2.6917750634373303,-1.7758066384425826,0.0018952752492584,-1.99737913916284,32.13295425226488,38.62165239845955,23.21624477930183,15.40540761915772,1.49053548573565,1.9992744144120984,1.422973037663468,22,,,-0.1555650322397753,0,0.011490785,0
B0044,97,charge,22,,4.162133665087247,4.200228764132911,3.6031658794853287,0.4907339940957714,1.5006092850024817,-0.0057206586818826,25.23461711096837,33.440473822298976,22.84859109475036,10.591882727548615,0.5970628846475821,1.5063299436843642,,22,,,0.4280355971309116,0,0.017515471,0
B0044,98,discharge,22,1.4150153099745097,3.44468943990224,4.182416637290177,2.68001440979752,-1.78107743904082,0.0006225391345261,-1.99678550219575,31.75133688827036,38.18800348171553,22.853403604078057,15.334599877637476,1.5024022274926572,1.997408041330276,1.4150153099745095,22,,,-0.176710900825827,0,0.011276178,0
B0044,99,impedance,24,,,,,,,,,,,,,,,24,,,0.27915632115821,0,7.6406475e-05,0
B0044,100,charge,22,,4.169456212550315,4.200352523911146,3.6977474353216166,0.4882187742225609,1.5024464281133492,-0.004566533648683,24.04148488155374,27.657320136626087,22.344749240930778,5.312570895695309,0.5026050885895295,1.5070129617620325,,22,,,0.3811436700904677,0,0.020852955,0
B0044,101,impedance,24,,,,,,,,,,,,,,,24,,,0.27915632115821,0,7.6406475e-05,0
B0044,102,discharge,4,0.0572172710622218,4.054818943483505,4.177605302188679,2.5311035775191533,-0.2188327492326632,0.005540343309771,-3.9896989741694777,7.057089335323658,9.757496138930122,4.847970553868735,4.909525585061387,1.646501724669526,3.995239317479249,0.0572172710622218,4,,,-0.5523870705270338,0,0.0028082405,0
B0044,103,impedance,24,,,,,,,,,,,,,,,24,,,0.27915632115821,0,7.6406475e-05,0
B0044,104,charge,4,,4.181156195002319,4.372424856068595,4.141040142570084,0.0176137326291032,1.134054725513608,-0.006718340442191,5.493162341438832,6.474481040133884,3.7957041038386503,2.678776936295233,0.2313847134985112,1.140773065955799,,4,,,-0.493297112875196,0,0.00021225584,0
B0044,105,impedance,24,,,,,,,,,,,,,,,24,,,0.27915632115821,0,7.6406475e-05,0
B0044,106,discharge,4,0.0573587470253984,4.048971725415953,4.1758503096814,2.5372412665469883,-0.2291787146876666,0.0035384118158599,-3.9906931282455655,6.945113627374995,9.760471127293034,5.645674651140764,4.11479647615227,1.6386090431344118,3.9942315400614254,0.0573587470253984,4,,,-0.5629390617111826,0,0.0023871197,0
B0044,107,charge,4,,4.18118298735827,4.355448033366683,4.133144464201478,0.0197687918628758,1.1267677979160498,-0.0077975383397932,5.590068378859721,6.734515060966138,3.8305748879587487,2.9039401730073893,0.2223035691652048,1.134565336255843,,4,,,-0.4887251034102219,0,0.00020542568,0
B0044,108,discharge,4,0.05749687545445231,4.048139868634576,4.1760882615952974,2.5608994701667624,-0.2345793669890724,0.0040689492545054,-3.990789539982711,6.969210950143102,9.69821406411427,6.384509116340028,3.3137049477742417,1.615188791428535,3.994858489237216,0.0574968754544523,4,,,-0.5634280999245217,0,0.0034612801,0
B0044,109,charge,4,,4.1815936073309246,4.355330655419581,4.13304631777084,0.0199846007826429,1.122495368845423,-0.0093580263212582,5.669601558731559,6.49471132943677,3.9428790985509417,2.5518322308858283,0.2222843376487411,1.1318533951666812,,4,,,-0.4849953784308551,0,0.0002669115,0
B0044,110,discharge,4,0.05763088809888528,4.04489102283376,4.176702751698478,2.487518572801469,-0.2376141943825294,0.0036189979782433,-3.9914245848072887,7.1320933104899575,9.00106106019679,4.797655713268796,4.203405346927994,1.6891841788970088,3.995043582785532,0.0576308880988852,4,,,-0.5591255069709066,0,0.0021325063,0
B0044,111,charge,4,,4.183190241733942,4.362493684218538,4.133828801972924,0.025881720312895,1.1397109223929085,-0.0071869538594323,5.692811483586721,6.543045482125383,4.007359641633709,2.5356858404916744,0.2286648822456145,1.1468978762523403,,4,,,-0.4818767046217648,0,0.00028825057,0
B0044,112,discharge,4,0.055116913339787174,4.058712789171854,4.173920852315538,2.652711478763571,-0.2099858295389897,0.0033409083202724,-3.9916882386949055,6.9052479876970985,8.446753567938917,4.5885847373663005,3.858168830572616,1.521209373551967,3.995029147015178,0.0551169133397871,4,,,-0.5547397236853389,0,0.003265128,0
B0044,113,charge,4,,4.181577191397314,4.3634709268339895,4.135874008072126,0.0196264225356135,1.1331074298684984,-0.0090722792195547,5.334831814427886,6.421665352579498,2.877188503467401,3.544476849112097,0.2275969187618631,1.1421797090880532,,4,,,-0.499461358915502,0,0.0004192104,0
B0044,114,impedance,24,,,,,,,,,,,,,,,24,,,0.27915632115821,0,7.6406475e-05,0
B0044,115,discharge,4,0.06740755265748018,4.04058000450648,4.176081063674498,2.567871692937443,-0.2518669105532582,0.003640462506407,-3.9926490229101614,6.719645217752847,9.004482980571387,6.1817739418643125,2.8227090387070746,1.6082093707370544,3.9962894854165687,0.0674075526574801,4,,,-0.5822807338727748,0,0.0046455013,0
B0044,116,charge,4,,4.182176325030357,4.347375112612355,4.128463976661381,0.0227092841707053,1.1275639732938008,-0.0077022541558501,5.334289091062056,6.6263781255507554,2.987836139599046,3.6385419859517096,0.2189111359509743,1.135266227449651,,4,,,-0.4985319138889226,0,0.00048806923,0
B0044,117,discharge,4,0.0675676530317139,4.038574138704129,4.177001690332218,2.537541377739229,-0.2571724854575856,0.0044031148014149,-3.9909440128041087,6.752194119869617,10.10838939092693,4.328266273377452,5.780123117549479,1.639460312592989,3.995347127605524,0.0675676530317139,4,,,-0.5831669154160987,0,0.005247698,0
B0044,118,charge,4,,4.181288411600866,4.35188455985947,4.129069743320069,0.0221420138698922,1.134413446826826,-0.0078727558253403,5.405176163229906,6.501936668796374,2.958142762352846,3.5437939064435287,0.222814816539401,1.1422862026521663,,4,,,-0.4961751376841291,0,0.00041767565,0
B0044,119,discharge,4,0.055637310449156464,4.060984637180495,4.176258717683466,2.699632089744985,-0.2168958065340876,0.0042629814533031,-3.990888784116204,6.682861474834709,9.084345421523768,4.051923742831441,5.032421678692327,1.4766266279384808,3.995151765569507,0.0556373104491564,4,,,-0.5640406723840958,0,0.004258367,0
B0044,120,charge,4,,4.182298970155943,4.358988103838195,4.135237985644805,0.0197860816106664,1.121105672505483,-0.0100840668770134,5.429455945884124,6.442009156595221,3.269353831285572,3.172655325309649,0.22375011819339,1.1311897393824968,,4,,,-0.4948869629535423,0,0.00024720075,0
B0044,121,discharge,4,0.06822433276106823,3.9901324953919,4.177495150501219,2.502639203032668,-0.3924814177291054,0.0060614646394442,-3.990777296546928,7.805372903557112,9.9732818280256,4.434791912263703,5.538489915761898,1.6748559474685512,3.996838761186372,0.0682243327610682,4,,,-0.594380239283772,0,0.0042543756,0
B0044,122,charge,4,,4.183304882367805,4.35240046838587,4.1267233720480085,0.026508822979468,1.1425629657583969,-0.0082222789036381,5.418807908591919,6.458281835492159,2.9595852492820423,3.498696586210117,0.2256770963378613,1.150785244662035,,4,,,-0.4934660880800498,0,0.00038123218,0
B0044,123,discharge,4,0.056052453431514465,4.060072156375749,4.177754475108936,2.645057195756969,-0.2168072550339313,0.0035858034272578,-3.991727704958517,6.452537181339348,7.130613484534643,3.680038781425441,3.450574703109202,1.5326972793519675,3.9953135083857743,0.0560524534315144,4,,,-0.5745298659086941,0,0.0037213205,0
B0044,124,impedance,24,,,,,,,,,,,,,,,24,,,0.27915632115821,0,7.6406475e-05,0
B0044,125,charge,4,,4.1817766506461815,4.365618171839827,4.140176134551495,0.0184310092754462,1.1190956392163869,-0.0105806559360627,5.393219383668363,6.435496399455037,3.1341729081380185,3.301323491317018,0.2254420372883325,1.1296762951524495,,4,,,-0.4970349572219776,0,0.00029554684,0
B0044,126,impedance,24,,,,,,,,,,,,,,,24,,,0.27915632115821,0,7.6406475e-05,0
B0044,127,discharge,4,0.06868220130105056,4.036259706472422,4.176437545781662,2.5457909784374686,-0.2627044986257248,0.006348113315537,-3.991158236131923,6.89796196003197,9.420302039012588,6.320493718104861,3.0998083209077274,1.630646567344193,3.99750634944746,0.0686822013010505,4,,,-0.5794314426300703,0,0.0037952752,0
B0044,128,charge,4,,4.182144316759242,4.349097841386442,4.127702896860845,0.0230684176268466,1.153443987271669,-0.007646667216962,5.415576449486085,6.617930095659174,3.1188730836116774,3.499057012047497,0.2213949445255965,1.161090654488631,,4,,,-0.4949941066050173,0,0.00037884412,0
B0044,129,discharge,4,0.06874755353346529,4.034899045788163,4.1766732396736,2.525156138635263,-0.2660568669142741,0.0036003386969768,-3.9909330027161993,6.643140512754006,8.596928821276874,6.195993903453708,2.4009349178231663,1.6515171010383374,3.994533341413176,0.0687475535334652,4,,,-0.5918910407631979,0,0.0058027315,0
B0044,130,charge,4,,4.1813507503553256,4.348437536380697,4.127782457619675,0.022581910146715,1.1478213423936308,-0.009176789083426,5.309178103625137,6.610452612373865,2.8522205932473024,3.7582320191265626,0.2206550787610215,1.1569981314770568,,4,,,-0.5001811222599852,0,0.00055741024,0
B0044,131,discharge,4,0.05651439891347486,4.05627259287341,4.176262440841608,2.6675668355109194,-0.2264584634855415,0.0041912565972737,-3.990997288294168,6.823596011664432,8.914167582596768,3.585012902292957,5.329154680303811,1.5086956053306886,3.995188544891442,0.0565143989134748,4,,,-0.5628364563165849,0,0.004640075,0
B0044,132,charge,4,,4.182442434302221,4.364406336109033,4.134777663291985,0.020188817606247,1.124588205640438,-0.0093697188162341,5.369045856555965,6.515778767427247,2.8745797809255498,3.641198986501698,0.2296286728170482,1.1339579244566722,,4,,,-0.4973161208403987,0,0.000502496,0
B0044,133,discharge,4,0.05673307185387369,4.056631496996698,4.17780020929139,2.6214259323214453,-0.2243099150823807,0.0039560896927082,-3.9914062156576913,6.621700828774675,7.468130255797678,3.624411042941952,3.843719212855726,1.556374276969945,3.9953623053504,0.0567330718538736,4,,,-0.5708900122872544,0,0.0030418762,0
B0044,134,charge,4,,4.18237475145872,4.349026073007753,4.135090316466731,0.0194848630720013,1.108034044467151,-0.0083331713857457,5.375009247500128,6.795443447473949,2.99266859515211,3.802774852321839,0.213935756541022,1.1163672158528968,,4,,,-0.4972315527208373,0,0.00062157813,0
B0044,135,discharge,4,0.0694133756360175,4.033722240018022,4.177530439833207,2.5339139586135624,-0.2721929801870256,0.0032602599245902,-3.992122190709,6.654177389025503,9.34228820478629,5.7425323200811125,3.5997558847051767,1.6436164812196448,3.99538245063359,0.0694133756360175,4,,,-0.5933026011190299,0,0.0028443884,0
B0044,136,impedance,24,,,,,,,,,,,,,,,24,,,0.27915632115821,0,7.6406475e-05,0
B0044,137,charge,4,,4.182253703429246,4.357895366548625,4.13288953821488,0.0226777288041351,1.084265813603777,-0.0133453255598644,5.417355473493177,6.445895977955964,2.9164453989021086,3.529450579053855,0.225005828333745,1.0976111391636414,,4,,,-0.4949156365080432,0,0.00044915194,0
B0044,138,impedance,24,,,,,,,,,,,,,,,24,,,0.27915632115821,0,7.6406475e-05,0
B0044,139,discharge,4,0.05931766444664955,4.052548629680626,4.176559125063143,2.645937277014869,-0.2353909668777727,0.002763522442131,-3.9931560142753657,6.691030736897561,9.296386526511638,3.508573469192295,5.787813057319343,1.5306218480482738,3.995919536717497,0.0593176644466495,4,,,-0.572612308174967,0,0.00593616,0
B0044,140,charge,4,,4.182250752447638,4.36569475386692,4.133337046961006,0.02076094954148,1.1396513501289465,-0.0082824319331561,5.401752696051491,6.467090983255081,2.99254114483956,3.4745498384155207,0.2323577069059137,1.1479337820621027,,4,,,-0.4959339577965428,0,0.00037422212,0
B0044,141,discharge,4,0.06981707253622738,4.031869983878109,4.177198757478185,2.5126783310210183,-0.2757939587127618,0.0047276948770042,-3.992595683096178,6.789742456285512,10.402010089986526,5.216005974992561,5.186004114993964,1.6645204264571665,3.9973233779731823,0.0698170725362273,4,,,-0.5893513592611306,0,0.0034181166,0
B0044,142,charge,4,,4.181083356931904,4.352246097469965,4.12763094143745,0.0227292619119777,1.168974418902745,-0.0083643961269899,5.403362401957379,6.554599969477708,3.054223107364501,3.500376862113207,0.2246151560325149,1.1773388150297348,,4,,,-0.496283019239742,0,0.00036940383,0
B0044,143,discharge,4,0.05746435089694075,4.0546007592526,4.175693660429193,2.676683003373552,-0.2319283633373105,0.0034213506803586,-3.992785917898217,6.652607169727167,9.139614420555528,3.704855386128089,5.434759034427438,1.4990106570556412,3.996207268578575,0.0574643508969407,4,,,-0.5722803653618344,0,0.0050421744,0
B0044,144,charge,4,,4.181776921090538,4.364249954452015,4.133578144387415,0.0202253602071654,1.145522206213334,-0.0072896480285654,5.363359046077405,6.408430763473611,2.904387011530446,3.504043751943164,0.2306718100646003,1.1528118542418997,,4,,,-0.4979947809013234,0,0.0003843024,0
B0044,145,discharge,4,0.07053774383993697,4.029900462300052,4.176717865368056,2.509819479017468,-0.2784044039379529,0.0051968427569207,-3.991697440625882,6.727197790202005,10.577915316418856,5.538593319761488,5.039321996657368,1.6668983863505873,3.9968942833828023,0.0705377438399369,4,,,-0.5938151660171225,0,0.0031147806,0
B0044,146,charge,4,,4.1811731545894775,4.350349034854535,4.126465417073503,0.0232170254136142,1.163533878984249,-0.0074024862386915,5.372539359856143,6.574281995209868,3.0592346837253586,3.5150473114845098,0.2238836177810315,1.1709363652229403,,4,,,-0.4974605511678791,0,0.00038151914,0
B0044,147,discharge,4,0.05805466052344494,4.0528579449382525,4.175734240124533,2.659947287863178,-0.2346864574044636,0.0046771770057918,-3.9922087112758975,6.704744929431838,9.153655205612418,3.448515456521294,5.705139749091124,1.515786952261355,3.99688588828169,0.0580546605234449,4,,,-0.5716908671058918,0,0.0057600066,0
B0044,148,impedance,24,,,,,,,,,,,,,,,24,,,0.27915632115821,0,7.6406475e-05,0
B0044,149,charge,4,,4.18056984736847,4.365645584050458,4.136842584332913,0.0193538901808187,1.1556227295429156,-0.0084444042282708,5.322571677084112,6.534228403694326,2.866987510935235,3.6672408927590903,0.2288029997175451,1.1640671337711863,,4,,,-0.5007047265069687,0,0.00048653834,0
B0044,150,impedance,24,,,,,,,,,,,,,,,24,,,0.27915632115821,0,7.6406475e-05,0
B0044,151,discharge,4,0.07083992015291063,4.027030974078611,4.174858788640489,2.502902423851419,-0.2817775496820993,0.0038835913980858,-3.9930053753030488,6.688129486124422,10.601194386353557,5.253409597329436,5.347784789024121,1.6719563647890705,3.9968889667011354,0.0708399201529106,4,,,-0.5980034340858909,0,0.00378483,0
B0044,152,charge,4,,4.180697857357131,4.355551928359319,4.124748873821171,0.0238952414252198,1.1857710463446756,-0.0073518216622096,5.401090813093875,6.632098822470516,2.9924535928961804,3.6396452295743353,0.2308030545381481,1.1931228680068853,,4,,,-0.4964257316047301,0,0.00044241507,0
B0044,153,discharge,4,0.058171836130525824,4.048647775995237,4.175396670709832,2.597947039498895,-0.2378117880782571,0.0038423311547758,-3.9905824714445863,7.135311524033081,8.524863523744626,4.699512503330192,3.825351020414434,1.577449631210937,3.9944248025993625,0.0581718361305258,4,,,-0.5565345589185178,0,0.0029297678,0
B0044,154,charge,4,,4.181629723372002,4.3542083921683,4.131966812578279,0.0208238346629129,1.159894345810416,-0.0099877580438041,5.385700080151614,6.488838355202437,2.9751995064514376,3.513638848750999,0.2222415795900216,1.1698821038542202,,4,,,-0.4970239915664041,0,0.000383131,0
B0044,155,discharge,4,0.05830515712798288,4.006197810720952,4.176278504943042,2.688243972514366,-0.3839746086117853,0.003173192711416,-3.992407076231904,7.514206392471801,9.440256551104172,4.420025377112379,5.020231173991792,1.488034532428676,3.99558026894332,0.0583051571279828,4,,,-0.5947216690000418,0,0.0041774795,0
B0044,156,charge,4,,4.180980698527825,4.363968388091364,4.130371351644945,0.0197515597093897,1.1674718808097322,-0.0077040401142005,5.4353553591134975,6.497234441392148,3.0973881561367484,3.3998462852554,0.2335970364464188,1.1751759209239327,,4,,,-0.4955127363389872,0,0.00031992208,0
B0044,157,discharge,4,0.05845592669367763,4.001898132433219,4.175998506248964,2.6997767051836083,-0.3991042469889139,0.0027715238099175,-3.992461574821749,7.105939545905624,9.577062674735402,4.419732386549667,5.157330288185735,1.4762218010653552,3.995233098631666,0.0584559266936776,4,,,-0.6178477877126634,0,0.0045686252,0
B0044,158,charge,4,,4.181872792380664,4.35812944357955,4.129445790961823,0.0210975881987948,1.1675258248298803,-0.0080750982202169,5.469630182341387,6.508066425507542,3.013089921771014,3.4949765037365284,0.2286836526177271,1.1756009230500974,,4,,,-0.4932057851617599,0,0.0003632741,0
B0044,159,discharge,4,0.05862986110638707,3.9995228828543774,4.176936753250137,2.6926916057581445,-0.4072004054361969,0.0038798632840286,-3.9906773895407737,7.121133621766568,9.571995894192735,4.353467531572625,5.21852836262011,1.4842451474919929,3.9945572528248015,0.058629861106387,4,,,-0.6202278839906031,0,0.0046269107,0
B0044,160,impedance,24,,,,,,,,,,,,,,,24,,,0.27915632115821,0,7.6406475e-05,0
B0044,161,charge,4,,4.181059567793909,4.363816158621692,4.137043911619608,0.0203721704102492,1.1559507530787148,-0.0067873625562947,5.453177239699646,6.454409400462387,3.2062938110831736,3.2481155893792133,0.2267722470020841,1.1627381156350094,,4,,,-0.4945824839685142,0,0.00027951458,0
B0044,162,impedance,24,,,,,,,,,,,,,,,24,,,0.27915632115821,0,7.6406475e-05,0
B0044,163,discharge,4,0.05890033218383382,4.053493486866572,4.1734597535552,2.6700548004006626,-0.2265541392450526,0.0037123685484004,-3.9900184345675953,6.525840333846862,7.124889090041003,4.285263751732037,2.8396253383089656,1.5034049531545373,3.993730803115996,0.0589003321838338,4,,,-0.5774938361974643,0,0.0053792703,0
B0044,164,impedance,24,,,,,,,,,,,,,,,24,,,0.27915632115821,0,7.6406475e-05,0
B0044,165,charge,4,,4.1811499934493215,4.362239341295238,4.134917218774966,0.0209252544742925,1.1203583595115585,-0.0087844517457487,5.44169443916752,6.522079696075212,3.225745064591265,3.296334631483947,0.2273221225202721,1.129142811257307,,4,,,-0.4949164548093883,0,0.00029256853,0
B0044,166,impedance,24,,,,,,,,,,,,,,,24,,,0.27915632115821,0,7.6406475e-05,0
B0044,167,discharge,4,0.05906467702011044,4.052074849774992,4.175712749345959,2.610708527753601,-0.2291913700387425,0.0048712826538623,-3.9919951224872414,7.0347000891113804,8.324153740739145,4.140722546707669,4.183431194031477,1.565004221592357,3.996866405141104,0.0590646770201104,4,,,-0.55703503415926,0,0.0028242476,0
B0044,168,charge,4,,4.181456598185984,4.354263876291155,4.1319283291645625,0.0206408538832272,1.1470972522274412,-0.0079549438478979,5.386992568685968,6.497529248789678,2.952908092206508,3.54462115658317,0.2223355471265922,1.1550521960753393,,4,,,-0.4971160974102911,0,0.00041006805,0
B0044,169,discharge,4,0.07240579982844073,4.028366353886938,4.176096844607635,2.500114336550371,-0.2819333043565596,0.0044428646965618,-3.9922653535751937,6.897376838601351,10.63955759206541,5.326638606105242,5.312918985960168,1.6759825080572637,3.996708218271756,0.0724057998284407,4,,,-0.5881522772557655,0,0.0037022142,0
B0044,170,charge,4,,4.181928634540183,4.347813646603953,4.125170896280284,0.0244156222837649,1.1475083212691235,-0.0070042252883808,5.496654482592375,6.601366257977665,3.29344789497798,3.3079183629996844,0.2226427503236685,1.1545125465575043,,4,,,-0.4914087686863297,0,0.0002994582,0
B0044,171,discharge,4,0.07255632846891659,3.9662515216379135,4.176353738400277,2.463640728476522,-0.4609315945816927,0.0035443938564919,-3.990796915640813,8.12797412482593,10.376173431482592,4.957548969148244,5.418624462334349,1.7127130099237546,3.994341309497305,0.0725563284689165,4,,,-0.6086739993882139,0,0.0037769452,0
B0044,172,charge,4,,4.18229398502756,4.345460165150056,4.12239062411853,0.0246651963811154,1.1485626067650463,-0.0079253256266629,5.526656937187599,6.501826340774069,3.4182431564580624,3.0835831843160064,0.2230695410315251,1.1564879323917092,,4,,,-0.4898320814852785,0,0.00024679102,0
B0044,173,discharge,4,0.05959222988909599,4.052244387669817,4.177102599239209,2.5987325707723405,-0.2319988986885328,0.0043530453320311,-3.9911388227447215,6.951583874586089,8.316021086973787,4.01632818386259,4.299692903111198,1.5783700284668685,3.9954918680767526,0.0595922298890959,4,,,-0.5610018955428795,0,0.0027364145,0
B0044,174,charge,4,,4.181089267354161,4.356829479582257,4.1330288037940415,0.0200825462563738,1.1684138608732264,-0.0105782205748407,5.466521116038281,6.719630104058415,3.0727353548582124,3.6468947492002015,0.2238006757882154,1.1789920814480672,,4,,,-0.4940414379640551,0,0.00045948097,0
B0044,175,discharge,4,0.07321709022768585,4.024847285360175,4.175820770125257,2.4742429443982785,-0.2883589666758985,0.0047420636534104,-3.991443615973067,6.953046195579622,10.655557073631597,5.9431729658560775,4.712384107775519,1.7015778257269782,3.996185679626477,0.0732170902276858,4,,,-0.5892488381371938,0,0.002481706,0
B0044,176,impedance,24,,,,,,,,,,,,,,,24,,,0.27915632115821,0,7.6406475e-05,0
B0044,177,charge,4,,4.18107513946828,4.366833204245496,4.129387854265048,0.0240991004804463,1.1665998484212543,-0.0082554229766555,5.405047070917176,6.412505504180851,3.1989413088111744,3.2135641953696767,0.2374453499804483,1.17485527139791,,4,,,-0.4959690154895551,0,0.00026633995,0
B0044,178,impedance,24,,,,,,,,,,,,,,,24,,,0.27915632115821,0,7.6406475e-05,0
B0044,179,discharge,4,0.05984100849986973,4.051149690799867,4.174362644498064,2.693112294857156,-0.2402036412336423,0.0033085774036558,-3.9937289569249135,6.413311987885646,7.631714348736341,5.328465768215402,2.303248580520939,1.481250349640908,3.99703753432857,0.0598410084998697,4,,,-0.586344873100171,0,0.007373614,0
B0044,180,charge,4,,4.1811255875847095,4.359436193035696,4.130331149022598,0.0213539977327035,1.181776107812199,-0.0074804577143274,5.36313026033987,6.603746064669578,2.8841545140340403,3.719591550635538,0.2291050440130986,1.1892565655265266,,4,,,-0.4982324867557364,0,0.00050231523,0
B0044,181,discharge,4,0.07344347056971572,4.023626364549916,4.175874340371016,2.476301013332819,-0.2918314525277322,0.0030234106269455,-3.991810733048436,6.779577103952525,10.509625598200184,5.671261940663974,4.838363657536211,1.699573327038197,3.994834143675381,0.0734434705697157,4,,,-0.598140504971861,0,0.0026520365,0
B0044,182,charge,4,,4.181850233107886,4.353503093414961,4.124139797345501,0.0251048947034973,1.18566809095278,-0.0075083392312499,5.435655141964368,6.610567341114944,3.162223360920845,3.4483439801940987,0.2293632960694598,1.19317643018403,,4,,,-0.4939585340748149,0,0.00033203853,0
B0044,183,discharge,4,0.07373739605923264,4.0230998765187564,4.176007922304425,2.455959621392259,-0.2917484860639784,0.0048266081362949,-3.990343191482173,6.978468873690951,9.204729619835248,6.428592965422287,2.7761366544129595,1.720048300912166,3.995169799618468,0.0737373960592326,4,,,-0.5899246333763543,0,0.0042107413,0
B0044,184,charge,4,,4.18220704484353,4.350025698827715,4.124145207393748,0.0254236697938125,1.1777091876488708,-0.0077604254480399,5.483092127524799,6.712566910054738,3.159657453138077,3.552909456916661,0.2258804914339673,1.185469613096911,,4,,,-0.4916255769676718,0,0.00039651306,0
B0044,185,discharge,4,0.06032312489727431,4.047078241937264,4.176473294247625,2.595966933411927,-0.2460711384456987,0.0080503346908598,-3.991055043675492,6.809785593582902,7.96351554428054,3.7557573168497567,4.207758227430784,1.580506360835698,3.999105378366352,0.0603231248972743,4,,,-0.5730567235508977,0,0.0027385722,0
B0044,186,charge,4,,4.181430065452164,4.359593704621811,4.131578817673852,0.0208768726368375,1.1843616457619446,-0.0097173061748705,5.459965510880567,6.790501518114769,3.199452245954681,3.591049272160088,0.2280148869479585,1.1940789519368151,,4,,,-0.4939542713314703,0,0.0004124069,0
B0044,187,discharge,4,0.07409611978234346,4.02025965935536,4.176068533506241,2.4476887634196065,-0.298818492738235,0.0035454695598344,-3.993323501641109,6.971049837313714,9.367163499816083,6.406430103137445,2.9607333966786404,1.7283797700866343,3.996868971200943,0.0740961197823434,4,,,-0.5933996994774147,0,0.0036580968,0
B0044,188,impedance,24,,,,,,,,,,,,,,,24,,,0.27915632115821,0,7.6406475e-05,0
B0044,189,charge,4,,4.180900628647821,4.369396929659898,4.128817487724308,0.0242043721859551,1.1684447064478989,-0.0085021244154729,5.46329633207285,6.445646695639573,3.308175787992231,3.1374709076473417,0.2405794419355897,1.176946830863372,,4,,,-0.4935616958547612,0,0.00024447872,0
B0044,190,impedance,24,,,,,,,,,,,,,,,24,,,0.27915632115821,0,7.6406475e-05,0
B0044,191,discharge,4,0.060717150532954955,4.048987988645058,4.174058322711264,2.696514442504613,-0.2461964132087831,0.00336361268429,-3.991161876623272,6.579881562367587,8.36281681813677,5.992218142754614,2.370598675382156,1.4775438802066505,3.9945254893075615,0.0607171505329549,4,,,-0.5816971421222071,0,0.0071516233,0
B0044,192,charge,4,,4.181055373045361,4.359572724948547,4.129632407662495,0.0218061044761063,1.1834341359210363,-0.010109003467409,5.454963228185108,6.609093099534911,3.3125335660089195,3.296559533525991,0.2299403172860525,1.1935431393884453,,4,,,-0.4942499018547226,0,0.00028411188,0
B0044,193,discharge,4,0.06082844229397962,4.048190135327761,4.175423863730147,2.690051793810678,-0.2522239281993396,0.0046385559518115,-3.9915962217441727,6.690126647286674,9.833929266126528,5.378327257419688,4.45560200870684,1.4853720699194692,3.996234777695984,0.0608284422939796,4,,,-0.5785735289881455,0,0.0035499644,0
B0044,194,charge,4,,4.180420868485246,4.360523337799005,4.130765086667855,0.0207873508653399,1.179225991356487,-0.0077769701604655,5.44649323932613,6.562984429224958,3.2638541251634456,3.2991303040615123,0.2297582511311509,1.1870029615169526,,4,,,-0.4952179682974804,0,0.0002853623,0
B0044,195,discharge,4,0.060928844447982224,4.031325666700656,4.175023430172884,2.682527208849319,-0.3018936240718055,0.0031598068505257,-3.991136960671815,6.925009518097775,9.82294821385076,5.494428595244186,4.328519618606574,1.4924962213235644,3.9942967675223406,0.0609288444479822,4,,,-0.5886039128583739,0,0.0034199585,0
B0044,196,charge,4,,4.180841471112113,4.358520542732774,4.128901571981386,0.0213737228374685,1.1769209700532324,-0.0084090814846141,5.44589780141289,6.573809233106708,3.2019369761586995,3.3718722569480084,0.229618970751388,1.1853300515378469,,4,,,-0.4948592397682111,0,0.00030632337,0
B0044,197,discharge,4,0.061220387365620216,3.99633832641595,4.17570719288233,2.652291441667637,-0.4070041672359561,0.0028573457211166,-3.991424193255269,7.831469751479567,9.64729446630716,5.011195309533016,4.6360991567741445,1.5234157512146922,3.9942815389763857,0.0612203873656202,4,,,-0.5917670209099007,0,0.0033519703,0
B0044,198,charge,4,,4.181703108282438,4.359530003454044,4.127467024778231,0.0217501017995136,1.1784562860732657,-0.0085631574651619,5.436319416794836,6.507005257866773,3.115777274914748,3.391227982952025,0.2320629786758123,1.1870194435384276,,4,,,-0.4946324097844534,0,0.00031112487,0
B0044,199,discharge,4,0.06133677582691605,3.5339557623459625,4.176924395260363,2.546878970446884,-1.9943360872313465,0.0089812731232464,-3.989885469699493,6.357821828788143,8.475214897845488,4.261352737687649,4.213862160157839,1.6300454248134786,3.99886674282274,0.061336775826916,4,,,-1.2476177170600022,0,0.0024485688,0
B0044,200,impedance,24,,,,,,,,,,,,,,,24,,,0.27915632115821,0,7.6406475e-05,0
B0044,201,charge,4,,4.187012214471307,4.364303911479497,4.134461177790573,0.0480147661579422,1.1726573081823504,-0.006239045201231,5.303671777013737,6.477499809111749,3.035107902756453,3.442391906355296,0.2298427336889235,1.1788963533835817,,4,,,-0.4920815992544616,0,0.00033512575,0
B0044,202,impedance,24,,,,,,,,,,,,,,,24,,,0.27915632115821,0,7.6406475e-05,0
B0044,203,discharge,4,0.0615021959933087,3.5662543456123466,4.176472262163263,2.645930219491384,-1.996129232362493,0.000234021164754,-3.992242021387917,6.5954208155010985,7.906766993792881,5.339199492935753,2.567567500857128,1.5305420426718794,3.992476042552672,0.0615021959933087,4,,,-1.2163349873639615,0,0.0060220165,0
B0044,204,charge,4,,4.18689777809975,4.308415706297118,4.082845700400314,0.0588489374339569,1.2823549862720256,-0.0067162534865615,5.683959663091402,6.999999924628075,3.178579948249276,3.8214199763788,0.2255700058968042,1.289071239758587,,4,,,-0.4738564501602806,0,0.00051497336,0
B0044,205,discharge,4,0.0615436456229027,3.480657456568583,4.177637250505157,2.5366466461777906,-2.217653041798755,2.94281467370658e-05,-3.991625583043432,6.324536214740793,8.628110902694925,4.563444717869488,4.064666184825437,1.6409906043273663,3.991655011190169,0.0615436456229027,4,,,-1.324621748998403,0,0.0024177092,0
B0044,206,charge,4,,4.190509082720928,4.299916527528604,4.075867851696893,0.0808564297285189,1.278890911139526,-0.0035676067328005,5.761658378819928,8.262436368644504,3.1209100771540923,5.141526291490412,0.2240486758317112,1.282458517872327,,4,,,-0.4641558591513283,0,0.0013078641,0
B0044,207,discharge,4,0.061368282981907545,3.559655619146663,4.178674620885059,2.619612898646795,-1.9957140019130044,0.0023357518510713,-3.9917742802321072,7.644851838660085,9.541833690746394,5.844985244902131,3.696848445844263,1.559061722238264,3.9941100320831775,0.0613682829819075,4,,,-1.1755195303795003,0,0.0032066356,0
B0044,208,charge,4,,4.190262224631372,4.303405106309335,4.085072944829853,0.0750366892154625,1.280452734330064,-0.0047071515057377,5.7827630160196986,8.979883323218596,3.222056722809388,5.757826600409208,0.2183321614794824,1.2851598858358018,,4,,,-0.464461650733188,0,0.0018306138,0
B0044,209,discharge,4,0.061633508888739995,3.4710657400965403,4.180128549369836,2.48420676655347,-2.21720783656349,0.0018380871713237,-3.99341095347209,5.10818141008298,7.890349591233944,2.90475616543561,4.985593425798334,1.6959217828163655,3.995249040643414,0.0616335088887399,4,,,-1.383181029172551,0,0.0027299575,0
B0044,210,charge,4,,4.190289843202979,4.303262268036986,4.076886113625315,0.0791260308665147,1.2756358528236391,-0.0026716009668207,5.730161805416016,7.654120786470091,2.9464831726681653,4.707637613801925,0.2263761544116702,1.2783074537904595,,4,,,-0.4659670415031368,0,0.0010633564,0
B0044,211,discharge,4,0.061981030875948785,3.4889263102095547,4.178617367574264,2.5492794097929745,-2.217892317465651,0.0026975967399349,-3.991569924612713,6.978200107513246,9.207557697837885,5.268020681575575,3.9395370162623102,1.629337957781289,3.994267521352648,0.0619810308759487,4,,,-1.2910895211024,0,0.0025532392,0
B0044,212,impedance,24,,,,,,,,,,,,,,,24,,,0.27915632115821,0,7.6406475e-05,0
B0044,213,charge,4,,4.190446157519696,4.370818493623703,4.134850995047913,0.0656438566215603,1.1553451916541848,-0.0065557275936561,5.34665741006942,6.380180506147159,3.16076927724547,3.219411228901689,0.23596749857579,1.161900919247841,,4,,,-0.484780244679554,0,0.00026535854,0
B0044,214,impedance,24,,,,,,,,,,,,,,,24,,,0.27915632115821,0,7.6406475e-05,0
B0044,215,discharge,4,1.4779954511171076,3.438530012225991,4.132709552803766,2.6987042664288663,-0.948665522461736,0.0005119272383861,-0.9996908932907372,7.831586108538486,10.171915363933092,4.96446313077256,5.207452233160532,1.434005286374899,1.0002028205291236,1.4779954511171076,4,,,-1.058899965760259,0,0.0076745306,0
B0044,216,impedance,24,,,,,,,,,,,,,,,24,,,0.27915632115821,0,7.6406475e-05,0
B0044,217,charge,4,,4.182470905836691,4.200655055325836,3.5963556759143667,0.5062811673110905,1.5014192664113135,-0.0041819812764956,6.1628708808558414,8.44395118993234,3.3695780002993314,5.074373189633009,0.604299379411469,1.5056012476878091,,4,,,-0.3755145628145564,0,0.00076950935,0
B0044,218,impedance,24,,,,,,,,,,,,,,,24,,,0.27915632115821,0,7.6406475e-05,0
B0044,219,discharge,4,1.494119871447679,3.4576572257357188,4.15897226684506,2.6902025456609366,-0.9429836446189775,0.0009107829167059,-1.002764391386482,7.730546352316417,10.296016892383854,4.362853119300769,5.933163773083085,1.4687697211841235,1.003675174303188,1.494119871447679,4,,,-1.049549967093428,0,0.008757708,0
B0044,220,charge,4,,4.180079979392521,4.200428776716092,3.4670943555939777,0.504458526595841,1.500319517151668,-0.001529318444338,6.222517583569959,8.481088710225858,3.333189378778161,5.147899331447697,0.7333344211221142,1.501848835596006,,4,,,-0.3748628580908735,0,0.0012737075,0
B0044,221,discharge,4,1.488007820113173,3.4553887210557868,4.173670999223567,2.682194069736634,-0.9448444362873196,0.0008606130538372,-1.001809989064009,7.787963683864436,10.396418259744522,5.202271526875168,5.194146732869354,1.4914769294869332,1.0026706021178464,1.488007820113173,4,,,-1.0489198900971175,0,0.0076932176,0
B0044,222,charge,4,,4.1807600967060585,4.200484578433629,3.468765570898249,0.5019314893970415,1.4999258085733025,-0.0008225387078052,6.195388404685395,8.633126769472614,3.399745546035566,5.233381223437048,0.7317190075353799,1.5007483472811078,,4,,,-0.376034284881163,0,0.0013088743,0
B0044,223,discharge,4,1.4748338592717107,3.453365325098602,4.173428084270444,2.698791325109984,-0.9421563938919908,-2.9338418792105184e-05,-1.0010193795008968,7.849823078169805,10.675119900160505,5.012087605395664,5.663032294764839,1.47463675916046,1.0009900410821049,1.4748338592717107,4,,,-1.0471162097878928,0,0.0077362396,0
B0044,224,charge,4,,4.18148813238487,4.200459781798068,3.4840838222208976,0.497788898221752,1.5017875861518672,-0.0014155929491819,6.239599023616455,8.753424221579264,3.631883941137416,5.121540280441848,0.7163759595771699,1.5032031791010492,,4,,,-0.3743986785734987,0,0.001158352,0
B0044,225,discharge,4,1.4604378044785566,3.4533767517944844,4.17295985340472,2.6972261726105518,-0.9414963206117184,0.0005583489138716,-1.0008333686989588,7.863220580243154,10.562265269293302,3.811503767508387,6.750761501784915,1.4757336807941686,1.0013917176128304,1.4604378044785566,4,,,-1.04641369846997,0,0.009122943,0
B0044,226,charge,4,,4.181248255316473,4.200175157334651,3.4943478911572075,0.4927063708858528,1.50071231434023,-0.0020090865822121,6.306215377786661,8.402561525095338,3.6240656900954566,4.778495834999882,0.7058272661774434,1.502721400922442,,4,,,-0.3726105208388526,0,0.00097046077,0
B0044,227,discharge,4,1.452380841576719,3.4460660596643384,4.172771279792943,2.6816548421625512,-0.93892211405729,0.0003606007179158,-1.0006757296253446,7.930106785779635,10.76625471358321,5.231368167256844,5.534886546326367,1.4911164376303914,1.0010363303432603,1.452380841576719,4,,,-1.0479164418279678,0,0.006913438,0
B0044,228,impedance,24,,,,,,,,,,,,,,,24,,,0.27915632115821,0,7.6406475e-05,0
B0044,229,charge,4,,4.184193835261351,4.200308775943039,3.63848494070441,0.4880108349761189,1.5014962485001515,0.0025275401893434,6.185956843768388,8.299047896349645,3.606514768410881,4.6925331279387645,0.5618238352386293,1.498968708310808,,4,,,-0.3766757865830258,0,0.0006605872,0
B0044,230,impedance,24,,,,,,,,,,,,,,,24,,,0.27915632115821,0,7.6406475e-05,0
B0044,231,discharge,4,1.4411028883649861,3.4382387035909514,4.15544388290786,2.6758389635879234,-0.9382244730141404,0.0020170086458555,-1.001584094423824,7.888437545923743,10.911129725577434,3.7913354249889375,7.119794300588495,1.4796049193199363,1.0036011030696794,1.441102888364986,4,,,-1.0547661985110004,0,0.00931733,0
B0044,232,charge,4,,4.181976051987668,4.200135894447758,3.499586583810219,0.485857079210384,1.4999941666029766,-0.0005422436783163,6.229703526301077,8.64866812363729,3.440579914539537,5.2080882090977525,0.7005493106375389,1.500536410281293,,4,,,-0.3766525970559373,0,0.0011259917,0
B0044,233,discharge,4,1.4300355978410688,3.4385248959075603,4.172195811279475,2.6766750362925413,-0.9336418704048168,0.0015647925242335,-1.0011109661354312,7.818043363205418,10.81913572086399,4.9665241241819045,5.8526115966820855,1.4955207749869337,1.0026757586596646,1.4300355978410688,4,,,-1.0567762283285942,0,0.0065431334,0
B0044,234,charge,4,,4.182666093383474,4.200415357905074,3.51471829355637,0.4803150516656508,1.499913833995498,-0.0012713191459983,6.229028515374869,8.682963089764234,3.393294159260202,5.289668930504032,0.6856970643487039,1.5011851531414964,,4,,,-0.3772239896773726,0,0.0011001521,0
B0044,235,discharge,4,1.413943296719903,3.4365202293034374,4.171402160517197,2.695622084623807,-0.9277519140513346,0.0017297331873697,-1.0013667929909769,7.830974235734798,11.006306031992889,3.440362613271007,7.56594341872188,1.4757800758933906,1.0030965261783469,1.413943296719903,4,,,-1.0564859847164318,0,0.009401873,0
B0044,236,charge,4,,4.183715406919684,4.200007868238377,3.538579621237064,0.4755498457222031,1.5001014002572102,0.0006738230677645,6.149618502992722,8.6980442374795,3.187917865696703,5.510126371782798,0.6614282470013126,1.4994275771894456,,4,,,-0.3808018621658803,0,0.0011744462,0
B0044,237,discharge,4,1.3972667497450317,3.4352027430527405,4.170188354997629,2.6908429071948605,-0.9210832456029232,0.0009730796952747,-1.0031105310166462,7.878562179371438,10.614675024239112,4.61211591145805,6.002559112781063,1.4793454478027686,1.0040836107119209,1.3972667497450315,4,,,-1.0541103871467823,0,0.0058782026,0
B0044,238,charge,4,,4.1842825336873375,4.200370305442998,3.5578106330660417,0.4702729011363603,1.5006307118604538,-0.0029286930306015,6.189221794157435,8.529017492569462,3.4623339714003194,5.066683521169143,0.6425596723769567,1.5035594048910554,,4,,,-0.3796754467786692,0,0.000859759,0
B0044,239,discharge,4,1.3865375876825874,3.43345469224157,4.170349799747877,2.6963132256039875,-0.9181073344708772,0.0012259246336586,-1.0004034898094731,7.960251571512366,10.78731375840829,4.918195539391174,5.869118219017116,1.4740365741438892,1.0016294144431317,1.3865375876825874,4,,,-1.051220004167683,0,0.005508065,0
B0044,240,impedance,24,,,,,,,,,,,,,,,24,,,0.27915632115821,0,7.6406475e-05,0
B0044,241,charge,4,,4.1859021393875775,4.200502241294513,3.67747615490933,0.4641659071773783,1.499750342402679,0.0008555272947497,6.0903838587137455,8.280045203157018,3.185090749800879,5.094954453356139,0.5230260863851832,1.498894815107929,,4,,,-0.383952697899927,0,0.0007962398,0
B0044,242,impedance,24,,,,,,,,,,,,,,,24,,,0.27915632115821,0,7.6406475e-05,0
B0044,243,discharge,4,1.3724753685724698,3.425091148228222,4.152127517238579,2.688965230347589,-0.9147769465297864,0.0030985899579741,-0.9998017351246392,7.825815360855775,10.646148713943534,3.4319499762440446,7.214198737699489,1.4631622868909897,1.0029003250826134,1.3724753685724698,4,,,-1.0619378340104713,0,0.0072829607,0
B0044,244,charge,4,,4.184455161620934,4.200168870079693,3.5757927499587767,0.4630267571231258,1.5022906091827568,-0.0035426523111037,6.149702463834278,8.472506291025706,3.3593022544996787,5.113204036526027,0.6243761201209166,1.5058332614938603,,4,,,-0.3825666266686183,0,0.0008333372,0
B0044,245,discharge,4,1.3598593948812812,3.43285332747351,4.169872871486082,2.697702269918439,-0.9097059602545032,0.0013697698641143,-1.001001283053754,7.871717073752719,10.149343674038578,4.811918412162218,5.33742526187636,1.472170601567643,1.0023710529178684,1.3598593948812812,4,,,-1.0539090270509628,0,0.0047174473,0
B0044,246,charge,4,,4.184477376628619,4.201178685447468,3.590662076087905,0.4570352980283697,1.4994214514483617,-0.0029580569895455,6.139138266560409,8.331854825055709,3.403449377306769,4.92840544774894,0.6105166093595633,1.5023795084379072,,4,,,-0.384086493862451,0,0.0007310841,0
B0044,247,discharge,4,1.3486733410392264,3.4316708520467616,4.17029400170211,2.6908621173584564,-0.9089147628345589,0.0021013923957275,-1.000535766089263,7.872850841533409,10.269672545542075,4.951322650914617,5.3183498946274606,1.4794318843436534,1.002637158484991,1.3486733410392264,4,,,-1.0545008094461226,0,0.004582344,0
B0044,248,charge,4,,4.184508206956703,4.20104720954665,3.594744917443969,0.4526449427578562,1.4999326318446056,-0.0034280012944902,6.099006755965713,8.265436001357777,3.14979523458203,5.115640766775748,0.606302292102681,1.5033606331390958,,4,,,-0.3865829106413178,0,0.0008006761,0
B0044,249,discharge,4,1.3334258933205057,3.4305423593747584,4.16968317987712,2.6956578221948044,-0.9053632291923376,0.0009310009554464,-1.000130333451389,7.787673589037049,10.511836729394169,4.780401495020148,5.731435234374021,1.474025357682316,1.001061334406835,1.3334258933205057,4,,,-1.0582692460843164,0,0.0043492108,0
B0044,250,charge,4,,4.18514562012166,4.2007449336805305,3.6037061989163752,0.4487611135961863,1.4997071014551089,0.0001491563755536,6.062456798660048,8.505339697017948,3.148017829745726,5.357321867272223,0.5970387347641553,1.499557945079555,,4,,,-0.3884322625650286,0,0.0009319846,0
B0044,251,discharge,4,1.3387793081075827,3.4188541266416608,4.170671249766948,2.683891843696469,-0.9122769052973728,0.0014497208979828,-1.0006996840010498,7.997910807563725,11.2498423901219,5.06477884715876,6.185063542963141,1.4867794060704789,1.0021494048990327,1.3387793081075827,4,,,-1.0582202617118817,0,0.004759509,0
B0044,252,impedance,24,,,,,,,,,,,,,,,24,,,0.27915632115821,0,7.6406475e-05,0
B0044,253,charge,4,,4.1867087126576745,4.200599060010198,3.6931859981643536,0.4459835728963259,1.5007637378830512,-0.0017769329871342,6.112608632620739,8.391417282297395,3.355510030726885,5.03590725157051,0.5074130618458446,1.5025406708701854,,4,,,-0.3857420098029537,0,0.0007637273,0
B0044,254,impedance,24,,,,,,,,,,,,,,,24,,,0.27915632115821,0,7.6406475e-05,0
B0044,255,discharge,4,1.3153320403016995,3.42241373548389,4.149844268077626,2.6861736439095387,-0.8993675928683105,0.0017943549116499,-1.0012478773196167,7.881896352735887,10.478668312226782,4.684581220811076,5.794087091415706,1.463670624168087,1.0030422322312669,1.3153320403016997,4,,,-1.0585216383808451,0,0.004036643,0
B0044,256,charge,4,,4.185414532391283,4.200199280033324,3.614084076622674,0.4426139221237203,1.499574123525432,-0.0044335270136114,6.103288890011372,8.444844805596935,3.2135043462524733,5.2313404593444615,0.58611520341065,1.5040076505390434,,4,,,-0.3876074798100178,0,0.0008371562,0
B0044,257,discharge,4,1.322963328110081,3.416097700308048,4.170207896534634,2.6915218489806785,-0.9110321130421604,0.0008259898109111,-1.0000486043905183,8.022448822976777,11.276068425006786,5.409746706230465,5.86632171877632,1.4786860475539552,1.0008745942014294,1.322963328110081,4,,,-1.0587666713093462,0,0.004255081,0
B0044,258,charge,4,,4.185329376828669,4.200174838044555,3.589541567813773,0.4426621179038132,1.5000158706158473,-0.0018508601278008,6.132864117686446,8.676166139086106,3.197086871350002,5.479079267736104,0.6106332702307822,1.5018667307436482,,4,,,-0.3863838603738392,0,0.0010297862,0
B0044,259,discharge,4,1.3086991524155074,3.415875051664848,4.169943833836458,2.698223036073629,-0.9054157927585382,0.0075702505768728,-1.0000156861218927,7.977920186292173,11.18488048040138,5.118567803709009,6.066312676692371,1.471720797762829,1.0075859366987656,1.3086991524155074,4,,,-1.0598154469795908,0,0.004085987,0
B0044,260,charge,4,,4.185711505492433,4.200025186562211,3.603968878292968,0.4386054879706012,1.500257382422718,0.0002642161005707,6.192706577814643,8.656177137425388,3.4835525393444384,5.172624598080949,0.5960563082692429,1.4999931663221473,,4,,,-0.3842899046454524,0,0.0008204788,0
B0044,261,discharge,4,1.2897499583900436,3.420770509924939,4.168649657337103,2.6884148666237397,-0.8971488250209094,0.0030345758410345,-1.0003532671448447,8.016774436428086,10.572845919227095,5.489946008570818,5.082899910656278,1.480234790713364,1.0033878429858791,1.2897499583900436,4,,,-1.0534119789207057,0,0.003968046,0
B0044,262,charge,4,,4.185773450409738,4.200834122602502,3.622985734391033,0.4329502597966028,1.4996193071659618,-0.0008268035309885,6.2071253146121865,8.327383617326397,3.436990731269203,4.890392886057194,0.5778483882114687,1.5004461106969502,,4,,,-0.3846488991171077,0,0.000720574,0
B0044,263,discharge,4,1.2906172590904164,3.412152763562302,4.168865124534303,2.699098319484438,-0.9036459257898942,0.0021060612848631,-1.0001270037964975,8.104364904391632,11.286420953867148,3.936510086733391,7.349910867133756,1.4697668050498651,1.002233065081361,1.2906172590904164,4,,,-1.05652630191435,0,0.0051429747,0
B0044,264,impedance,24,,,,,,,,,,,,,,,24,,,0.27915632115821,0,7.6406475e-05,0
B0044,265,charge,4,,4.186987966667885,4.200465120459184,3.704723498379332,0.4292508543585839,1.4995085062269855,-0.0024337419805268,6.109124204077515,8.338030286095448,3.381587727413187,4.9564425586822605,0.4957416220798527,1.5019422482075129,,4,,,-0.3887243138775789,0,0.00072813296,0
B0044,266,impedance,24,,,,,,,,,,,,,,,24,,,0.27915632115821,0,7.6406475e-05,0
B0044,267,discharge,4,1.2752011253442166,3.411365387592042,4.14775004325363,2.692387025960113,-0.893479421104461,0.0021528243384569,-1.000377670213083,8.021367388918382,10.532008688910055,4.333825896636997,6.198182792273059,1.4553630172935177,1.0025304945515403,1.2752011253442166,4,,,-1.0587821992709552,0,0.003634086,0
B0044,268,charge,4,,4.185738539558719,4.200635944354023,3.629444322022569,0.428760428157891,1.5016146939793038,-0.001940374806412,6.139410390428101,8.296447453309783,3.4664833762686844,4.829964077041099,0.5711916223314542,1.5035550687857158,,4,,,-0.3883384066756314,0,0.00069276505,0
B0044,269,discharge,4,1.2686072657374579,3.4151055404827564,4.16768084822256,2.684075358151804,-0.8950327018530826,0.0021603785656978,-1.0013725571006211,8.012944452376887,10.49676940873906,4.788736918832111,5.708032489906948,1.4836054900707554,1.003532935666319,1.268607265737458,4,,,-1.0569471330816518,0,0.0035898052,0
B0044,270,charge,4,,4.185638882208892,4.200481906666047,3.631055958742334,0.4253089725555918,1.4995078387378835,-0.0016261320692925,6.16224670005526,8.272844424354263,3.4725604847523277,4.800283939601936,0.5694259479237131,1.5011339708071765,,4,,,-0.3880451805015777,0,0.0006892905,0
B0044,271,discharge,4,1.2565759973225976,3.413972633337996,4.167944485512648,2.687825351809013,-0.8916525424860515,0.001001924867513,-1.0005394687347553,7.944197776199544,10.219372011443095,4.714639372870622,5.504732638572475,1.480119133703635,1.0015413936022683,1.2565759973225976,4,,,-1.060043108407456,0,0.0034677032,0
B0044,272,charge,4,,4.185961398222499,4.200589632886184,3.638570381369192,0.4203310678445981,1.499887314636142,-0.0001501468693668,6.126052693685653,8.139074495229691,3.500566494484619,4.638508000745071,0.562019251516992,1.5000374615055088,,4,,,-0.3902850991578306,0,0.0006406285,0
B0044,273,discharge,4,1.2486254509320867,3.410670178184504,4.167775501643388,2.6932435794466025,-0.8905662435522527,0.0020243679839175,-1.0005198847037151,7.904886527570053,10.307592528834146,4.018534218811682,6.289058310022464,1.4745319221967854,1.002544252687633,1.2486254509320869,4,,,-1.0637243998401709,0,0.0034595479,0
B0044,274,charge,4,,4.185845838451035,4.201273947768803,3.6413310122911167,0.4567253887705724,1.500581944122218,-0.0016161626624522,6.105635722762531,8.199119808168458,3.299020947311103,4.900098860857355,0.5599429354776859,1.50219810678467,,4,,,-0.3846761470232213,0,0.00072234246,0
B0047,0,discharge,4,1.6743047446975208,3.4752664759657903,4.246764125510136,2.470611866932728,-0.9527668403077524,0.000252388610586,-1.00110134824347,8.272422519178683,12.376815880696888,5.0080842944609065,7.36873158623598,1.7761522585774083,1.001353736854056,1.6743047446975208,4,,,-1.0163576732502186,0,0.019725105,0
B0047,1,impedance,24,,,,,,,,,,,,,,,24,,,0.27915632115821,0,7.6406475e-05,0
B0047,2,charge,4,,4.193520837869665,4.214594585505835,3.486189216310417,0.5207924895446029,1.4943144350434685,0.001416590948633,6.279191330194547,8.793624097800858,4.358202275987088,4.435421821813771,0.7284053691954178,1.4928978440948355,,4,,,-0.3605786936161851,0,0.0010784965,0
B0047,3,impedance,24,,,,,,,,,,,,,,,24,,,0.27915632115821,0,7.6406475e-05,0
B0047,4,discharge,4,1.5243662105099023,3.4765588189090355,4.186635709569866,2.477661652422805,-0.9838885014038208,-0.0015358996096327,-0.9981417400029184,8.210715424489035,11.314903320182369,5.454956719553112,5.859946600629256,1.7089740571470609,0.9966058403932856,1.5243662105099025,4,,,-1.0237665661232052,0,0.009263108,0
B0047,5,charge,4,,4.187504197003788,4.214574140334718,3.2527192825719458,0.5186862418251199,1.4959111231788296,-0.0023061368707441,6.4143510033004505,10.1455937779198,4.161258444205254,5.984335333714547,0.961854857762772,1.4982172600495738,,4,,,-0.3591335588911854,0,0.003604902,0
B0047,6,discharge,4,1.5080762969973425,3.4707669643372343,4.199922751479228,2.4707098734854784,-0.9838892612061608,-0.000745698662656,-1.0003069695936524,7.954455063989402,11.624528187721143,4.9221781193622345,6.702350068358911,1.7292128779937497,0.9995612709309964,1.5080762969973425,4,,,-1.0386185578933227,0,0.009815613,0
B0047,7,charge,4,,4.189655069774906,4.214573442739502,3.255398852175642,0.5135277214530581,1.4934226098552212,-0.0024767839039715,6.263927129839187,9.371285850326036,3.948084866830133,5.423200983495903,0.9591745905638596,1.495899393759193,,4,,,-0.3651053782658928,0,0.0031784181,0
B0047,8,discharge,4,1.4835577960067696,3.4675514337042928,4.199568876812779,2.465457800547402,-0.9789465319710104,0.0003032433409723,-0.9982799264042614,7.985864710265716,11.0929238810592,4.553269274801158,6.539654606258042,1.734111076265377,0.998583169745234,1.4835577960067696,4,,,-1.0385067992053902,0,0.008747063,0
B0047,9,charge,4,,4.191917514720392,4.21468419824127,3.3028547514790385,0.5073739203979963,1.4941138234992282,-0.0007779109162341,6.251469678656883,9.599392228576075,4.02152139767389,5.577870830902187,0.9118294467622312,1.4948917344154622,,4,,,-0.3652521149827103,0,0.0028631587,0
B0047,10,discharge,4,1.4671391666146525,3.4628386272032645,4.1993968014662295,2.465765118194009,-0.9762620303137102,0.0004220115914528,-0.9986834889880236,8.009426990342208,11.020979145558456,4.826283158332467,6.194695987225988,1.7336316832722205,0.9991055005794768,1.4671391666146525,4,,,-1.0401313088584472,0,0.007844781,0
B0047,11,charge,4,,4.193113417930489,4.214636526179533,3.3256214390909524,0.5012755481230531,1.495550265029558,0.0007571221830531,6.21497944169411,9.977435052651424,3.6145400626700046,6.36289498998142,0.8890150870885809,1.4947931428465049,,4,,,-0.3671283482913794,0,0.0030586044,0
B0047,12,discharge,4,1.448858156982267,3.4591836330966035,4.198907847432783,2.4700482803033514,-0.971168129982195,9.027841205808632e-07,-1.0016128378277855,8.033626730077737,11.05909419348262,5.074450571014079,5.984643622468541,1.7288595671294311,1.001613740611906,1.448858156982267,4,,,-1.0405932896485066,0,0.0071757846,0
B0047,13,impedance,24,,,,,,,,,,,,,,,24,,,0.27915632115821,0,7.6406475e-05,0
B0047,14,charge,4,,4.199479900529841,4.214551087827655,3.588626761315376,0.4945772130097396,1.4935340816098963,-0.0004186893854782,6.092666461165559,8.878068239463989,4.009093170087366,4.868975069376623,0.6259243265122789,1.4939527709953748,,4,,,-0.3693773052179032,0,0.00076726463,0
B0047,15,impedance,24,,,,,,,,,,,,,,,24,,,0.27915632115821,0,7.6406475e-05,0
B0047,16,discharge,4,1.4458534180949325,3.440865649757287,4.163303236325632,2.484128874181115,-0.970933467028425,0.0009494056462554,-0.9983585499996894,8.150799939416203,11.877028657628198,4.135578398049189,7.741450259579009,1.6791743621445168,0.9993079556459448,1.4458534180949325,4,,,-1.0476468316412066,0,0.009340873,0
B0047,17,impedance,24,,,,,,,,,,,,,,,24,,,0.27915632115821,0,7.6406475e-05,0
B0047,18,charge,4,,4.196299797709012,4.214562334215193,3.57949020504814,0.494706079124223,1.4942369835524285,-0.0019506615872593,6.187810206471489,8.54999351511764,4.24012344593987,4.30987006917777,0.6350721291670536,1.4961876451396876,,4,,,-0.3673704919594396,0,0.00070492044,0
B0047,19,impedance,24,,,,,,,,,,,,,,,24,,,0.27915632115821,0,7.6406475e-05,0
B0047,20,discharge,4,1.431118266178283,3.44810227661685,4.181797294694067,2.483034750266961,-0.9610547420763002,-0.000611161990235,-1.001368895703553,8.230899786348077,11.559250858608888,5.292800359862219,6.266450498746669,1.698762544427106,1.000757733713318,1.431118266178283,4,,,-1.0376290667563044,0,0.006898816,0
B0047,21,charge,4,,4.194434606990871,4.214628427741857,3.402552874958839,0.4918073887438026,1.494290898354415,-0.0010486684819335,6.425894472599308,9.9149863999085,4.264232009410829,5.650754390497671,0.8120755527830181,1.4953395668363485,,4,,,-0.3588942485792764,0,0.002051097,0
B0047,22,discharge,4,1.4192745516578533,3.4496654644975946,4.197837203348764,2.49830336362436,-0.9582923588349712,-0.0013182019564115,-1.0008569581108415,8.146945225413083,11.34743713793976,4.779042205440951,6.568394932498809,1.6995338397244044,0.99953875615443,1.419274551657853,4,,,-1.0397044518694134,0,0.0069279103,0
B0047,23,charge,4,,4.195194011746863,4.21456564331092,3.424690875485532,0.4844742944222572,1.4930759462299237,-0.0017281308754286,6.331701988672408,8.87729954678877,4.270129346416238,4.607170200372532,0.7898747678253879,1.494804077105352,,4,,,-0.3637626608638153,0,0.0015442794,0
B0047,24,discharge,4,1.3999974221808271,3.4449123724079618,4.197777018222757,2.49851157426792,-0.9553719838321842,-8.976016421710795e-06,-0.9983176454232487,8.251894856354932,11.693269060729056,5.664182556239294,6.029086504489762,1.699265443954837,0.9983086694068272,1.3999974221808271,4,,,-1.037814566335488,0,0.006162431,0
B0047,25,charge,4,,4.196636862370744,4.214592980625481,3.43727053727747,0.4792323425448146,1.4942089666961949,-0.0024096914276844,6.3539127187662245,9.792328297818012,4.270334796625638,5.521993501192373,0.777322443348011,1.4966186581238794,,4,,,-0.362797551575128,0,0.0017671287,0
B0047,26,discharge,4,1.3885156686114437,3.441830864370845,4.197306543877358,2.4919375577484737,-0.9527836491780216,-0.0002584377680427,-0.9987614170997864,8.23497518866995,11.557441727679937,4.636183279973251,6.921258447706684,1.705368986128884,0.9985029793317436,1.3885156686114437,4,,,-1.0401161161231944,0,0.0067033754,0
B0047,27,charge,4,,4.198462571285532,4.214631128590447,3.450254727468687,0.4733439927815017,1.494979279435882,0.0005800438360554,6.299383558313136,8.793395853031353,4.2198817067608,4.573514146270552,0.7643764011217593,1.4943992355998266,,4,,,-0.3649941928838526,0,0.0013462236,0
B0047,28,discharge,4,1.3652234669528964,3.434468178084287,4.19770091242359,2.4683068422721184,-0.949814677088373,-0.0008146601542771,-0.9997148821455012,8.269239827690175,11.667407771157473,5.589217205361708,6.078190565795763,1.7293940701514718,0.998900221991224,1.3652234669528964,4,,,-1.0429843882150007,0,0.0058642174,0
B0047,29,impedance,24,,,,,,,,,,,,,,,24,,,0.27915632115821,0,7.6406475e-05,0
B0047,30,charge,4,,4.201236264948579,4.214615829876236,3.657644791947994,0.4666393276247713,1.4934694530460455,-0.0013435388579092,6.119106088844921,8.489081034047558,4.036723977902577,4.452357056144981,0.5569710379282409,1.4948129919039548,,4,,,-0.3721156128221397,0,0.0005830513,0
B0047,31,impedance,24,,,,,,,,,,,,,,,24,,,0.27915632115821,0,7.6406475e-05,0
B0047,32,discharge,4,1.4060442272970963,3.430115214310407,4.1533796403143945,2.479195639185483,-0.962374774611937,0.0028748902917332,-0.997480494103194,8.236583239584068,11.311016339650983,4.471510284837189,6.8395060548137945,1.6741840011289115,1.000355384394927,1.4060442272970963,4,,,-1.049536325009819,0,0.007019653,0
B0047,33,impedance,24,,,,,,,,,,,,,,,24,,,0.27915632115821,0,7.6406475e-05,0
B0047,34,charge,4,,4.200947231159852,4.214562251074727,3.60167369033334,0.4879871428002954,1.494794799850116,-0.0014264856492678,6.2442139643198535,8.875067965433193,4.214653464091245,4.660414501341948,0.612888560741387,1.4962212854993835,,4,,,-0.3630793832360547,0,0.00069339335,0
B0047,35,impedance,24,,,,,,,,,,,,,,,24,,,0.27915632115821,0,7.6406475e-05,0
B0047,36,discharge,4,1.4057541613525781,3.442078085056046,4.1809212253928045,2.4933737831605582,-0.9528782892582864,-0.0005800539086706,-0.9986334774069276,8.16126508624072,11.175603921563273,4.257651735866639,6.917952185696634,1.6875474422322465,0.9980534234982572,1.405754161352578,4,,,-1.0431379644826988,0,0.0071315705,0
B0047,37,charge,4,,4.197851110146361,4.214638123389504,3.437238415036019,0.4803492490133361,1.4954784447798533,-0.0005939492294101,6.326651991576012,9.0113162300133,4.308927722820515,4.702388507192785,0.7773997083534847,1.4960723940092633,,4,,,-0.3629637302368149,0,0.0014615088,0
B0047,38,discharge,4,1.3867662881727878,3.442467881226828,4.198049966629152,2.491571322470993,-0.949763883381583,-0.0003116546335126,-0.9987804112417712,8.25301239256121,11.15023736338702,4.600686396248,6.54955096713902,1.7064786441581594,0.9984687566082584,1.3867662881727878,4,,,-1.0383742754232612,0,0.0062199165,0
B0047,39,charge,4,,4.198680988504506,4.214584490663374,3.454111182103007,0.4725750834617735,1.4942448128969463,-0.0013775091006902,6.34182636437102,9.117837502841068,4.1749775663201065,4.942859936520962,0.7604733085603672,1.4956223219976366,,4,,,-0.3631637278592573,0,0.0013933497,0
B0047,40,discharge,4,1.3705053061420223,3.433855142547628,4.19764856730434,2.471859124111365,-0.9517106306260904,0.0017552546473027,-0.999389466856038,8.291638340695691,11.81131136026599,4.266161089290105,7.545150270975884,1.7257894431929746,1.0011447215033409,1.3705053061420225,4,,,-1.0427695011078673,0,0.0068624453,0
B0047,41,charge,4,,4.199128153383965,4.214632298643419,3.446927933561972,0.4680286080585239,1.4934490222119414,-0.0007133120442782,6.363038788567033,9.008870688771184,4.278450437353351,4.730420251417833,0.767704365081447,1.4941623342562196,,4,,,-0.3627755947306255,0,0.0013970621,0
B0047,42,discharge,4,1.3497431114823601,3.432751730603936,4.1969633661005,2.488914813470205,-0.9434304652541514,-0.0004111896147658,-0.9976329826755008,8.318107121376224,11.699803023226297,4.608224781334378,7.091578241891918,1.7080485526302946,0.9972217930607348,1.34974311148236,4,,,-1.040869340712602,0,0.006114661,0
B0047,43,charge,4,,4.199490357046566,4.214638081383685,3.4820159350171007,0.4605810915035159,1.4941953973715036,0.0003483989327817,6.27526016076628,8.775487596967912,4.111647670733155,4.663839926234757,0.7326221463665838,1.493846998438722,,4,,,-0.3676520147901204,0,0.0011348006,0
B0047,44,discharge,4,1.3251533367939783,3.4273855541261478,4.196227134476293,2.472852533936716,-0.9400482502771172,0.000409703822772,-0.9979036135281564,8.303021352537922,11.234017863419322,4.784737147270536,6.4492807161487855,1.7233746005395774,0.9983133173509284,1.3251533367939785,4,,,-1.0444621177710738,0,0.0055328025,0
B0047,45,impedance,24,,,,,,,,,,,,,,,24,,,0.27915632115821,0,7.6406475e-05,0
B0047,46,charge,4,,4.204909593983731,4.214698361019494,3.674660353290736,0.4535761631204663,1.4936935061835013,-0.0004379859485158,6.07211429174397,8.527927995096366,3.948708524607122,4.579219470489244,0.5400380077287581,1.4941314921320172,,4,,,-0.3740583656940042,0,0.00061668543,0
B0047,47,impedance,24,,,,,,,,,,,,,,,24,,,0.27915632115821,0,7.6406475e-05,0
B0047,48,discharge,4,1.3111943869635805,3.4184685184601045,4.176260352394772,2.4822189935935484,-0.9371553622323054,0.0020782269682447,-0.9983031482652808,8.32601397527908,11.729632241368254,5.473663110232025,6.255969131136229,1.6940413588012238,1.000381375233525,1.3111943869635805,4,,,-1.0488581580636729,0,0.0051948046,0
B0047,49,charge,4,,4.200687492197155,4.214551167502196,3.509834418852413,0.4526769344869139,1.4930387621896184,-0.002252396247951,6.207997563153254,9.25658691248093,4.0929721509161245,5.163614761564806,0.7047167486497834,1.4952911584375694,,4,,,-0.3711758671614683,0,0.0011403626,0
B0047,50,discharge,4,0,3.650724657383404,4.195583212031605,3.452630071948054,-0.9839651386620408,-0.0006654219607429,-0.9986297932484944,7.192903163731922,8.565277404002732,4.883778524929352,3.68149887907338,0.742953140083551,0.9979643712877516,0.0,4,,,-0.9521756582123776,0,0.0023320285,0
B0047,51,charge,4,,4.20790150879879,4.21463256233266,3.74123793809573,0.2360567145674879,1.4928240697083386,-0.0053626359521254,5.637368513245537,8.229513715800891,3.821918401849957,4.407595313950935,0.4733946242369304,1.498186705660464,,4,,,-0.4299910255945388,0,0.00047305445,0
B0047,52,discharge,4,1.3394234405932892,3.4156755122328164,4.199835388165491,2.481264290061195,-0.9234823229846594,0.0006870764093463,-0.9989433150461876,8.388106987601862,12.186162994585318,4.748318446282868,7.437844548302451,1.718571098104296,0.999630391455534,1.3394234405932892,4,,,-1.0455732067970682,0,0.0061480985,0
B0047,53,charge,4,,4.201675684962224,4.2146089830476,3.5407699946375897,0.4448613754713748,1.493224506718615,-0.000638955717795,6.134010914344963,8.682117686665979,3.8717700782404463,4.810347608425532,0.6738389884100102,1.49386346243641,,4,,,-0.3751111749876996,0,0.0008827723,0
B0047,54,discharge,4,1.2849157142560723,3.4189443106786306,4.195847527614419,2.487540187711501,-0.9304720950574632,0.0002855601188947,-0.9988068791837494,8.304841644444155,11.147409475641334,5.506502298082729,5.640907177558605,1.7083073399029185,0.9990924393026442,1.2849157142560723,4,,,-1.0482479210988858,0,0.0050561866,0
B0047,55,charge,4,,4.201116653934024,4.2145701138882,3.5371499312633867,0.4412040962296821,1.4921146576500417,-0.0007036243743474,6.2541368729785685,8.807432989820063,4.099798705014385,4.707634284805677,0.6774201826248127,1.492818282024389,,4,,,-0.3709772037381206,0,0.0008789959,0
B0047,56,discharge,4,1.281719159327807,3.414783557486352,4.195387366763826,2.4907582384317,-0.9322821459755778,0.0006728455289218,-0.9985415333431112,8.319029412369582,11.681014963080823,5.165891185911349,6.5151237771694746,1.7046291283321255,0.999214378872033,1.281719159327807,4,,,-1.0507202820336776,0,0.005138927,0
B0047,57,impedance,24,,,,,,,,,,,,,,,24,,,0.27915632115821,0,7.6406475e-05,0
B0047,58,charge,4,,4.205978517025572,4.214594542819639,3.69657062329643,0.434990885455992,1.4924555898866,-0.0029464204860847,6.056088458175721,8.672791913113644,4.128589540688605,4.544202372425039,0.518023919523209,1.4954020103726848,,4,,,-0.3773908302035496,0,0.00056822266,0
B0047,59,impedance,24,,,,,,,,,,,,,,,24,,,0.27915632115821,0,7.6406475e-05,0
B0047,60,discharge,4,1.2600051642942829,3.409591730169167,4.174064296873529,2.493163832069928,-0.9267897523084676,-0.0001800606767888,-0.9978750591581058,8.40175592495139,11.29683746494969,5.265209753192886,6.031627711756803,1.6809004648036012,0.9976949984813168,1.2600051642942829,4,,,-1.0496124545045218,0,0.0046404116,0
B0047,61,charge,4,,4.202742782656665,4.214642305113975,3.551888941324372,0.4349089878885845,1.4929349540993282,-0.0009561434739249,6.210243729854372,8.749810595907697,4.173491088834113,4.576319507073584,0.6627533637896033,1.4938910975732531,,4,,,-0.3729221840360354,0,0.00080920476,0
B0047,62,discharge,4,1.266070385993126,3.4076452403509663,4.194958886516552,2.479240941037315,-0.9316504925123938,0.0003758094009547,-0.999192550425453,8.395347720509115,11.88239860330653,5.042763463669986,6.8396351396365445,1.7157179454792364,0.9995683598264076,1.266070385993126,4,,,-1.0520537123615534,0,0.005283975,0
B0047,63,charge,4,,4.201912739780461,4.214654888738114,3.536060969252397,0.4329879804698602,1.4932260701942035,-0.0012292353624415,6.182640696176797,8.66228512118762,3.971447736247994,4.690837384939627,0.6785939194857167,1.4944553055566454,,4,,,-0.3750049292455464,0,0.0008746992,0
B0047,64,discharge,4,1.2413590294280803,3.407201115194828,4.194794488425212,2.4915265338912347,-0.9255669375549472,0.0004578109728141,-0.9986749467627316,8.419292173692186,11.79170575767619,5.772401422548551,6.019304335127639,1.7032679545339775,0.9991327577355458,1.2413590294280803,4,,,-1.0502215165994937,0,0.0047161505,0
B0047,65,charge,4,,4.202580692565229,4.214572969040827,3.5593034291230428,0.4269148375399343,1.4931244953928722,0.0011130620351753,6.136272149551929,9.019728113451215,3.8808930257906495,5.138835087660567,0.6552695399177839,1.4920114333576968,,4,,,-0.377650926748605,0,0.00094672234,0
B0047,66,discharge,4,1.2298873703485311,3.402851724115477,4.194210512385239,2.495727313119633,-0.9273633082574368,0.0023220081628674,-0.9974120790687706,8.293327119939335,11.72661603963688,4.5960098938546174,7.130606145782261,1.6984831992656062,0.999734087231638,1.2298873703485311,4,,,-1.058841005182776,0,0.0049265022,0
B0047,67,charge,4,,4.203217812606892,4.214585091371196,3.5604378520717828,0.4228666013470354,1.492534241760627,-6.99447754701146e-05,6.141501528808663,9.116016163768313,4.011640578029577,5.104375585738734,0.6541472392994128,1.4926041865360973,,4,,,-0.3777341815505191,0,0.00092989363,0
B0047,68,discharge,4,1.228088614506696,3.398740761774466,4.19378669081209,2.4979742120513757,-0.9267828902753352,-2.2621404575421425e-05,-1.0012611494596309,8.49190236531868,12.464631760563272,4.152158421868814,8.312473338694458,1.6958124787607152,1.0012385280550555,1.228088614506696,4,,,-1.052923167202595,0,0.0049923784,0
B0047,69,impedance,24,,,,,,,,,,,,,,,24,,,0.27915632115821,0,7.6406475e-05,0
B0047,70,charge,4,,4.206994473886876,4.214660561700371,3.7064735323799463,0.4184424376066384,1.4929560482485842,-0.005020685826596,5.997352917884704,8.576939986227508,3.826451623204598,4.75048836302291,0.5081870293204243,1.4979767340751802,,4,,,-0.3822269987649253,0,0.00065947097,0
B0047,71,impedance,24,,,,,,,,,,,,,,,24,,,0.27915632115821,0,7.6406475e-05,0
B0047,72,discharge,4,1.2139857189070042,3.3945066004903923,4.1718864589662426,2.495109477398993,-0.9236824517720292,0.0014853973830615,-0.9975908962365796,8.437149776270967,11.863547747838409,5.196024953575391,6.667522794263016,1.6767769815672495,0.9990762936196412,1.2139857189070042,4,,,-1.05752211128951,0,0.004534166,0
B0047,73,charge,4,,4.204168206769557,4.214661334272259,3.568231633793463,0.4202240581724371,1.4931912990243612,-0.000268764315908,6.143440569877446,9.125952057926662,3.932651595965748,5.193300461960915,0.6464297004787962,1.4934600633402693,,4,,,-0.3774978877952991,0,0.0009537004,0
B0047,74,discharge,4,1.2173435064564189,3.39192930556013,4.19388971043665,2.4851956352139384,-0.9289085100178416,0.0007789005366947,-0.9986484518139436,8.429621946088576,12.460832791038596,4.936935040317449,7.523897750721147,1.708694075222712,0.9994273523506384,1.2173435064564189,4,,,-1.0604951835164953,0,0.004913439,0
B0047,75,charge,4,,4.204667229142807,4.21457263692493,3.557399004729644,0.4175325417433043,1.4931655490200435,-0.0030342343232413,6.137450498889958,8.913521508673037,4.131102024670367,4.782419484002671,0.6571736321952861,1.4961997833432852,,4,,,-0.3779102297219417,0,0.0008242656,0
B0047,76,discharge,4,1.2073445944515917,3.39128980672992,4.193873318394839,2.4873308484835266,-0.9282275865985666,0.0029531309094374,-0.9987472813404836,8.46306110156025,12.213639136225725,5.369516146499022,6.844122989726703,1.706542469911312,1.001700412249921,1.2073445944515917,4,,,-1.0593585284567697,0,0.0047687,0
B0047,77,charge,4,,4.204367360369479,4.214786310438303,3.556230600803466,0.4144175704363852,1.4929111274416715,-0.000192060927393,6.169863059975235,8.992670910674468,4.138117663438271,4.854553247236197,0.6585557096348369,1.4931031883690646,,4,,,-0.3772772839141612,0,0.0008567955,0
B0047,78,discharge,4,1.18804049227045,3.3932667889977317,4.193344395761288,2.488620645344286,-0.9244391789678552,-0.0005256589834506,-0.9988826270225112,8.459204966688853,11.534784991217848,5.50575258850288,6.029032402714968,1.7047237504170014,0.9983569680390606,1.18804049227045,4,,,-1.0575316786191618,0,0.0043514716,0
B0047,79,charge,4,,4.204504370872263,4.214644221641322,3.574766248146386,0.409594488647335,1.4947935702588684,-0.0050357639634359,6.186961067003751,8.976466972713451,4.136500124947067,4.839966847766385,0.639877973494936,1.4998293342223044,,4,,,-0.3773213231459076,0,0.00077969796,0
B0047,80,discharge,4,1.186304749886542,3.3838600818009588,4.19356398488292,2.476969143594387,-0.9270544586298616,0.003935485078097,-0.9976143324063644,8.493224799915222,12.42977502748968,5.006658336012915,7.423116691476764,1.7165948412885332,1.0015498174844617,1.186304749886542,4,,,-1.0627713392953086,0,0.0046801376,0
B0047,81,impedance,24,,,,,,,,,,,,,,,24,,,0.27915632115821,0,7.6406475e-05,0
B0047,82,charge,4,,4.207446252928076,4.214680953713717,3.711980106183482,0.4053218282497912,1.4932912716505855,-0.0023761348514345,6.077535332475139,8.403683675857872,4.0310852383324605,4.372598437525411,0.5027008475302353,1.49566740650202,,4,,,-0.3808471171421111,0,0.00047452396,0
B0047,83,impedance,24,,,,,,,,,,,,,,,24,,,0.27915632115821,0,7.6406475e-05,0
B0047,84,discharge,4,1.2613935471028506,3.3866520851320576,4.142510591712848,2.4790054948940434,-0.9460868598841972,0.0013319223708717,-0.9986321522662404,8.466232868159803,12.428323073625249,4.680181437078328,7.74814163654692,1.6635050968188048,0.9999640746371122,1.2613935471028506,4,,,-1.0655145653610574,0,0.0050406144,0
B0047,85,impedance,24,,,,,,,,,,,,,,,24,,,0.27915632115821,0,7.6406475e-05,0
B0047,86,charge,4,,4.206037628675572,4.214604710716007,3.682037020804139,0.4392978619049421,1.494191444296097,0.0014544240106403,6.214979525051872,8.788041070938254,4.387267717357812,4.400773353580442,0.5325676899118683,1.4927370202854566,,4,,,-0.3697448424342002,0,0.0005395859,0
B0047,87,impedance,24,,,,,,,,,,,,,,,24,,,0.27915632115821,0,7.6406475e-05,0
B0047,88,discharge,4,1.2648246158850653,3.402095154295076,4.174381011699289,2.479600589435018,-0.935687160235108,-0.0002233441842078,-0.9975353876339268,8.553128334903379,12.48741336421358,5.460927246338855,7.026486117874724,1.6947804222642708,0.9973120434497188,1.2648246158850651,4,,,-1.0496752905109663,0,0.005199204,0
B0047,89,charge,4,,4.203138999754099,4.214658771411199,3.5188091756378754,0.4356585917615765,1.4934328599672748,-0.0028592648648226,6.25424790528249,8.996273749783748,4.029372273889745,4.966901475894003,0.6958495957733235,1.4962921248320975,,4,,,-0.3706329979041517,0,0.0010030201,0
B0047,90,discharge,4,1.2466494548982199,3.404625504614091,4.194961577545829,2.46837363838224,-0.9401469539731848,0.0012695281459834,-1.0005201322759871,8.342818484380935,11.343734065329729,5.708474303182395,5.635259762147334,1.726587939163589,1.0017896604219705,1.24664945489822,4,,,-1.0578440401387976,0,0.0049136365,0
B0047,91,charge,4,,4.203170749305455,4.21461278171805,3.520841229857325,0.4218901947759101,1.49372787952396,-0.0012938704634092,6.153767266905195,8.968773510126884,3.793037545606533,5.17573596452035,0.693771551860725,1.4950217499873693,,4,,,-0.3774141741022545,0,0.0010929585,0
B0047,92,discharge,4,1.2333924152795082,3.3977378433240317,4.194728577808066,2.497016493627855,-0.9395699773936356,-0.0009374158672241,-0.9990584594637684,8.481468325698998,12.641653349352346,5.230194273505954,7.411459075846392,1.697712084180211,0.9981210435965444,1.2333924152795082,4,,,-1.0563419090259183,0,0.0049744924,0
B0047,93,charge,4,,4.203630851563333,4.214576206595941,3.523514947035028,0.4234660835614204,1.4952289009920054,0.0012327323323197,6.281815961969939,9.068457233547,4.159104343118925,4.909352890428075,0.6910612595609131,1.4939961686596857,,4,,,-0.3713209032000525,0,0.0009639788,0
B0047,94,discharge,4,1.2129250072037692,3.39454078926717,4.194123941573546,2.4751740867556524,-0.9358360923749524,0.0003264313426998,-0.9979572313546616,8.425193812256257,11.969937687736325,4.945143641793303,7.02479404594302,1.7189498548178932,0.9982836626973616,1.2129250072037692,4,,,-1.060205127002371,0,0.0048968354,0
B0047,95,charge,4,,4.203986330280333,4.214859623273995,3.538949245081904,0.4170090691373015,1.4935720170515892,-0.0031017379099065,6.263763451563647,9.600388701677394,4.265182045670313,5.335206656007081,0.6759103781920905,1.4966737549614957,,4,,,-0.3730258875544451,0,0.0011007867,0
B0047,96,discharge,4,1.1999106597943647,3.397135252361952,4.194413177433493,2.499811739255094,-0.9347239037948782,0.0005256253294342,-0.9985176632293312,8.471726206300676,11.438399477589398,5.685535074662302,5.752864402927096,1.694601438178399,0.9990432885587656,1.1999106597943647,4,,,-1.056285892934168,0,0.0043828995,0
B0047,97,impedance,24,,,,,,,,,,,,,,,24,,,0.27915632115821,0,7.6406475e-05,0
B0047,98,charge,4,,4.207435158926691,4.214633379872605,3.710719641802192,0.4095500330776799,1.4930145065478972,-0.0024783149261519,6.161638305944064,8.576341354197764,4.287030262464928,4.289311091732836,0.5039137380704126,1.4954928214740493,,4,,,-0.3764766986079028,0,0.0004428861,0
B0047,99,impedance,24,,,,,,,,,,,,,,,24,,,0.27915632115821,0,7.6406475e-05,0
B0047,100,discharge,4,1.1902559038393383,3.384557786350807,4.172002506353698,2.494550023378076,-0.9317054169779714,0.0001590290103144,-0.9982543809866457,8.510483818712029,12.144441411939049,4.804809639171537,7.339631772767512,1.6774524829756214,0.99841340999696,1.1902559038393383,4,,,-1.0624060482843072,0,0.004451934,0
B0047,101,charge,4,,4.204698328773422,4.21457958129837,3.555737462507762,0.4117439928891505,1.4932056889974332,-0.0019707983025878,6.232245784277484,9.684286179234707,4.189791111939149,5.494495067295558,0.658842118790608,1.495176487300021,,4,,,-0.3748586053138345,0,0.0011661088,0
B0047,102,discharge,4,1.1892563795455853,3.38207924956575,4.194068049662567,2.477337702429082,-0.9431234654151266,0.0011454341439629,-1.0001312935854785,8.530222967717657,12.67224284322037,5.503640579819108,7.168602263401263,1.7167303472334852,1.0012767277294412,1.1892563795455853,4,,,-1.065258230215158,0,0.0046983804,0
B0047,103,charge,4,,4.204367303680974,4.214579040839543,3.524632065284019,0.4087170072204892,1.493185884957485,-0.0003293088634044,6.173880396365787,9.050797354590737,3.895938470818916,5.154858883771819,0.6899469755555239,1.4935151938208897,,4,,,-0.3781326377049601,0,0.0010688991,0
B0047,104,discharge,4,1.167069685125939,3.3808097620789024,4.193464344236471,2.478325379623597,-0.936452141533906,-0.0007026344439326,-0.9979392762794396,8.420605358837513,11.984785271459067,4.838263185416672,7.146522086042396,1.715138964612874,0.997236641835507,1.167069685125939,4,,,-1.0696080488642437,0,0.0045155166,0
B0047,105,charge,4,,4.204275467629636,4.2145673887334905,3.5509134579297763,0.4036908682874204,1.4927987429110907,-0.000377840412432,6.197936764800582,9.672640844666988,4.091128619702883,5.581512224964105,0.6636539308037142,1.4931765833235229,,4,,,-0.3780657546737282,0,0.0012598762,0
B0047,106,discharge,4,1.1615348403090369,3.382026759648077,4.192797311893991,2.494831087986124,-0.9330135422416264,-0.0002550438571568,-0.999100265494274,8.51215713252602,12.101959002780742,4.344075258493417,7.757883744287325,1.697966223907867,0.9988452216371172,1.1615348403090369,4,,,-1.0642464146175543,0,0.004306548,0
B0047,107,charge,4,,4.204794193389337,4.214590125883356,3.562275118115322,0.4003799802682961,1.4934453960443153,0.0002118628969164,6.177861019167903,9.672917525535627,4.056645749565438,5.61627177597019,0.6523150077680335,1.493233533147399,,4,,,-0.3791822313605534,0,0.0012532733,0
B0047,108,discharge,4,1.1555563844349988,3.376424700878435,4.193468094113346,2.495678140540268,-0.9354455085688508,-0.0005101948291866,-1.0171989370447034,8.54602737861718,12.396974763839234,4.959571710692188,7.437403053147046,1.697789953573078,1.0166887422155166,1.1555563844349988,4,,,-1.0669394831118293,0,0.004346566,0
B0047,109,impedance,24,,,,,,,,,,,,,,,24,,,0.27915632115821,0,7.6406475e-05,0
B0047,110,charge,4,,4.207763160123213,4.214581891414263,3.714882420696893,0.3957217678777699,1.494160174123226,0.0017067807726483,6.052272625093543,8.275505407411664,3.958209272116884,4.3172961352947805,0.4996994707173701,1.4924533933505777,,4,,,-0.3834543874413072,0,0.00045731445,0
B0047,111,impedance,24,,,,,,,,,,,,,,,24,,,0.27915632115821,0,7.6406475e-05,0
B0047,112,discharge,4,1.1488524666097713,3.3729563491800936,4.16991637056524,2.4729308126474736,-0.9350017140200774,9.016949599716491e-05,-0.9986136164374132,8.4485741292899,11.455115215105929,5.147446794368618,6.30766842073731,1.696985557917766,0.9987037859334104,1.1488524666097713,4,,,-1.0733458297585887,0,0.0040467926,0
B0047,113,charge,4,,4.204663022683801,4.2145517633940734,3.5560540796088107,0.3944938251009059,1.492740043550444,-0.0001138451166991,6.1797729359692415,9.244232741743328,4.073747372965692,5.170485368777636,0.6584976837852627,1.492853888667143,,4,,,-0.3802483997985744,0,0.00096399843,0
B0047,114,discharge,4,1.143572986788779,3.37864248825242,4.192396921446495,2.494578415325497,-0.9345624675488318,-0.0006963540586541,-0.9974310644719284,8.334392904335672,11.39345446641458,3.936045741298076,7.457408725116505,1.6978185061209978,0.9967347104132742,1.143572986788779,4,,,-1.0744086998431657,0,0.0041936547,0
B0047,115,charge,4,,4.204118743898251,4.214703303442004,3.5679205790594613,0.3938139126759178,1.4925936525840984,0.0053726364327663,6.103318574823602,8.98886237250283,3.967664847702728,5.021197524800102,0.6467827243825428,1.487221016151332,,4,,,-0.3840179988373906,0,0.0009036309,0
B0047,116,discharge,4,1.1418015379428537,3.370172138170829,4.192623205881946,2.492546798627854,-0.940582322918386,-0.0005629866234787,-0.9979515372361276,8.548983420432004,12.6352725981059,5.565824291195301,7.069448306910599,1.7000764072540924,0.997388550612649,1.1418015379428537,4,,,-1.0718800695839303,0,0.0042439755,0
B0047,117,charge,4,,4.20472704038015,4.214617223521037,3.547229739948053,0.3939139927877681,1.4932728716525796,-0.0016698657994756,6.162003682485233,8.764404412635383,4.12041137796699,4.643993034668393,0.6673874835729836,1.4949427374520552,,4,,,-0.3810743966642521,0,0.000830372,0
B0047,118,discharge,4,1.136058647502255,3.367920943746027,4.1933895299679325,2.4752083843332136,-0.940166082376245,-0.0001304300695554,-0.9976588428393416,8.545644001542279,12.45444631401429,5.14557045285502,7.30887586115927,1.718181145634719,0.997528412769786,1.136058647502255,4,,,-1.0734396089464926,0,0.0043099644,0
B0047,119,charge,4,,4.204572560055919,4.214638232108705,3.5469616361849683,0.3911627063711972,1.4928102335643578,-0.0002383186344791,6.139935537789659,10.248920981212065,4.044510971831953,6.204410009380109,0.6676765959237363,1.493048552198837,,4,,,-0.3826214941396278,0,0.0018727958,0
B0047,120,discharge,4,1.1236364680969286,3.3731133787458685,4.192510832064287,2.4974098896142385,-0.9385550163357156,0.0011662045367734,-0.9980113940759702,8.530684068571668,12.18400994607025,4.688571374253996,7.495438571816253,1.6951009424500487,0.9991775986127436,1.1236364680969286,4,,,-1.0703530018563443,0,0.0039951233,0
B0047,121,impedance,24,,,,,,,,,,,,,,,24,,,0.27915632115821,0,7.6406475e-05,0
B0047,122,charge,4,,4.20767761396186,4.214580384882155,3.718222966703296,0.3844244564720974,1.492177456697388,-0.0020462600677756,5.958012668187539,8.050593138909571,3.8796871816380585,4.170905957271513,0.4963574181788588,1.4942237167651635,,4,,,-0.3896002276263473,0,0.00039291644,0
B0047,123,impedance,24,,,,,,,,,,,,,,,24,,,0.27915632115821,0,7.6406475e-05,0
B0047,124,discharge,4,1.1320498900328944,3.357068473489348,4.1689267149519535,2.470530852621601,-0.9458548848985764,0.0009573267451609,-0.9999712649338626,8.5880890540764,12.849012968534735,5.497525279278245,7.3514876892564915,1.6983958623303526,1.0009285916790236,1.1320498900328944,4,,,-1.0798289463104331,0,0.004131798,0
B0047,125,charge,4,,4.204815660377147,4.214635203526074,3.5228374603316124,0.3926419117293033,1.4929415217399675,-0.0009121197619024,6.1876868228180575,9.051801996945862,4.146140012050171,4.905661984895692,0.6917977431944613,1.49385364150187,,4,,,-0.3801410765883786,0,0.00096674834,0
B0047,126,discharge,4,1.1170101762158153,3.3691516897861757,4.191753022543457,2.4800604125308974,-0.9389122330771016,0.0006540065615606,-0.9974683513415104,8.520717953543993,11.44307926801482,5.347061693193263,6.096017574821557,1.7116926100125598,0.998122357903071,1.117010176215815,4,,,-1.0734698054516605,0,0.0038149338,0
B0047,127,charge,4,,4.205053049520213,4.2147703930516265,3.556490166703761,0.3862489147687039,1.4934206861450228,0.000623293559691,6.165450652648644,9.434354469842534,3.986126402847228,5.448228066995306,0.6582802263478653,1.4927973925853315,,4,,,-0.3820925717533072,0,0.0011347309,0
B0047,128,discharge,4,1.120043039721982,3.3578225461504885,4.192116566565046,2.482310382215253,-0.948386177478966,-1.817718980463965e-05,-0.998613125908309,8.509426489984776,12.895633770945397,5.123903583463241,7.771730187482156,1.7098061843497931,0.9985949487185044,1.120043039721982,4,,,-1.0831673870629843,0,0.003998386,0
B0047,129,charge,4,,4.205041577039904,4.2146098534342125,3.5248733981838285,0.3863055296713045,1.4927411692876775,-0.0012578481026771,6.181352215855617,8.999904872354442,4.0503800694247785,4.949524802929664,0.689736455250384,1.493999017390355,,4,,,-0.3814064112974975,0,0.00097298465,0
B0047,130,discharge,4,1.1059773445917063,3.3676285575809373,4.192241727517348,2.499914991218416,-0.9414049088928778,0.0001232987348393,-1.000314056557349,8.454153696786289,11.573902587010837,4.609747972453439,6.964154614557396,1.6923267362989316,1.0004373552921884,1.1059773445917065,4,,,-1.077789500901193,0,0.0038919535,0
B0047,131,charge,4,,4.205614733105979,4.214577439418869,3.5577803633143303,0.3815626368082575,1.4933994104329364,-0.001704159002839,6.131611601924141,9.182460296652252,3.855470395984224,5.326989900668028,0.6567970761045383,1.4951035694357755,,4,,,-0.3840202594061955,0,0.001040075,0
B0047,132,discharge,4,0,3.449492446913663,4.192932934065261,2.994695135525109,-0.9867055393374604,0.0006034365319518,-0.9976532128149662,8.047459499367323,10.553052640742196,5.370074531227729,5.182978109514465,1.1982377985401511,0.998256649346918,0.0,4,,,-1.0492194414301246,0,0.0058947005,0
B0047,133,impedance,24,,,,,,,,,,,,,,,24,,,0.27915632115821,0,7.6406475e-05,0
B0047,134,charge,4,,4.209217970592571,4.214849038761572,3.750737506913408,0.3360390276148052,1.4924872541241392,0.0007153222449235,5.951243456342401,8.087782069116129,4.105297754503948,3.982484314612181,0.4641115318481636,1.4917719318792155,,4,,,-0.3975965230458491,0,0.0002981878,0
B0047,135,impedance,24,,,,,,,,,,,,,,,24,,,0.27915632115821,0,7.6406475e-05,0
B0047,136,discharge,4,1.1907902374762016,3.372493003925355,4.151696493245396,2.47468810834507,-0.9331169601303768,-0.0003665730682483,-0.9989815716960124,8.476574571858773,11.984288635557064,3.882513023508471,8.101775612048593,1.677008384900326,0.998614998627764,1.1907902374762016,4,,,-1.0721091997712355,0,0.004447723,0
B0047,137,impedance,24,,,,,,,,,,,,,,,24,,,0.27915632115821,0,7.6406475e-05,0
B0047,138,charge,4,,4.207338855887127,4.214660533286898,3.70725869666796,0.4108151593496313,1.4952694870421182,-0.0011707306544911,6.161768674885032,8.597670678653154,3.980460783301465,4.61720989535169,0.5074018366189375,1.4964402176966094,,4,,,-0.3763067341495117,0,0.0005902202,0
B0047,139,impedance,24,,,,,,,,,,,,,,,24,,,0.27915632115821,0,7.6406475e-05,0
B0047,140,discharge,4,1.2012387088454022,3.382136756328252,4.173641970261601,2.4936019875098454,-0.9478477265636572,0.0003730164611296,-0.997917941666946,8.567006275916873,12.836265571184011,5.389667102986422,7.446598468197589,1.6800399827517554,0.9982909581280758,1.2012387088454022,4,,,-1.0644909086362513,0,0.0045627467,0
B0047,141,charge,4,,4.203981854664121,4.214635838086644,3.505567868383663,0.4120912013715052,1.4935247581929223,-0.0010958101895084,6.300888286646537,9.23195987630668,3.857915380783469,5.37404449552321,0.7090679697029811,1.4946205683824307,,4,,,-0.3723198522054324,0,0.0012813344,0
B0047,142,discharge,4,1.1906909549024802,3.383822718764627,4.194390827243979,2.4794043785439617,-0.9564435237852028,0.0001344520751564,-0.9980570526982784,8.607327084258758,12.655987301395294,5.650047278870985,7.005940022524309,1.7149864487000177,0.9981915047734348,1.1906909549024802,4,,,-1.0631911047714029,0,0.004693906,0
B0047,143,charge,4,,4.203712316563817,4.214689689274064,3.476136600153916,0.4076340489564569,1.4939858978569642,0.0020858243166861,6.34246249083163,9.283964087662714,4.269020058126563,5.01494402953615,0.7385530891201473,1.491900073540278,,4,,,-0.371515033208152,0,0.0012815732,0
B0047,144,discharge,4,1.1764375730308343,3.3860339727551585,4.194161811786053,2.495823360233662,-0.9528668500629852,0.0018437228242266,-1.0010833967174453,8.707959029152644,12.20963360823446,5.763668242393892,6.445965365840569,1.6983384515523907,1.002927119541672,1.1764375730308343,4,,,-1.0567557137332413,0,0.004329196,0
B0047,145,charge,4,,4.203623701422696,4.214550873908813,3.50093500661594,0.4032484609460148,1.4929531997324303,-0.0006033222913971,6.519920784198943,9.913959079053493,4.612738598169368,5.301220480884125,0.713615867292873,1.4935565220238274,,4,,,-0.3647363209873867,0,0.001265522,0
B0047,146,discharge,4,1.1628110372792353,3.384139592385293,4.194190653204952,2.4834980820953168,-0.9523529313575728,-0.0004384389125333,-0.9969202436286994,9.003534328496398,12.780134013784457,5.695680582397816,7.084453431386639,1.7106925711096357,0.996481804716166,1.1628110372792353,4,,,-1.0452120661927171,0,0.004456056,0
B0047,147,charge,4,,4.203644585648087,4.214584176739055,3.4997967437734965,0.4013851192816491,1.4942202985915465,-0.0008444220552414,6.685385595686235,11.008944870597244,4.815616337550427,6.193328533046818,0.7147874329655584,1.4950647206467875,,4,,,-0.357945791288397,0,0.002050784,0
B0047,148,discharge,4,1.1516152840582585,3.382777180161617,4.194292935889806,2.4920392941768497,-0.9518066439769568,-0.0004484848166033,-0.997543073671386,9.02852617906244,12.658108002877777,5.446015893467767,7.212092109410009,1.702253641712956,0.9970945888547824,1.1516152840582583,4,,,-1.0449416223742662,0,0.0043210736,0
B0047,149,impedance,24,,,,,,,,,,,,,,,24,,,0.27915632115821,0,7.6406475e-05,0
B0047,150,charge,4,,4.207715020355373,4.214609316114728,3.713217388566654,0.3942386493471108,1.493090546000969,-0.0010751606500803,6.471483297343151,8.769234212566106,4.893465016360478,3.875769196205628,0.5013919275480734,1.494165706651049,,4,,,-0.3657334096740364,0,0.000340864,0
B0047,151,impedance,24,,,,,,,,,,,,,,,24,,,0.27915632115821,0,7.6406475e-05,0
B0047,152,discharge,4,1.1583673498348623,3.364536091766799,4.146356741131726,2.488243242390158,-0.9517057744990748,0.00052949767458,-0.9975286494682144,9.027729535660669,13.24936801902594,5.821681060954946,7.427686958070993,1.6581134987415678,0.9980581471427944,1.1583673498348623,4,,,-1.057039450018389,0,0.004007517,0
B0047,153,impedance,24,,,,,,,,,,,,,,,24,,,0.27915632115821,0,7.6406475e-05,0
B0047,154,charge,4,,4.207768529758282,4.214666761282902,3.71027320107826,0.4014493829496118,1.492669439116307,0.0015107396912586,6.459661963696386,8.64547621512964,4.845896284485196,3.7995799306444447,0.5043935602046421,1.491158699425048,,4,,,-0.3649057817165994,0,0.00035236918,0
B0047,155,impedance,24,,,,,,,,,,,,,,,24,,,0.27915632115821,0,7.6406475e-05,0
B0047,156,discharge,4,1.1692285288386206,3.378760315037,4.172368631167838,2.498187334581169,-0.9457722537487264,0.0003941574290999,-1.006932903094604,9.071608131387514,13.102537521023756,5.850291159286313,7.252246361737442,1.6741812965866685,1.007327060523704,1.1692285288386206,4,,,-1.0446620050739657,0,0.0042769783,0
B0047,157,charge,4,,4.204115626382852,4.214550944946678,3.5204163624001654,0.4025764996873849,1.4930772391697833,-6.881838712065074e-05,6.611256213114639,9.67007840304718,4.847306454888882,4.822771948158298,0.6941345825465128,1.493146057556904,,4,,,-0.3606055048217162,0,0.00095453305,0
B0047,158,discharge,4,1.1588148476218465,3.38042492580436,4.193697451503613,2.4982213366801296,-0.9517682668620396,7.08459253948992e-05,-0.9983451614477944,9.050284055951,13.019156020970016,5.813454944381435,7.205701076588582,1.6954761148234838,0.9984160073731894,1.1588148476218465,4,,,-1.0455573992023677,0,0.004331607,0
B0047,159,charge,4,,4.203607285270917,4.21458337069979,3.5085848009876472,0.3977050242777862,1.4930628052046957,0.0023046934590514,6.617375950755113,10.025147602426648,4.863474543810304,5.161673058616344,0.7059985697121429,1.490758111745644,,4,,,-0.3615576275127465,0,0.0011606106,0
B0047,160,discharge,4,1.1439588147705457,3.3757552328187086,4.193432136090228,2.4715997205282143,-0.9577750037054298,0.000615167333268,-0.9976242692758268,8.986064263951343,12.612257184300963,5.570068309383535,7.042188874917429,1.7218324155620133,0.998239436609095,1.1439588147705455,4,,,-1.0524941082717831,0,0.004382108,0
B0047,161,charge,4,,4.203686496982892,4.214661268684299,3.488531214297682,0.3947859467039345,1.493950771844595,-0.0020233072292916,6.638917985005954,11.02689513361178,4.797648347463984,6.2292467861477965,0.7261300543866174,1.495974079073887,,4,,,-0.3611055596294252,0,0.0021206294,0
B0047,162,discharge,4,1.1383941068159398,3.374465176072899,4.193707973256604,2.4972991957929973,-0.9541869981546398,-0.0003321210116835,-0.99985435313252,9.036875447987502,12.968805846071126,5.966721242217489,7.002084603853636,1.6964087774636067,0.9995222321208366,1.1383941068159398,4,,,-1.050517336867205,0,0.0042057405,0
B0047,163,charge,4,,4.204300191671364,4.214632459730522,3.506322687438578,0.3911574810921054,1.494215410478124,0.0007124391726178,6.620432456425521,11.272328278958131,4.845233656109144,6.427094622848989,0.708309772291944,1.493502971305506,,4,,,-0.3621480472991861,0,0.002166803,0
B0047,164,discharge,4,0,3.628707731152901,4.193728328919069,3.427057522273196,-0.979203566480338,0.0007510084712899,-0.9971825301175916,7.698431744424151,9.05446951177611,5.299836944616897,3.754632567159214,0.7666708066458736,0.9979335385888816,0.0,4,,,-0.9441688312461748,0,0.002470753,0
B0047,165,impedance,24,,,,,,,,,,,,,,,24,,,0.27915632115821,0,7.6406475e-05,0
B0047,166,charge,4,,4.210137152702504,4.221369508756089,3.849043592875897,0.1974650504200389,1.484617750685558,-0.002988106970569,5.94521986066383,7.90509798766143,4.796265275012873,3.1088327126485567,0.3723259158801917,1.487605857656127,,4,,,-0.4222362778109775,0,4.6549223e-05,0
B0047,167,impedance,24,,,,,,,,,,,,,,,24,,,0.27915632115821,0,7.6406475e-05,0
B0047,168,discharge,4,1.2213102850395667,3.385080798978957,4.166980224197571,2.475863858583421,-0.9269695970852068,-3.813511310859022e-06,-0.9974759876799106,9.095394308322597,13.123905320087225,5.917626432694945,7.20627888739228,1.69111636561415,0.9974721741685998,1.2213102850395667,4,,,-1.036062463249653,0,0.0048050885,0
B0047,169,impedance,24,,,,,,,,,,,,,,,24,,,0.27915632115821,0,7.6406475e-05,0
B0047,170,charge,4,,4.207273394827042,4.214598784429671,3.706368522556952,0.4111298417467497,1.493162582616388,0.0005635404617122,6.477533347727088,8.855451661928804,4.805787881504319,4.049663780424485,0.5082302618727192,1.4925990421546758,,4,,,-0.362719785612411,0,0.00038895462,0
B0047,171,impedance,24,,,,,,,,,,,,,,,24,,,0.27915632115821,0,7.6406475e-05,0
B0047,172,discharge,4,1.2031062978889062,3.390089045063424,4.175112042490111,2.482088014003299,-0.9526683776410486,-0.0001390443080429,-0.9988968847011238,9.009063913586548,13.179418154583676,5.848925591344167,7.330492563239509,1.6930240284868114,0.9987578403930808,1.2031062978889062,4,,,-1.0410907045984883,0,0.0046639233,0
B0047,173,charge,4,,4.2030107758477655,4.214587782485934,3.484130501117753,0.4122473683405306,1.4927082209317446,0.0002752789875382,6.701880562969103,10.0303131074292,4.850676556136568,5.179636551292633,0.7304572813681802,1.4924329419442064,,4,,,-0.3556976947065108,0,0.0013005686,0
B0047,174,discharge,4,1.1897147112197684,3.3919885847746998,4.195168632438667,2.484545959502679,-0.9591403423116251,-0.0005129100273384,-0.998023029768851,8.958051495293551,12.742282067813369,5.059900934661653,7.682381133151716,1.7106226729359877,0.9975101197415126,1.1897147112197684,4,,,-1.0431925189181213,0,0.0046779565,0
B0047,175,charge,4,,4.203057607303927,4.214698461019103,3.47042287904985,0.4069659179853777,1.4926131817388986,-0.0012922714544621,6.672631498720137,10.54811102432876,4.864080900616465,5.684030123712295,0.7442755819692533,1.4939054531933609,,4,,,-0.3578764120698577,0,0.0016799077,0
B0047,176,discharge,4,1.177422568842014,3.386239960829826,4.19482784099826,2.481724014979985,-0.9554277687381624,0.0004742870029912,-0.998068559065162,8.972563208541265,13.23162562344335,5.25228005674153,7.979345566701819,1.713103826018274,0.9985428460681532,1.177422568842014,4,,,-1.0457067441308234,0,0.0045678327,0
B0047,177,charge,4,,4.203420431681314,4.21468398562654,3.4867059927147284,0.4036938719445325,1.494649072374686,-0.0006067223056828,6.67664074597477,10.171183334420576,4.81540119891112,5.355782135509456,0.7279779929118111,1.4952557946803688,,4,,,-0.3580538187343183,0,0.0013704055,0
B0047,178,discharge,4,1.158443027293818,3.383817098626054,4.194470276921028,2.475682459777723,-0.9577201485364992,-0.0003259377086496,-1.000419995099013,9.037146843138396,12.857920538298638,5.911910142205657,6.946010396092981,1.7187878171433053,1.0000940573903632,1.158443027293818,4,,,-1.0449486812440332,0,0.004489035,0
B0047,179,charge,4,,4.203391763081669,4.214562059464413,3.4834897796480617,0.3993841793905051,1.4949581001858023,-5.2854653959862925e-05,6.677614025426833,11.150433415617073,4.776649551756281,6.37378386386079,0.7310722798163511,1.495010954839762,,4,,,-0.3588081544681435,0,0.0022205992,0
B0047,180,discharge,4,1.1567087516841796,3.3818846696550438,4.194180006661532,2.4992087242533025,-0.957312378021018,-0.000238815255792,-0.9976414843513568,9.009035929017504,12.67528068575023,5.3659263532424175,7.309354332507813,1.6949712824082297,0.9974026690955646,1.1567087516841796,4,,,-1.0473634526016338,0,0.004313501,0
B0047,181,impedance,24,,,,,,,,,,,,,,,24,,,0.27915632115821,0,7.6406475e-05,0
B0047,182,charge,4,,4.208013207373918,4.214567975051148,3.714132242132723,0.3927737393118241,1.4930133834721564,-0.0024312756257353,6.457979061768442,8.682783567615884,4.739005635517922,3.943777932097961,0.500435732918425,1.4954446590978918,,4,,,-0.3663805796431701,0,0.0003436442,0
B0047,183,impedance,24,,,,,,,,,,,,,,,24,,,0.27915632115821,0,7.6406475e-05,0
B0049,0,discharge,4,0.8583727215167135,3.053366988981642,3.8462292855248927,1.992540128455469,-1.991100813305088,-0.000871109149625,-2.020967008916884,13.052857746525287,16.380725919820748,9.276107406369094,7.104618513451653,1.853689157069424,2.020095899767259,0.8583727215167135,4,,,-1.2775517955233195,0,0.0075545013,0
B0049,1,impedance,24,,,,,,,,,,,,,,,24,,,0.27915632115821,0,7.6406475e-05,0
B0049,2,charge,4,,4.185882626065747,4.209837438628564,3.4737536477572712,0.6069042827374549,1.517654380573663,0.0014251039774631,6.633028367412107,8.640244654390354,4.268060502232019,4.372184152158336,0.7360837908712927,1.5162292765962,,4,,,-0.3348987218066046,0,0.0010520288,0
B0049,3,impedance,24,,,,,,,,,,,,,,,24,,,0.27915632115821,0,7.6406475e-05,0
B0049,4,discharge,4,1.4209057149417375,3.2129415422375103,4.162219408853582,1.9882559316714203,-1.83826156002667,0.0016948784926854,-2.0153014084095795,12.628005551626734,20.824132297943244,5.641776754662599,15.182355543280645,2.173963477182162,2.016996286902265,1.4209057149417377,4,,,-1.162560120959971,0,0.029299352,0
B0049,5,charge,4,,4.182883613936776,4.209670580373537,3.5921950934594298,0.5836769038672602,1.51546384240056,-0.0012402590144856,6.8063809228397005,12.204729316419142,4.311493154837748,7.893236161581394,0.617475486914107,1.5167041014150455,,4,,,-0.3336219877069971,0,0.0028057187,0
B0049,6,discharge,4,1.372852133389263,3.184979657873478,4.191097729318615,1.999572792895172,-1.9024015568068968,0.0004569791270123,-2.014855437456021,12.625179528928726,22.127142494646403,5.701047125577017,16.426095369069387,2.1915249364234435,2.015312416583034,1.372852133389263,4,,,-1.1927684679687511,0,0.031210031,0
B0049,7,charge,4,,4.179230651338003,4.20956591193386,3.510169424593631,0.5809858134419952,1.5152870810334107,-0.0026749344635832,6.887514347327035,14.34598003674945,4.26857586879478,10.07740416795467,0.6993964873402296,1.517962015496994,,4,,,-0.3330391543229251,0,0.005237336,0
B0049,8,discharge,4,1.3643742487429145,3.3418301077163908,4.191581344098992,1.9713959702644483,-1.7343383193976387,0.0015804056575776,-2.01601295143096,11.462796138822773,17.45530915998414,4.621748251721727,12.833560908262411,2.220185373834544,2.017593357088537,1.3643742487429145,4,,,-1.1085394102289108,0,0.022355128,0
B0049,9,charge,4,,4.1084930789600165,4.206697192932448,3.7014091535796823,1.506956905975434,1.51500726438423,-0.0018091898236261,8.10258454119928,10.304011295362704,5.89827931978091,4.405731975581794,0.5052880393527652,1.5168164542078562,,4,,,-0.1606756919384073,0,0.0004358157,0
B0049,10,discharge,4,2.378643730568756,3.2625681004485227,4.462470916200919,1.9735165526751877,-2.0045868396237765,-0.0013154972010939,-2.016781837557893,14.669814873687034,20.096309819317955,5.230894088969191,14.865415730348763,2.488954363525732,2.015466340356799,2.378643730568756,4,,,-1.0719148413468482,0,0.101979434,0
B0049,11,impedance,24,,,,,,,,,,,,,,,24,,,0.27915632115821,0,7.6406475e-05,0
B0049,12,charge,4,,4.202240618573202,4.209631208447132,3.699097663509271,0.4459928026999296,1.513107192585558,-0.0005550225755659,6.501715930302891,8.943039713883753,4.018507840744092,4.924531873139661,0.5105335449378603,1.513662215161124,,4,,,-0.3587266811493287,0,0.0007020701,0
B0049,13,impedance,24,,,,,,,,,,,,,,,24,,,0.27915632115821,0,7.6406475e-05,0
B0049,14,discharge,4,1.0605357965671216,3.444775461340988,4.176096603328684,1.9779063196102415,-0.8640775471976618,0.0028795308284142,-2.0159486718933524,10.159724053383584,20.530529696550808,4.389464977318044,16.141064719232766,2.1981902837184424,2.0188282027217666,1.0605357965671216,4,,,-0.93943119936637,0,0.022414615,0
B0049,15,charge,4,,4.201716520939931,4.208918230910855,3.725823904186936,0.4223279308948985,1.514457205505943,9.530481476468952e-05,6.3986373903472415,8.626583928743928,3.99958198567187,4.627001943072058,0.4830943267239189,1.5143619006911784,,4,,,-0.3677723636963387,0,0.00054759794,0
B0049,16,discharge,4,1.0069932376659496,3.226430104098529,4.192152439213644,1.999505796022011,-1.6316825774505053,0.0024219966356886,-2.0165552728134664,12.747809437833528,19.605507267281187,5.509098422652694,14.096408844628492,2.192646643191633,2.018977269449155,1.0069932376659496,4,,,-1.1112229388523596,0,0.019885618,0
B0049,17,charge,4,,4.198839639951087,4.210047291922733,3.703487783355365,0.405731047272794,1.5136384080844898,-0.0020555377900791,6.493040241070202,9.965600373042449,3.942293629595815,6.023306743446632,0.506559508567368,1.515693945874569,,4,,,-0.3686127885911461,0,0.0012771168,0
B0049,18,discharge,4,0.9298775334359536,3.226587700876868,4.19193811929599,1.9998676881173485,-1.5413805979962576,0.0038016990639043,-2.0160269331983307,12.859387226194556,21.578292345131203,6.631161942912828,14.947130402218376,2.192070431178642,2.019828632262235,0.9298775334359536,4,,,-1.0900377007167472,0,0.019895384,0
B0049,19,charge,4,,4.200851819134398,4.208878677945786,3.713937590127096,0.3894575461444083,1.5137739523766185,-0.0017667953562176,6.406022896371404,8.904848438548848,3.960729999979995,4.944118438568854,0.4949410878186899,1.515540747732836,,4,,,-0.3739552689503429,0,0.00069323473,0
B0049,20,discharge,4,0.9232377029483808,3.2214892828227866,4.191932999195206,1.9942412611094629,-1.5480032557315486,0.0019806173998031,-2.015682931257663,12.77865014417398,21.333411676684342,5.752360169193854,15.581051507490493,2.1976917380857435,2.017663548657466,0.9232377029483808,4,,,-1.0980794598185202,0,0.02035577,0
B0049,21,charge,4,,4.200378981723827,4.208950122056826,3.7108530386101566,0.3820131662203919,1.5130228389895746,-0.0015000190448961,6.427516227739803,9.141813044670098,3.970421953563659,5.171391091106439,0.4980970834466691,1.5145228580344707,,4,,,-0.3746870048897961,0,0.00078556,0
B0049,22,discharge,4,0.9053279121173716,3.3410764354812947,4.190969695803424,1.9887929829692836,-1.2679865452905723,0.0020740371989916,-2.015748607797613,11.60077882051404,18.65094643921925,5.267530364129424,13.383416075089826,2.2021767128341403,2.0178226449966044,0.9053279121173716,4,,,-1.0190080394610952,0,0.018973498,0
B0049,23,impedance,24,,,,,,,,,,,,,,,24,,,0.27915632115821,0,7.6406475e-05,0
B0049,24,charge,4,,4.203432106918181,4.208851484817211,3.754990709250449,0.3536609187474114,1.5132897520789272,-0.0004928230891022,6.274644447112395,8.292652311845915,4.012817472657391,4.279834839188524,0.4538607755667621,1.5137825751680294,,4,,,-0.3843490773840337,0,0.00038329005,0
B0049,25,impedance,24,,,,,,,,,,,,,,,24,,,0.27915632115821,0,7.6406475e-05,0
B0049,26,discharge,4,0.8595848360639872,3.064645703434,4.171684324757671,1.99394963168183,-1.9918699549524488,-0.0021481465656871,-2.016079035961751,12.46216600618278,21.206691637037263,6.687214876673814,14.51947676036345,2.177734693075841,2.013930889396064,0.8595848360639872,4,,,-1.2956118303977513,0,0.019015813,0
B0049,27,charge,4,,4.194456609106591,4.208808293442178,3.5907812499125984,0.3611093058316725,1.515400037031019,-0.0015856083809534,6.845690244336657,20.065343798292613,4.012860260680568,16.052483537612044,0.61802704352958,1.5169856454119723,,4,,,-0.3644035436791087,0,0.009432136,0
B0049,28,discharge,4,0.8369614294820705,3.2359600944959555,4.190637849743496,1.997025505884536,-1.4315359583206415,0.0008712855130487,-2.016783294487201,12.68524460660397,21.329570135453707,5.475337257448136,15.854232878005572,2.19361234385896,2.0176545800002503,0.8369614294820705,4,,,-1.0715070040339516,0,0.019894024,0
B0049,29,charge,4,,4.202355360285156,4.209115668568831,3.722670343525695,0.3551071200761232,1.51342792698297,0.0005401514640502,6.392352944065615,8.91193002124825,4.121117713020612,4.790812308227637,0.4864453250431362,1.5128877755189198,,4,,,-0.3797415945435299,0,0.00062532845,0
B0049,30,discharge,4,0.8456824187653132,3.306834813693079,4.1898267739177975,1.990570708799589,-1.282717511127997,0.0028026401539397,-2.0153368862843237,12.070917134385256,18.615958800969327,6.274589960817087,12.34136884015224,2.1992560651182087,2.018139526438263,0.8456824187653132,4,,,-1.0241345665542687,0,0.017295117,0
B0049,31,charge,4,,4.203144818470912,4.209693298226823,3.731851338400336,0.3401176151184201,1.5148818475691228,0.0007086254493898,6.281596305470814,8.55805387197584,3.9597599254989024,4.598293946476938,0.477841959826486,1.514173222119733,,4,,,-0.3866828461216298,0,0.00053264416,0
B0049,32,discharge,4,0.8071214007577537,3.027048731210282,4.190571685709423,1.9874243707218109,-1.99132682330145,-0.0021976488972561,-2.0158427443639826,12.931744232686029,22.131760657764843,5.501426145497583,16.63033451226726,2.2031473149876124,2.0136450954667264,0.8071214007577537,4,,,-1.3002303682912528,0,0.02076903,0
B0049,33,charge,4,,4.195225079766948,4.209721324695355,3.582017258607633,0.353099907888225,1.5145516428660637,-0.0014042140482064,6.809160893810756,20.78988887011446,4.085404544553188,16.70448432556127,0.6277040660877216,1.5159558569142702,,4,,,-0.3669091866746394,0,0.011917935,0
B0049,34,discharge,4,0.7820744360746734,3.0458944536011447,4.18826381558764,1.989251737206632,-1.9900791687971109,-0.0013048173016235,-2.015178417335196,12.53100572898693,21.0797561027406,4.232622819861061,16.847133282879536,2.199012078381008,2.0138736000335724,0.7820744360746734,4,,,-1.3047493973371425,0,0.020773387,0
B0049,35,impedance,24,,,,,,,,,,,,,,,24,,,0.27915632115821,0,7.6406475e-05,0
B0049,36,charge,4,,4.204055643031066,4.2091965198407015,3.742447685364468,0.3319254714241648,1.5129842299003189,-0.0022923873326479,6.253536114234008,8.507140723540699,3.9396371934304506,4.5675035301102485,0.4667488344762338,1.5152766172329666,,4,,,-0.3887631000787834,0,0.00051024946,0
B0049,37,impedance,24,,,,,,,,,,,,,,,24,,,0.27915632115821,0,7.6406475e-05,0
B0049,38,discharge,4,0.7953019444133349,3.0556096413337333,4.162762870031206,1.9868911872895965,-1.9889148395636456,-0.0018541180127632,-2.015693117280659,12.335513729341908,19.66472404691272,6.133487883679988,13.53123616323273,2.17587168274161,2.013838999267896,0.7953019444133349,4,,,-1.306508166688928,0,0.017797375,0
B0049,39,charge,4,,4.196378218382364,4.209637030694581,3.597793525596868,0.3300499399645851,1.513257786439714,-0.0011584407761429,6.713402217923067,18.495153069555503,4.048707680975346,14.446445388580155,0.6118435050977129,1.514416227215857,,4,,,-0.3744184291040899,0,0.005586253,0
B0049,40,discharge,4,0,3.633321533272128,4.19011964495105,3.45435043151442,-1.8455690193556893,-7.280941994823335e-05,-2.014259088676831,7.437341180783139,8.914965140326935,6.13448299056782,2.7804821497591146,0.7357692134366305,2.0141862792568825,0.0,4,,,-1.108571604186451,0,0.0025377523,0
B0049,41,charge,4,,4.191444684412012,4.2273502346156535,3.9464490145109457,0.0537263993377412,1.5103236163644191,-0.0073308116338953,5.94557240836069,8.978269979846104,4.046336775804655,4.931933204041449,0.2809012201047078,1.5176544279983144,,4,,,-0.4605228621566622,0,0.0006097791,0
B0049,42,discharge,4,0.7752051154719997,2.9848405470772863,4.1692630784027385,1.996058976050717,-1.990973959623023,-0.0021169047464473,-2.017126618248215,13.18736744544518,22.347809168975328,4.032381358513863,18.315427810461465,2.173204102352021,2.0150097135017675,0.7752051154719997,4,,,-1.3171345370847911,0,0.021905573,0
B0049,43,charge,4,,4.195839769644171,4.209581886300985,3.5811673842602807,0.33228702348111,1.5132755492546812,-0.0006306530227803,6.758430527045934,20.80014388758556,3.9252684589904216,16.87487542859514,0.6284145020407039,1.5139062022774616,,4,,,-0.3724360408043115,0,0.01275851,0
B0049,44,discharge,4,0.7711865903845158,3.216101228170252,4.186817701935873,1.9811242583835047,-1.4760043090484107,0.001761731592214,-2.016129985116996,12.73854385905339,19.41196098209977,6.563001902336632,12.84895907976314,2.2056934435523687,2.01789171670921,0.7711865903845158,4,,,-1.0903883214403152,0,0.017806722,0
B0049,45,charge,4,,4.202422239139362,4.209803058011147,3.724413599797333,0.3162415586592637,1.5130893564596324,-0.0018134008894081,6.342222767864982,9.380912815683384,3.8742922939045754,5.5066205217788085,0.4853894582138136,1.5149027573490406,,4,,,-0.3888610006710035,0,0.0009066587,0
B0049,46,discharge,4,0.7585098914517947,3.0487042882213067,4.188353148421002,1.991234767471124,-1.9881249898325228,-0.0003158661530391,-2.0162046577360044,12.43174282130699,19.074608803884857,6.653715353599918,12.42089345028494,2.197118380949877,2.0158887915829653,0.7585098914517947,4,,,-1.3068028766856528,0,0.0171397,0
B0049,47,impedance,24,,,,,,,,,,,,,,,24,,,0.27915632115821,0,7.6406475e-05,0
B0049,48,charge,4,,4.204002162553279,4.20887989291294,3.7490278027900303,0.3119493207429108,1.5132219277749774,-0.0012054028258413,6.225045351312692,8.055171095723106,4.036417671295482,4.018753424427624,0.4598520901229093,1.514427330600819,,4,,,-0.3936256188583753,0,0.0002712532,0
B0049,49,impedance,24,,,,,,,,,,,,,,,24,,,0.27915632115821,0,7.6406475e-05,0
B0049,50,discharge,4,0.7349386490499009,2.97408172255637,4.161361064351189,1.992352748796434,-1.9893873144726053,0.0005862349023809,-2.01581049777552,13.382353818734751,22.607671167433093,6.031905884095365,16.575765283337727,2.1690083155547546,2.016396732677901,0.7349386490499009,4,,,-1.3155926485912397,0,0.019540634,0
B0049,51,charge,4,,4.196345841657057,4.209361437335699,3.5759675014136705,0.3335450389627689,1.5138755046255927,-0.0025397440459621,6.75332768057633,20.044998547059947,3.991797647922386,16.05320089913756,0.6333939359220282,1.516415248671555,,4,,,-0.3720933391593238,0,0.009274517,0
B0049,52,discharge,4,0.7366758033690756,3.044469563288436,4.186507738215053,1.9960897948919885,-1.9869251503871836,0.0018671631753728,-2.0160585309963657,12.300881528020009,19.003281636478988,5.761176746152184,13.242104890326804,2.190417943323065,2.0179256941717383,0.7366758033690756,4,,,-1.3150165694793834,0,0.017739797,0
B0049,53,charge,4,,4.197533179703845,4.209757656764884,3.603313645072916,0.3085074001767031,1.5125111964387272,-0.0004607143276221,6.663209267245541,17.9857020755285,4.055000487242899,13.9307015882856,0.606444011691968,1.5129719107663495,,4,,,-0.3796959210266348,0,0.0047813007,0
B0049,54,discharge,4,0.7093946599203638,2.977231196667954,4.188359485457034,1.9999963944412724,-1.9884870151283096,-0.0011126003309764,-2.0163487950701438,13.146013541941878,22.10154579807187,5.952592648948693,16.14895314912318,2.188363091015761,2.015236194739167,0.7093946599203638,4,,,-1.3235036724317266,0,0.019635836,0
B0049,55,charge,4,,4.19707309382716,4.209843486141417,3.5877819140956406,0.3174118443403265,1.5136262984180182,-0.0035516897664713,6.730420611780718,20.695252969232648,4.009518538875253,16.685734430357396,0.6220615720457765,1.5171779881844896,,4,,,-0.375505709789326,0,0.0119804675,0
B0049,56,discharge,4,0.7186465009220309,3.022114915131473,4.185414346041184,1.9911540027307004,-1.9864544147288472,-0.0007286831106421,-2.0153902683188014,12.419820365387574,19.702963463668752,5.005291117104153,14.697672346564598,2.1942603433104835,2.014661585208159,0.7186465009220309,4,,,-1.32462527972185,0,0.01870267,0
B0049,57,charge,4,,4.197665735096728,4.2096235208534285,3.6041413075450737,0.303629512217952,1.5136801734169012,-0.0008750875457789,6.659251860149705,18.49882457924389,3.9749497690019457,14.52387481024195,0.6054822133083548,1.51455526096268,,4,,,-0.3806578890219193,0,0.00567728,0
B0049,58,discharge,4,0.6913885231046639,2.9634989615749228,4.187572397568079,1.9924291348754952,-1.9877745412866723,-0.001017198992986,-2.016217383011093,13.214727037699832,22.293655276575564,6.04278635810774,16.250868918467823,2.195143262692584,2.015200184018107,0.6913885231046639,4,,,-1.329516835894402,0,0.0201975,0
B0049,59,impedance,24,,,,,,,,,,,,,,,24,,,0.27915632115821,0,7.6406475e-05,0
B0049,60,charge,4,,4.204250622533935,4.208976028771842,3.7384626438153536,0.3073502646496339,1.513168860552614,-0.0023855404675934,6.224660354035511,8.381577623449296,4.079350469493911,4.302227153955385,0.470513384956488,1.5155544010202076,,4,,,-0.3943069711509439,0,0.00038575038,0
B0049,61,impedance,24,,,,,,,,,,,,,,,24,,,0.27915632115821,0,7.6406475e-05,0
B0050,0,discharge,4,0.8631448527758341,3.058057702902253,3.818275498868238,2.1766233079901336,-1.967882341520864,-0.0001301223410096,-2.0138841954536875,14.106047002561937,17.700710235479104,9.20464519659275,8.496065038886353,1.6416521908781043,2.0137540731126777,0.8631448527758341,4,,,-1.224985151128004,0,0.0059672273,0
B0050,1,impedance,24,,,,,,,,,,,,,,,24,,,0.27915632115821,0,7.6406475e-05,0
B0050,2,charge,4,,4.178172161401762,4.201697523912593,3.4177220387267897,0.6580302306480035,1.518860670417693,-0.0011308793332652,6.787222693657037,8.988519475833352,4.584099453275956,4.404420022557396,0.783975485185803,1.5199915497509582,,4,,,-0.3241576548252266,0,0.0013651365,0
B0050,3,impedance,24,,,,,,,,,,,,,,,24,,,0.27915632115821,0,7.6406475e-05,0
B0050,4,discharge,4,1.648789607776492,3.2490350549942337,4.158856235580694,2.17499719337362,-2.000046726807743,0.0005544852277982,-2.014864087482442,12.8824732418262,19.05864532227174,5.616949769418875,13.441695552852863,1.983859042207074,2.01541857271024,1.648789607776492,4,,,-1.156890779357716,0,0.032484595,0
B0050,5,charge,4,,4.169173475496997,4.2016429802870885,3.429297380030061,0.6301738794909533,1.519809834029296,0.0010498659736942,7.211415330244377,18.27209899526128,4.502143880000831,13.769955115260451,0.7723456002570273,1.518759968055602,,4,,,-0.316906807847889,0,0.007635198,0
B0050,6,discharge,4,1.601636485397804,3.276984379936998,4.183088539012577,2.1911951483218752,-2.000149531228784,0.0012972011603773,-2.0155624547698805,12.442013542177062,20.111233999456417,5.652675320864224,14.458558678592192,1.991893390690702,2.016859655930258,1.601636485397804,4,,,-1.1573311445470484,0,0.03380042,0
B0050,7,charge,4,,4.169914458210832,4.201819281620566,3.4615359374043364,0.6103376259774111,1.5197429613455926,-0.0004032840015502,7.172556105834922,17.913025033155215,4.494655981181643,13.41836905197357,0.74028334421623,1.5201462453471428,,4,,,-0.3216635968008554,0,0.0065851556,0
B0050,8,discharge,4,1.5517564797427017,3.2890741542906974,4.1834218050176215,2.1942759978640183,-1.999381685199029,-0.0008381528329988,-2.016192178653311,12.067451252934292,20.278735817853075,4.872961637252524,15.405774180600552,1.9891458071536032,2.015354025820312,1.5517564797427017,4,,,-1.165286204376157,0,0.034150433,0
B0050,9,charge,4,,4.039109740656195,4.173548411387784,3.499493932104511,1.5130617722886297,1.5191900360408508,-0.0005325416253436,10.40354472651378,19.44151644994129,8.230705084801555,11.210811365139731,0.6740544792832726,1.5197225776661945,,4,,,-0.1066202377983896,0,0.0053149117,0
B0050,10,discharge,4,0.03255841710834194,4.452558225780352,4.535649473663294,0.3492816607816715,-0.0292842667586465,0.0070248940515891,-2.0134497447946256,5.787557091529866,6.935918101259972,4.128248041576162,2.80767005968381,4.186367812881622,2.0204746388462147,0.0325584171083419,4,,,-0.3093395000529908,0,0.061907496,0
B0050,11,impedance,24,,,,,,,,,,,,,,,24,,,0.27915632115821,0,7.6406475e-05,0
B0050,12,charge,4,,4.510929550006653,4.965837393413679,1.5901265191630394,-0.0024247828997688,0.1572952526611784,-0.0909861431099252,5.872487303398863,6.803015977347506,4.175941165040556,2.62707481230695,3.37571087425064,0.2482813957711035,,4,,,-0.2621834103478427,0,0.007828235,0
B0050,13,impedance,24,,,,,,,,,,,,,,,24,,,0.27915632115821,0,7.6406475e-05,0
B0050,14,discharge,4,2.6401491157387014,3.3355734950869853,4.542426686314755,2.178400890970668,-2.0055567331475808,-0.0023418313489393,-2.018766969100753,15.239769089136006,24.96276210259813,5.066163609661971,19.896598492936164,2.364025795344087,2.016425137751813,2.6401491157387014,4,,,-0.9992352426599704,0,0.19292252,0
B0050,15,charge,4,,4.183886061133019,4.201789201264531,3.4580396077192885,0.5511271454550176,1.5181645320721748,-0.0004011713552166,7.424077038667819,23.597565881764854,4.219430545841599,19.37813533592326,0.7437495935452425,1.5185657034273914,,4,,,-0.3122753879358054,0,0.025444524,0
B0050,16,discharge,4,1.359027658891632,3.2573285012561177,4.180885798287954,2.1918281570306326,-1.9976916428210447,-0.00096620554656,-2.016882367193576,12.391726056611567,19.265522316221983,5.505267020863149,13.760255295358832,1.989057641257321,2.015916161647016,1.359027658891632,4,,,-1.1720684195538915,0,0.021130543,0
B0050,17,charge,4,,4.182552439299808,4.20170214548047,3.5968575229271806,0.502038616576047,1.5183246891631803,0.0003284097893985,7.005094128181653,18.425816857714533,4.175016765015429,14.250800092699103,0.6048446225532897,1.5179962793737818,,4,,,-0.3400215681842969,0,0.0052423226,0
B0050,18,discharge,4,1.3742172692238257,3.2495783074004967,4.184295530413868,2.1945981119604814,-1.9978786539081472,-0.0008078978327771,-2.016230384723665,12.491970904185653,18.66332781758057,6.4376618061725805,12.225666011407984,1.9896974184533869,2.015422486890888,1.3742172692238257,4,,,-1.1729262389435011,0,0.018206745,0
B0050,19,charge,4,,4.183830043689768,4.202093210767584,3.5876894293769497,0.5075576938754999,1.5182102993310402,-0.0018247483069616,6.999608620637289,17.533691485385635,4.15560233120202,13.378089154183616,0.6144037813906338,1.520035047638002,,4,,,-0.3384158848901231,0,0.0044182525,0
B0050,20,discharge,4,1.3528030430821978,3.2675758567757787,4.186758460479898,2.1871747097810523,-1.9973459914842016,-0.0010864412677022,-2.0165268325750443,12.223956310303723,19.24741197475352,5.691397399881454,13.556014574872064,1.9995837506988456,2.015440391307342,1.3528030430821978,4,,,-1.172430672046146,0,0.02078865,0
B0050,21,charge,4,,4.183151960217256,4.201753418576615,3.595170465224532,0.496769484371627,1.5179789330205622,-0.0014107401257347,6.965318664847011,18.40844224657896,4.174418038850789,14.234024207728172,0.606582953352083,1.519389673146297,,4,,,-0.3422844877630123,0,0.005242261,0
B0050,22,discharge,4,1.3607406193458433,3.1510598793508446,4.185256536983114,2.1918823058659096,-1.998781859378724,-0.0019052899181587,-2.017293825164074,13.38638423557352,22.784422727870645,6.282431267421633,16.501991460449013,1.993374231117204,2.0153885352459158,1.3607406193458431,4,,,-1.199894126624326,0,0.028639799,0
B0050,23,impedance,24,,,,,,,,,,,,,,,24,,,0.27915632115821,0,7.6406475e-05,0
B0050,24,charge,4,,4.187190424156094,4.201709031190185,3.645952319080743,0.548700845373642,1.521077871221452,-0.0019260060993068,6.558105841549488,8.948076991654853,4.32276145960839,4.625315532046463,0.5557567121094422,1.5230038773207588,,4,,,-0.3477492321696442,0,0.0005621788,0
B0050,25,impedance,24,,,,,,,,,,,,,,,24,,,0.27915632115821,0,7.6406475e-05,0
B0050,26,discharge,4,0.5268786924650971,3.5669768532640598,4.160830604206153,0.3203299638987588,-0.981190437842449,0.0076620884978671,-2.014695797616069,9.39503756076183,13.887369323051947,6.486912837601938,7.400456485450009,3.8405006403073942,2.022357886113936,0.5268786924650971,4,,,-0.9124830399746268,0,0.1260248,0
B0050,27,charge,4,,4.197157514428664,4.202808184823498,3.886314561027207,0.2006930313162883,1.4102679273603922,-0.0039949264932174,6.061590339930205,8.211988318505453,4.155262753597995,4.056725564907458,0.316493623796291,1.4142628538536095,,4,,,-0.4252487376329228,0,0.00037404327,0
B0050,28,discharge,4,1.4002714246164416,3.252056715450036,4.184284380356375,2.184263094213456,-1.9975116671519328,-0.0004135413432259,-2.0203138964301943,12.718196082251708,17.779357290699473,5.523037677188137,12.256319613511335,2.000021286142919,2.0199003550869685,1.4002714246164416,4,,,-1.1614939283906605,0,0.01908254,0
B0050,29,charge,4,,4.186298895644077,4.202281448498052,3.590492839157278,0.4905833374226251,1.518123308432844,-0.0012480578919688,6.987443847127605,17.07476502645569,4.29336858410561,12.78139644235008,0.6117886093407741,1.519371366324813,,4,,,-0.3403646457719007,0,0.0039485334,0
B0050,30,discharge,4,1.4289274755270827,3.0874838435029104,4.184699738172036,2.1762467490120763,-1.9977018363826191,-2.080941182058583e-05,-2.0182354363143165,14.939082954475598,22.23552363801744,6.154497922963432,16.081025715054004,2.0084529891599594,2.018214626902496,1.4289274755270829,4,,,-1.1750634232586885,0,0.030346932,0
B0050,31,charge,4,,3.6693303978727743,4.937866655277984,0.5331888537892081,0.0039440535809729,1.517444003014535,-0.0082299408247819,6.365166044901881,19.59195319789254,4.16622463380377,15.42572856408877,4.404677801488775,1.525673943839317,,4,,,-0.7972798770834977,0,0.26226106,0
B0050,32,discharge,4,0.07658354174014805,3.527243039562959,3.691318669736286,2.1381406475642324,-0.1977094301032127,0.0010017792081184,-2.0100328722713914,7.209330122235991,10.434223507755965,5.107502494872204,5.326721012883761,1.5531780221720537,2.01103465147951,0.076583541740148,4,,,-0.8914673177468307,0,0.006291038,0
B0050,33,charge,4,,3.84724729330604,4.566139591772816,3.633254617982273,0.1945506102758082,1.5183301939051934,-0.0094013922070595,6.082819296112676,8.961275732612533,4.116874445542678,4.844401287069855,0.9328849737905428,1.527731586112253,,4,,,-0.6572028441786946,0,0.0025565084,0
B0050,34,discharge,4,0.5736933387569048,3.2035526569134523,3.795648723658772,2.1260336204243564,-1.2349850771455335,0.0007884947759117,-2.0132843977975976,12.119721382650448,18.15521296792552,4.427213945189828,13.727999022735691,1.669615103234415,2.0140728925735094,0.5736933387569048,4,,,-1.0818365974126356,0,0.013653105,0
B0050,35,impedance,24,,,,,,,,,,,,,,,24,,,0.27915632115821,0,7.6406475e-05,0
B0050,36,charge,4,,3.7969148093532574,4.363961937151625,3.5832508334845934,0.1185605218642662,1.5174956855001367,-0.0066420587243199,5.965088254336997,8.772663828552755,4.07987900136038,4.692784827192375,0.780711103667032,1.5241377442244566,,4,,,-0.7093044179906035,0,0.001403334,0
B0050,37,impedance,24,,,,,,,,,,,,,,,24,,,0.27915632115821,0,7.6406475e-05,0
B0050,38,discharge,4,0.3014742035427856,3.4168857432287325,3.757656239642927,2.186548090086204,-0.6917680676449821,-8.12706965232208e-05,-2.0132816182317166,9.057556338502184,14.027851994614435,5.371475858985706,8.65637613562873,1.5711081495567232,2.0132003475351934,0.3014742035427856,4,,,-0.9742084544182044,0,0.028992968,0
B0050,39,charge,4,,3.790673514245541,4.333573830787783,3.6245541225567313,0.1141923424632723,1.5178872413243572,-0.0061269659464752,5.958510872587016,8.60650728510539,4.162978461661088,4.443528823444303,0.7090197082310516,1.5240142072708325,,4,,,-0.7145087369973236,0,0.00087636214,0
B0050,40,discharge,4,0,3.322716204974352,3.757429844123109,3.2123720225635264,-1.843513884384404,-0.0003280551663796,-2.0120442634592437,7.604996558081503,9.290927916610505,5.999408447664574,3.2915194689459293,0.5450578215595829,2.011716208292864,0.0,4,,,-1.3067199399045777,0,0.0028274427,0
B0050,41,charge,4,,4.19064136354875,4.201663064010702,3.65986045671152,0.4813319477441049,1.517313246922228,-0.0011215418528594,6.597052575484162,9.194768093407642,4.314475120867791,4.880292972539851,0.5418026072991822,1.5184347887750875,,4,,,-0.3559382848190295,0,0.0006738169,0
B0050,42,discharge,4,0.17956542632321462,3.290574483611846,4.171560623651518,0.1970552492968445,-0.3449244129710352,0.00940416994131,-2.014103231474595,7.204792493597744,9.918067818733402,4.322848390943331,5.595219427790071,3.9745053743546737,2.023507401415905,0.1795654263232146,4,,,-1.0749649451437189,0,0.078392334,0
B0050,43,charge,4,,4.064028066406388,4.565833575334697,4.059169037068682,-0.0012660013412585,0.8990280144084165,-0.0075154790334386,5.785425978653488,6.73523647444828,4.106336247810779,2.628900226637501,0.5066645382660147,0.9065434934418553,,4,,,-0.5617168961741686,0,0.0019450599,0
B0050,44,discharge,4,1.179168781562907,3.210764993027875,4.062962069472706,0.1927377074618698,-1.9854902626239652,0.0037686521621014,-2.017632920268886,12.058448732368104,19.262784970646152,6.381610401948285,12.881174568697867,3.8702243620108367,2.021401572430987,1.179168781562907,4,,,-1.2150352541720586,0,0.12450952,0
B0050,45,charge,4,,3.668569438839389,4.98491032990907,0.4506132802419759,-0.0015907372300187,0.0042738694023846,-0.006875639504867,6.276883624201458,18.068073182990968,4.031554643102445,14.036518539888522,4.534297049667094,0.0111495089072517,,4,,,-0.8025769371768059,0,0.28194454,0
B0050,46,discharge,4,0.0961913170505672,3.520738945664212,3.705386395014377,2.1295104990476927,-0.2895802350133808,0.0007872900400683,-2.0114062797913776,7.604057088612014,10.698614481562748,4.6612470313829695,6.0373674501797785,1.5758758959666843,2.012193569831446,0.0961913170505672,4,,,-0.895374824701288,0,0.009013154,0
B0050,47,impedance,24,,,,,,,,,,,,,,,24,,,0.27915632115821,0,7.6406475e-05,0
B0050,48,charge,4,,3.793541277710899,4.325191821778643,3.668177564273893,0.101186161916101,1.517621291370977,-0.0068081567004856,5.912334301999461,7.746266472901853,4.115810785937205,3.630455686964648,0.6570142575047497,1.5244294480714626,,4,,,-0.7169397271336655,0,0.0008379397,0
B0050,49,impedance,24,,,,,,,,,,,,,,,24,,,0.27915632115821,0,7.6406475e-05,0
B0050,50,discharge,4,0.27808517709104497,3.351098653030788,3.763545734911403,2.199179035422044,-0.730533269815449,0.0009899673190403,-2.012015024168927,10.185710952125977,15.425941131175092,5.941784298170032,9.48415683300506,1.5643666994893597,2.013004991487968,0.2780851770910449,4,,,-0.9762772596733782,0,0.030621978,0
B0050,51,charge,4,,3.546351637604784,4.739836483049495,0.39199957590844,0.2443000050636025,1.517780183735596,-0.0073577377252537,6.144285312973134,8.921226777944328,4.099312142325148,4.821914635619181,4.347836907141055,1.5251379214608498,,4,,,-0.8448838718100997,0,0.07559665,0
B0050,52,discharge,4,[],3.40018711839692,3.818979027069523,0.4130567628886104,-0.0026691029202025,0.0019697582279572,-0.0056342576621893,5.65936924570859,6.6283285313681,4.145554558318415,2.4827739730496843,3.405922264180913,0.0076040158901465,,4,,,-1.0070759813259669,0,0.014886846,0
B0050,53,charge,4,,1.2524581441216311,4.816273558223709,0.3109335515977474,0.0257431252668478,1.5154499510915838,-0.0067772266351502,5.805565399286071,6.785273247456854,4.097021183739643,2.688252063717212,4.5053400066259615,1.522227177726734,,4,,,-2.4181912000514614,0,0.06816043,0
B0050,54,discharge,4,[],0.2966779489160762,0.3599544547321904,0.2699084666247476,-0.000204816099594,0.0023806806614454,-0.0031944628257135,5.884714514591004,6.566309956548845,4.278658411930267,2.287651544618578,0.0900459881074427,0.0055751434871589,,4,,,-3.0525180887805963,0,0.0006301557,0
B0050,55,charge,4,,0.2932807595789774,4.984979600377206,0.2638030164757614,0.0007972921691598,0.0042571554455708,-0.0037633257665014,5.758432319801279,6.608959383186557,4.133846276049266,2.4751131071372905,4.721176583901444,0.0080204812120723,,4,,,-3.060015868753029,0,0.01908612,0
B0050,56,discharge,4,[],0.2419777315173317,0.2492950753551196,0.2339836210065135,-0.0003686155594945,0.0036371072006491,-0.0027701520947664,5.647486022663556,6.606324237240683,4.256497460341938,2.3498267768987446,0.015311454348606,0.0064072592954155,,4,,,-3.0989752586461954,0,0.0006663013,0
B0050,57,charge,4,,0.2825106263952931,4.984727527208256,0.242475090323724,0.0008904327984676,0.0046781913157522,-0.0032543437321747,5.742525284952134,6.591699325981453,4.063102223380155,2.5285971026012977,4.742252436884532,0.0079325350479269,,4,,,-3.067816329693636,0,0.019830806,0
B0050,58,discharge,4,[],0.2347227633226908,0.2459800772270432,0.2259955398929921,-0.0003350898998805,0.002348216855097,-0.0022529445382954,5.894264423762076,6.577509402056284,4.285879485827624,2.2916299162286604,0.019984537334051,0.0046011613933925,,4,,,-3.093166364085329,0,0.00062544056,0
B0050,59,impedance,24,,,,,,,,,,,,,,,24,,,0.27915632115821,0,7.6406475e-05,0
B0050,60,charge,4,,0.2806422779695136,4.984675144438856,0.2520502401551215,0.0008570172502585,0.0048852755912999,-0.0044031182421403,5.733560288507886,6.563201825419449,4.16102748261611,2.402174342803338,4.732624904283735,0.0092883938334403,,4,,,-3.0694452066580085,0,0.019266214,0
B0050,61,impedance,24,,,,,,,,,,,,,,,24,,,0.27915632115821,0,7.6406475e-05,0
